station_name,mean,count
SCMN,158.98043478260868,460
MOU,142.10177357865075,6033
CKP,134.40098166200832,14669
SWR,134.25932786451443,3779
CTHR,133.77295568752857,2189
DMF,133.4331450094162,531
SRC,132.73078311079033,19397
KRMD,132.53131313131314,495
GOL,132.41331459687336,5693
CIH,131.74280230326295,4168
PRZ,131.56611471082314,4167
AWS,130.88175046554935,2148
BRJN,129.8601177003169,6627
TKYR,129.65143901324805,2189
KPB,128.81664380429814,2187
KSNR,126.37236160892076,2511
SAGM,125.45682960255824,2189
MKD,125.321608040201,2189
RIG,122.26505467426459,12986
DKAE,122.17719021310181,2534
BBW,121.80220037453184,4272
KTHA,121.58464701850582,1459
VKNR,121.45979299363057,2512
GPC,120.89331501831502,2184
UNLA,120.22373040018722,4273
MRKL,119.82456140350877,399
GRRG,119.62366092221704,2147
BZR,118.96852871754524,2542
BELD,118.75085792724776,2914
MNDK,118.6842105263158,399
BNE,118.4334248455731,2914
BNSP,118.00068540095955,1459
BMR,117.83058608058609,2184
UB,117.65464126469396,4934
KVG,116.95156695156695,702
CAMU,116.65301106104056,2441
MUUA,116.64298401420959,3941
BRMP,116.31535269709543,482
JKAR,115.16791979949875,399
CAPG,114.68338323353294,1336
BPH,114.12507507507507,6660
LTK,114.02448210922788,531
GANG,113.54131054131054,702
SAGR,113.15811965811966,702
JDPR,112.95407407407407,1350
MNU,112.74257884972171,2156
KWN,112.63404452690168,2156
SINI,112.12109129066107,9530
BRGT,112.10329444063143,2914
ROU,112.07181989385379,23364
JDGP,112.03892215568862,1336
HATI,111.99383139136395,1459
TAR,111.96728187919463,3576
CHCR,111.96224832214764,3576
BMJ,111.53911354405793,5663
LGRE,111.09668508287292,362
MKTL,110.95488721804512,399
GJ,110.70454545454545,2156
GH,110.34494153533299,3934
GP,110.31085632389825,13955
KKAH,110.08119658119658,702
LPH,109.99309478970495,1593
STF,109.80860131731887,2581
SKT,109.64652486112993,7381
KKB,109.42882096069869,3435
CKU,109.00771645304735,7646
RUM,108.88538681948424,698
LGCE,108.70801919122687,1459
BANI,108.60601719197707,698
CGTA,107.98895027624309,362
RKSN,107.91797424521155,9241
MMDP,107.81407407407407,1350
HIS,107.80666666666667,1350
TLKH,107.76361031518624,698
TUX,107.66498316498317,2376
CK,107.65309200603318,663
RRL,107.63870246085011,3576
MYGD,107.45958083832335,1336
ADL,107.44323144104804,1374
KHAT,107.35934004474272,3576
KHS,106.35192083818393,8590
YDLP,106.31491712707182,362
DJX,106.21490769766632,2871
MLJ,106.04749340369393,758
BLV,105.90027447392498,2186
KOKA,105.03020134228188,3576
DOI,104.70209580838323,1336
SAL,104.63582778062532,3902
BLPA,104.616,125
JGJ,104.60744985673352,698
JTIN,104.46518518518519,1350
PST,104.431344356578,1391
ULB,104.39850817330583,6301
GKA,103.93412625800549,2186
MRJD,103.36505032021958,2186
BGTA,102.93177655677655,2184
SOT,102.9103178058337,6891
GMD,102.83870967741936,2914
BHTN,102.73765093304061,3644
KNHN,102.45159326161965,4927
MXW,102.19736147757256,1895
GTS,101.824122236671,9228
DRWN,101.82407407407408,2376
TGDE,101.69337016574586,362
KAV,101.49156675472464,4921
BMB,101.07577232893689,11297
GHAA,101.0614478114478,2376
LTG,100.75898203592814,1336
PATI,100.49975037443835,2003
KNLI,100.34126258005489,2186
JEA,100.16981132075472,7367
SRSO,99.37777777777778,1350
BDS,99.2559880239521,1336
BUA,99.24057287889775,5516
MIM,99.21607117638752,7081
PSPH,99.10018298261666,2186
SHJP,98.67335243553009,698
JRA,98.3040482342808,2322
SQL,98.17032967032966,2184
JLHI,98.08735632183908,1305
SHM,97.79117778107828,6733
BPV,97.71781437125749,1336
LKNR,97.58562156764853,2003
JSG,97.57144124168515,22550
SDDN,97.00618955512573,7755
GDK,96.3970473970474,1287
MR,96.31982942430703,1407
CM,96.27886992348441,8495
NKPU,96.24074074074075,1350
PJB,95.71658660638599,3539
TUD,95.70356408498972,2918
SKS,95.66609050911376,6364
CJQ,95.6195856873823,531
NPTY,95.45454545454545,1144
MME,95.39608636977059,2964
GDM,95.21305453517942,3539
KEZ,95.1532396297566,2917
BEH,95.10684312459651,6196
BNY,95.05184985147179,7406
HHG,94.9173525377229,2916
BUU,94.72069597069597,2184
MRDG,94.35390946502058,1458
BTL,94.33992653291891,3539
ORW,94.24201596806387,2004
WDG,94.22275531185744,2918
DKS,94.2028740490279,3549
MOTG,94.16858237547893,1305
NNPR,93.90285714285714,1925
KZA,93.74887411537637,4663
NGS,93.45179063360881,726
TPB,93.42054794520548,730
DEW,93.407813570939,2918
CRV,93.35928143712574,2004
AWH,93.06614119259767,2918
PKRD,93.06501831501832,2184
BRU,93.03374447288806,4297
TATA,93.01622039134912,31072
LER,92.94005641748942,1418
AJU,92.89102124742975,2918
BMP,92.71658670322138,2918
DNL,92.71121785815203,3539
JGM,92.57355738744451,9462
SNV,92.54180945853324,2918
BLG,92.36111111111111,360
NYRH,92.29565868263474,1336
CRWL,92.125,720
BOT,92.0426997245179,726
ROL,92.02878684030158,2918
GOVR,91.99850299401197,2004
SYE,91.92049348869088,2918
BNDM,91.87399193548387,2976
GUD,91.84079822616408,4510
SVG,91.76648351648352,1456
KMND,91.5281207133059,2916
PTWA,91.48100686498856,2185
KYW,91.46337662337662,1925
MHBG,91.4543429844098,1347
BALR,91.44174265450862,1974
SNC,91.41202185792349,2745
HQR,91.23695054945055,1456
AHU,91.20044543429844,1347
NOR,90.92065868263474,1336
MLBZ,90.79640718562874,1336
CBD,90.75822368421052,608
BXHT,90.74897119341564,1458
BUF,90.70809792843691,531
GPH,90.46846497186105,5153
MHBZ,90.44246473645137,1347
NHLG,90.4398127507802,4486
GNL,90.36086360520905,2918
PJ,90.35579989004948,9095
SBZ,90.14724385859796,6676
VRN,90.07762557077625,657
MIR,89.93240093240094,1287
JUR,89.61491628614917,657
KMH,89.61491628614917,657
MJHR,89.37800687285224,1455
CPDR,89.31784783123963,4219
LBW,89.22465753424657,730
BFQ,89.19718792866941,2916
PNYA,89.16100511865984,4298
KGP,89.00029829227671,40229
MUM,88.94520547945206,657
HDM,88.72711690092561,2917
DDCE,88.62039215686275,5100
CLPE,88.57534246575342,657
KMQA,88.43531202435312,657
CPH,88.32517482517483,16874
KYM,88.16776556776557,1365
BRD,88.07291742319704,13769
AHLR,88.07142857142857,1974
GHT,88.03108003108004,1287
AGN,88.01005377601122,8554
KTDD,88.00824742268041,1455
SUJ,87.91608391608392,1287
PNHI,87.85635738831616,1455
RCRA,87.85447449121828,3587
MVKR,87.84806244772791,3587
RJ,87.84806244772791,3587
TWI,87.82242029482344,2917
KMHN,87.80278884462152,502
CPE,87.77401129943503,531
G,87.74753990455817,30385
KXN,87.74587458745874,2424
NAB,87.66276346604215,3416
SCKR,87.61033919084593,4894
PPC,87.28240223463688,7160
SBD,87.2429411764706,5100
MQN,87.14346140289038,2837
MRDA,87.06854009595614,2918
BEHT,86.99263690750115,2173
GII,86.76283748014822,3778
LHNR,86.72054794520548,730
GLMA,86.71732817037754,2066
KKHT,86.58399696624953,7911
UMNR,86.5510447761194,5025
PPO,86.44270072992701,2740
GKC,86.38448344108721,7579
CAF,86.3299377475948,3534
ARD,86.31417437895762,4106
TIL,86.28396515187191,4247
MAZ,86.2030642579465,4373
SFC,86.03978999723681,3619
RCGT,86.02194787379973,2916
DEMU,85.98285322359396,2916
CKG,85.86247086247086,1287
JKO,85.84779299847793,657
TKS,85.73996569468268,2915
BRBS,85.72549559471365,3632
LAK,85.70114678899083,4360
LOG,85.58556701030928,1455
RLO,85.52663622526636,657
PSJ,85.48964218455744,531
GIR,85.43509615384616,1664
ARNG,85.41329677861549,2918
AKJ,85.39769452449568,1041
BSNP,85.35657370517929,502
GSPR,85.32176470588236,5100
BTK,85.31797752808988,3560
WSA,85.24666666666667,3750
MWG,85.08875942426319,2918
BUL,85.05405405405405,1332
KLG,84.95038295038295,3003
HGH,84.91450528338136,1041
DKC,84.82622488544237,2837
KMMD,84.79677861549006,2918
CSA,84.75759051794122,6159
GRO,84.70421245421245,2184
HIR,84.553340374967,7574
KUI,84.5223880597015,1407
DOE,84.50726915520629,5090
CTQ,84.46947873799725,2916
MCA,84.40943396226415,10600
AGMN,84.23851478917558,1589
KATB,84.1923076923077,3744
HNDR,84.16843910806175,2915
TRS,84.08317532549614,7911
JKI,83.9908001115138,3587
BST,83.97426978818284,22425
MFL,83.82068965517242,1015
ANDN,83.7110130504178,10651
BUG,83.57398995935931,8366
KOLE,83.5368782161235,2915
LPW,83.51547253972679,3587
BRCK,83.44597701149425,1305
BWP,83.26986301369863,730
TLT,83.26672777268561,1091
TFGN,83.2542194092827,1896
DPL,83.22875264270613,4730
HIJ,83.05091130012151,8230
BEA,83.04922566371681,10848
MFX,82.75189003436427,1455
BRTA,82.59203980099502,1206
TMR,82.58362224379421,14422
MND,82.54462326261887,2734
BRM,82.26447534766119,3955
MMLN,82.25111492281303,2915
JER,82.22328848436882,10108
HGR,82.2025925925926,2700
BNGY,82.12780828756864,2003
LXD,82.1060458313018,4102
ASH,82.04729148753225,10467
NVA,82.03670668953689,2915
MHBA,81.89080856945404,2894
JSR,81.77510040160642,1494
BTS,81.71844660194175,6386
WDM,81.71121521080187,3629
KKPR,81.57402406088877,4073
JLL,81.51466519092418,3614
MMV,81.30471584038695,5789
IDGJ,81.25704467353953,1455
KP,81.11781713046621,11068
BFF,81.03975325565456,2918
MIH,80.87361111111112,720
PAP,80.80218884619863,8589
BTKP,80.6119027661358,2386
KNM,80.59909790395331,3769
GMIA,80.54397610355127,3013
GRCP,80.50034270047978,1459
NES,80.4893917963225,2121
TRO,80.44207587869559,7881
MJG,80.3942827261635,5737
UCH,80.3681592039801,1206
DPUR,80.33790267306374,1459
CCBG,80.32727895819055,2918
BRG,80.26593305823017,2181
LSX,80.22687764653443,4487
YGD,80.21917808219177,657
KCKI,80.1127708815485,4753
GDGN,80.04582951420716,1091
TSR,80.00574138791812,4006
CNF,79.96021038188886,4373
TH,79.87271280827366,2514
GAW,79.8676268861454,1458
JBG,79.8167495854063,1206
DSKG,79.79553370211022,4881
GRNA,79.71120246659815,2919
NSI,79.6890243902439,4100
RHE,79.58869315854159,4882
NCBD,79.57917675544795,2065
SBM,79.5667206915181,5553
SWC,79.53646269907796,2386
GLU,79.37794117647059,1360
RGT,79.35013391770148,4107
DVM,79.34425427872861,4090
JKH,79.3167495854063,1206
GMR,79.21304911082322,8491
NERI,79.17081260364843,1206
HMP,79.13101160862355,1206
SDAM,79.00854700854701,1287
BDYR,78.94513031550069,1458
NRP,78.86237727910239,5704
MAHO,78.85489220563848,1206
TMHA,78.822,500
HKG,78.8107439874129,4449
GMI,78.80191912268677,2918
RGL,78.79115511551156,7575
KPE,78.76322115384616,1664
MXY,78.6579849211789,1459
RJY,78.6417927891077,34226
BRGA,78.58965734706747,9514
NWR,78.54945054945055,3640
RLL,78.50989345509893,657
TNR,78.36438544289311,4369
ITE,78.30932784636488,1458
ADTP,78.29561231172234,7635
NRA,78.23659673659674,2574
BHKD,78.0076817558299,3645
SDM,77.93372943327239,2188
RRNH,77.92326139088729,2919
IMLI,77.83258196721312,4880
AGV,77.80243337195829,3452
VML,77.77016742770168,657
ANV,77.75993458708095,12230
JMM,77.67043508050702,2919
PDO,77.65822784810126,1817
MHH,77.57728299451436,3099
BRMO,77.57172271791352,2914
SPRN,77.56931060044478,1349
DGG,77.53664363659844,15487
BHME,77.51677067082683,2564
YLM,77.47201632828445,9309
GPY,77.45966514459666,657
BJIH,77.45506257110353,7911
UPD,77.42230347349178,2188
SSNS,77.33813677158388,7911
NMBR,77.33809639137806,4129
APL,77.32133058984911,2916
RJN,77.3170610897083,18170
TGA,77.30650804758572,8574
STJT,77.20104633781764,4014
SBDP,77.18983807928531,3582
JTW,77.09187526220109,7151
RPR,77.04468586655734,9757
VTM,77.00241420934644,5799
SYU,76.94327894327894,1287
REG,76.92941176470588,1360
SANR,76.67854001759015,2274
BRPL,76.63220645940235,6626
TUNI,76.61868037703513,15171
BGVN,76.57343270495397,2281
KPU,76.46575342465754,657
DNT,76.45668316831683,4848
RNQ,76.43396226415095,4876
AHZ,76.42445054945055,728
KSIH,76.40712816997944,2918
PPE,76.37529137529137,1287
SYA,76.319318971508,2878
SNS,76.2158774373259,2154
NITR,76.18017462763225,9735
BEG,76.17073170731707,902
SLO,76.1000909599776,28584
NKU,76.02295306611853,2919
PGC,76.01012717852096,4246
BDKN,76.0,728
KPS,75.9389406571849,4078
BEHR,75.88358516483517,2912
SANH,75.75974323704723,2181
TNNH,75.74614594039055,2919
KHM,75.74230430958663,2274
BRWD,75.73793253064323,9219
DURE,75.68621399176955,11664
MGI,75.67328767123287,2920
RAMR,75.67055167055167,1287
APT,75.66497040191089,9629
DXN,75.65093226339391,4237
SYW,75.60851648351648,728
SHNG,75.57967032967034,728
BJT,75.53713346122225,3649
GAUR,75.51120624527827,3971
SLNA,75.48665798893589,6146
SXN,75.48170128585559,2022
DWP,75.43441419048695,8851
BIRL,75.42123287671232,1460
TDP,75.34922394678492,902
BBD,75.34188817598533,1091
AMLO,75.2481684981685,2184
GKJ,75.24028941355674,2626
KKMB,75.22031122031122,1221
DTX,75.18998628257887,1458
BTQ,75.14184797965527,3539
GAI,75.04969135802469,3240
MMDL,75.01027749229188,2919
ADTL,74.92804323094425,3516
BKH,74.92140825035563,5624
MFH,74.86759142496848,1586
BRQ,74.86552217453504,2796
BNPR,74.83813443072702,729
KUF,74.78381374722838,902
BLS,74.78119704205824,25964
KKQ,74.76235516670607,4229
IB,74.75518518518518,2700
DHT,74.73267326732673,5656
NWC,74.6840811309158,4881
BRA,74.65053571428571,5600
KSO,74.63927048792041,4222
BWH,74.6250235183443,5315
DAQ,74.56870937790158,2154
JNK,74.5505617977528,1424
DIL,74.52051582649473,853
KHQ,74.51408934707904,2910
RBD,74.44783118405627,853
HD,74.44712845944649,12502
PDT,74.34349416477966,5741
ROA,74.2760959470637,6045
BPE,74.27532340737125,4097
REI,74.21959694232106,2878
MGME,74.21160409556315,4688
PPK,74.12675573826652,2919
RAY,74.11479289940829,5070
MST,74.07317073170732,902
PSZ,74.06851192107426,3649
KAR,74.06762749445676,902
KQQ,74.0332239540607,2438
DEOS,73.99603858880552,21457
LTHR,73.98367555158781,7841
CJM,73.9697912852435,5462
DUBH,73.9659268521413,3199
CHBS,73.85576923076923,728
SIPR,73.83368509919798,2369
HRGR,73.81468282252317,1403
AIG,73.80155210643015,902
DTV,73.6228793019874,2063
PSR,73.59754969949145,4326
HPO,73.58932639114872,6146
UGD,73.5843621399177,2916
ANB,73.50794585050029,5097
HIP,73.49413489736071,5456
DMBR,73.46153846153847,2184
BGH,73.39911308203992,902
GLP,73.3929450369155,2438
NUQ,73.35340593636558,4683
PUS,73.33705426356589,3225
MLKA,73.31039325842697,1424
JJKR,73.29913860610806,20432
CPJ,73.25029456320485,11882
JRQ,73.21727210418095,1459
SUBR,73.10295126973233,1457
TRZ,73.0098330665447,4373
DAG,72.95039736914224,3649
KNPS,72.92696629213484,1424
KLRE,72.9264544456641,6377
KFT,72.91561856848845,4373
LKN,72.9148808090537,8306
TEG,72.91071428571429,728
SPF,72.88374485596708,2916
NYA,72.85377656217126,4753
DNEA,72.81364468864469,2184
SV,72.79773816726393,21487
CDBN,72.78969072164948,2910
DMG,72.75913742690058,2736
LNO,72.75479452054795,2920
BANO,72.75436650956473,3607
DPS,72.74713132171696,2353
TLWA,72.71828032156589,5722
DKU,72.65301563663441,1343
MPF,72.59835503769705,1459
BGU,72.55405655146923,5411
TB,72.52387486278815,3644
BKRO,72.48795572916667,3072
SSRH,72.44888342552755,4881
TMLU,72.41445562671547,1093
MOA,72.40341221794166,1817
GKP,72.367105917454,40220
PPW,72.31486880466473,3773
JTB,72.25677419354838,3100
CNPR,72.22683596431023,2914
VKD,72.21876314682373,4754
DTO,72.21301175516822,9868
BV,72.15719714524052,10789
OLP,72.1483606557377,4880
AMRA,72.14784394250513,487
PGL,72.10178817056396,1454
RHR,72.05213812028356,4373
VDNP,72.04939626783754,3644
SLT,72.04626445764302,3199
CTC,71.99010277883518,34151
BAM,71.94030237580994,23150
SUA,71.92402283706632,4554
SIPA,71.84269662921348,1424
AKT,71.81255864308913,13855
TABU,71.81109550561797,1424
KKW,71.7967296729673,6666
KKJ,71.78546307151231,853
PORA,71.72834372834373,1443
PTRU,71.71421852955008,6379
SHKY,71.6969111969112,4144
SGAM,71.67946824224519,2708
TPK,71.6755829903978,1458
ROP,71.61604038137969,8915
SIHO,71.60987808690216,3199
BYN,71.58501331304679,5258
BYP,71.5802415875755,4636
BSI,71.57544581618656,1458
KLGR,71.56786703601108,722
TKMG,71.5584612469206,5277
CMR,71.53707553707554,1443
BSP,71.49567146806343,27492
NDLH,71.47128378378379,4144
TBN,71.41799046862589,5036
AWPR,71.40476842970676,3649
KRV,71.4039780521262,2916
JAN,71.34981684981685,2184
MSW,71.31621208258986,7846
MJNS,71.31067961165049,412
CAC,71.29445664105378,3644
KEPR,71.29061784897026,1748
ADX,71.27171376717656,3857
SHEO,71.23848238482385,3690
KPGM,71.22759116220585,5567
KLD,71.18596835177146,14282
KHBJ,71.18316100443131,2708
DMO,71.17849025974026,12320
DKLU,71.16597701149425,2175
PNPL,71.13023560209425,3056
BCPR,71.1298986023568,3649
ILO,71.12911084043849,821
BKLA,71.11610076670317,1826
BGS,71.11114627841958,18957
PQH,71.09904043865662,2918
RIGA,71.08715113217482,3798
KSR,71.00983606557377,610
PRGA,70.97356557377049,4880
KHGP,70.90715667311412,4653
GLPT,70.90497630331754,4220
MGPA,70.8975155279503,1288
SOU,70.89586979348968,5714
SORO,70.8125925925926,9450
SGP,70.8125080261975,7787
ORGA,70.80950360627916,2357
BPF,70.76358267716536,5080
CDRL,70.75549450549451,728
ABSA,70.7097602739726,3504
TWG,70.68690265486725,5650
GBX,70.68091998704243,3087
KWC,70.66182515757743,3649
VLG,70.65929565929567,1221
DKI,70.64511691884456,1454
BNKM,70.64134105161601,4146
KHE,70.59985369422093,1367
SUDR,70.56029908345393,4146
KHF,70.41903787103378,4885
BLGR,70.4130796231295,10826
TKPL,70.39438008380577,4057
PSN,70.38694638694639,1287
KMHT,70.38141025641026,2184
SGO,70.36210976261354,13101
BBPR,70.3610248447205,1288
WGJ,70.35851648351648,728
TKV,70.35836782968657,3382
THJ,70.3218520609825,1771
DHP,70.26378896882494,2919
SEG,70.22403648131804,13596
NRPA,70.22319474835886,3199
MHP,70.21704576596328,3649
SGRD,70.20855758880516,3716
TSF,70.20556107249256,2014
SLBN,70.18505825908156,1459
NGRD,70.17114162738267,4879
MKU,70.14089016970861,15615
RRME,70.13357166070848,3077
SPHL,70.05801104972376,362
PHN,70.02691238847447,6837
BXR,69.98267978921265,25808
BHSA,69.98246094820499,3649
KH,69.96674057649668,902
BTA,69.8707981740213,14458
KRS,69.86213161081955,4954
DDM,69.8565808297568,2796
MMB,69.82571996027805,2014
SIJU,69.75890410958904,730
FNO,69.73811239193084,5552
PRSL,69.71661409043112,1902
GAR,69.70854225544717,10969
JGF,69.6881425633996,1459
BAPN,69.60950624871953,4881
CW,69.57861511146183,5069
KTRH,69.54711802378775,3279
JGBR,69.54166666666667,2184
MHRN,69.51685393258427,3382
TLR,69.49868819374369,4955
ZNA,69.46836442601915,10131
JPAH,69.43698630136986,1460
RBZ,69.33855216245543,6451
ZRDE,69.31365790607497,4642
CHGA,69.29837067209776,1964
UTA,69.28030303030303,528
GRH,69.23047473200613,5224
GHQ,69.2166993677785,4587
GMH,69.1840057464384,8353
KDRA,69.16877058177826,3644
UPW,69.15416238437821,2919
NU,69.15024458420685,15741
SKLP,69.14052795031056,1288
SZF,69.07520604395604,2912
TLHR,69.02564102564102,4524
SXX,69.00138504155125,722
JGA,68.98665395614871,4196
TORI,68.9636428656574,8389
SRMR,68.96150696150696,1221
KYX,68.94992947813822,1418
EE,68.94890233069667,23641
CAER,68.93228346456694,5080
TRDI,68.8871736662883,4405
SKJ,68.84962904080551,7548
SQS,68.84237637362638,2912
CAO,68.80865957998445,3857
KDTR,68.8041032428855,3022
DLQ,68.8030303030303,528
BDMA,68.78084997439836,3906
TIGJ,68.76744186046511,172
SOPR,68.69125179266544,4881
IDL,68.69099006509079,2919
NKE,68.67184066907647,14109
RMNR,68.66483516483517,728
ARG,68.64372054906781,4881
KGG,68.64013867788555,25671
NIA,68.62456396527946,12327
BTX,68.59229711141678,3635
MABB,68.5320631018234,4881
DIWR,68.48168498168498,2184
KMZ,68.46964828484586,11515
SOGR,68.40188772975658,2013
CNX,68.39380652233488,3649
TMD,68.37936458005662,3179
JKE,68.2778058645096,3956
SRID,68.26961594555178,10285
KRTA,68.19642857142857,2912
TTU,68.12979890310785,2188
NNR,68.11653786707882,6470
JLD,68.08883869753436,5313
KVQ,68.08585164835165,2912
HYT,68.07479520360917,8423
PNPN,68.06817645671148,4239
GGB,68.06652512384997,1413
BCJ,68.04361263736264,2912
BNBR,68.03903535663193,4893
MUR,68.02033668512033,17702
GMX,67.99931459904045,1459
CLJ,67.98159617766767,5651
TDD,67.95397008055235,18249
BNB,67.86944314459522,4274
NRZB,67.8550289017341,4325
DPNR,67.75490573297422,2599
AKNR,67.74610974610975,1221
NUGN,67.72876712328767,730
MAKR,67.72409099747229,5143
MINJ,67.68153607447634,2578
QXR,67.68032128514056,1245
THB,67.66927670869276,7535
GVN,67.53741339491917,4330
PPI,67.50989172949379,17641
DHA,67.4965842550423,6148
HRF,67.47654320987654,1215
JLT,67.47636530518587,2179
LVR,67.47498852684718,2179
PDPR,67.47452960073429,2179
MSGR,67.44246575342466,730
DBG,67.42577684147167,26582
THVM,67.4166915052161,6710
BPP,67.40205942924389,16995
KENP,67.37397260273973,730
LLTG,67.37260273972603,730
MNMA,67.3708904109589,2920
GEB,67.30614805520703,4782
PRWD,67.29343807763401,2164
DMR,67.28248259860788,3448
ANG,67.26843242227858,10647
BJPD,67.2,730
VPO,67.1700489853044,1429
TNGI,67.16506348595614,2599
BYT,67.1389768891197,19255
BRKB,67.12465627864344,2182
SWE,67.09797060881735,1429
BBO,67.08112449799196,1245
NIV,67.07808219178082,730
TIG,66.98776480458645,14303
RMRB,66.98376783079193,4066
MWJ,66.97030833650552,2627
UGNA,66.96515580736543,3530
GMS,66.96190828402366,5408
TKU,66.96166134185303,939
CEL,66.93724042455007,2167
HRS,66.90175718849841,10016
TKUR,66.8974358974359,1287
MXK,66.8556557945871,2882
SMBL,66.81648785996612,1771
APG,66.8076923076923,728
NKMG,66.70306406685236,3590
KML,66.69915848527349,5704
RTK,66.65514650638617,1331
NMA,66.65478327776353,3899
BWI,66.6535,2000
BLP,66.63611275379459,5073
NNA,66.59728471683475,12890
CRK,66.57290233837689,1454
KBA,66.52289669861555,939
DHRJ,66.51644506648006,1429
GTLM,66.4469557195572,2168
BUJ,66.44162995594714,7264
HTT,66.37720706260032,5607
NRN,66.34557119942968,5611
SHHT,66.31636863823934,727
GIL,66.30173010380622,1445
SWA,66.29994624619243,5581
SBPY,66.26659777835185,3871
KCM,66.26304579339723,939
KY,66.25621740874449,9972
BPAH,66.22876712328767,1460
BXLL,66.1754626456477,1459
MSK,66.16801553900939,6178
GUZ,66.1551246537396,722
DRV,66.15051424050633,5056
RAJP,66.14224021592443,3705
NDO,66.0870699167419,9969
BGDS,66.06535545994673,4881
NCU,66.06304868316042,1253
DBLI,66.05453548917512,3649
CLX,66.0283279375357,21004
PND,66.01766819724496,10018
BRUD,66.0089408528198,1454
BSYA,65.99744327261106,3129
BNU,65.98984223038686,4627
JNR,65.98468057366362,6136
MRTA,65.96821046862154,3649
GEOR,65.95363321799309,1445
BHTR,65.9078365706631,7465
ARA,65.89966688059656,32721
KRMI,65.85578446909668,5679
BVN,65.85054617676266,2014
MEE,65.84124245038826,4636
ATL,65.8347972972973,8880
CBSA,65.7794063759619,2729
MTLP,65.77671232876712,2920
GUP,65.77532368621478,2626
PC,65.74196642685851,10425
ROZA,65.71689497716895,5913
HK,65.64748725418791,1373
BRHD,65.62174783188793,2998
BRI,65.61279229711141,1454
TMA,65.58986301369863,3650
HWR,65.53324099722991,1444
AGD,65.52876712328766,730
UTR,65.52380952380952,1869
BAP,65.50426927360475,8081
DDP,65.49148325358851,5225
VLD,65.45580404685836,939
NUIH,65.43835616438356,1460
BVA,65.43245033112582,1510
BXF,65.40310077519379,516
KUDL,65.39218903839843,6094
KLGA,65.37260273972603,730
DRHI,65.35832187070152,1454
RMNP,65.31031543052003,2346
MBA,65.23880936150874,8802
HPP,65.2014820042343,5668
MYR,65.1969727752946,19688
DLN,65.17827739075364,15790
TQR,65.14387503425596,3649
GRBL,65.14022140221402,2168
PDGN,65.1373801916933,313
MXS,65.12739726027397,730
SRGR,65.05840627829761,6626
SAI,65.05760297305667,3229
BMHR,65.01016374929418,1771
LDX,65.00922509225093,2168
MO,64.89667250437829,2284
VBR,64.84664536741214,313
BKU,64.81180919139034,3438
BKKS,64.74450549450549,728
ZBD,64.73312491118374,7037
GGH,64.73250388802488,3858
NGDM,64.6482393723773,5481
PRBG,64.6290822842547,5481
GRJ,64.62488596971356,5481
BDPK,64.62037037037037,2160
KSP,64.4786651170513,6023
GD,64.46577514303439,29014
KSN,64.46441583677435,4117
CHE,64.45440549502605,16888
BPB,64.44464049404499,6801
NIT,64.44378155117026,2179
BHGP,64.44378155117026,2179
BRSA,64.44148692060578,2179
TPPI,64.44062244062243,1221
HND,64.43066561014263,2524
GKT,64.41808105299619,2887
BUS,64.41512059369202,2156
LBT,64.39133842837546,5103
PAL,64.39133425034387,1454
JRK,64.36585365853658,3608
WR,64.3113469190884,16586
TAT,64.26953748006379,627
NMZ,64.1956487956488,6435
GUA,64.13790255986788,1211
BLDA,64.13095994914177,7865
HHD,64.08264462809917,726
HRPG,64.06176470588235,1020
NASP,64.05536568694464,1463
KKNH,64.02782571182054,4636
DS,64.00226039783001,2212
MTJR,63.97325102880659,1458
PDW,63.91432559762694,5731
MONJ,63.89368998628258,1458
PRNR,63.87945205479452,730
KATI,63.84921973850696,4742
BUW,63.82621440536013,7164
PDPH,63.74250576479631,1301
GAJ,63.73144306131858,4338
PMYA,63.73123185400249,4822
NHH,63.66822008418521,6652
SVQ,63.64915302899799,3483
DDCC,63.60850268628825,8562
BKHR,63.59450171821306,2910
MSV,63.55269320843092,1281
SPJ,63.513751056380535,41415
NKB,63.473226703755216,2876
MLPR,63.42986084994359,5318
UDGR,63.420346425957554,4099
NRPM,63.41499085923218,2188
KPG,63.383582371855496,10574
NAZJ,63.34670539117807,5509
GGT,63.31944444444444,1440
BARD,63.31515151515151,660
BZN,63.29947722180732,5356
CKNA,63.256506849315066,2920
RTGN,63.25599435825106,1418
KUR,63.15575072621641,44064
NEUA,63.150342465753425,2920
PUA,63.131979695431475,2167
ATM,63.124653739612185,722
KOA,63.108219178082194,730
RMF,63.03062092429827,3527
KEU,63.007648183556405,523
BSL,62.99265214736413,49130
BNV,62.985263157894735,2850
JI,62.92008581389112,3729
DTP,62.86851457000711,4221
FTG,62.85860058309038,2058
BHC,62.85856498080736,23707
GGJ,62.81443814604868,5998
MCSC,62.80860337312867,5277
JOP,62.79533300923675,6171
KTE,62.785551653610156,25913
PADH,62.78133704735376,1436
SKI,62.78035611717404,17410
CDMR,62.77676537585421,3951
BBS,62.75300996002126,43273
MW,62.66481364497789,7915
VBH,62.655218855218855,1485
CIKR,62.64794520547945,730
MKPR,62.643701181654315,4993
GNG,62.63379030210714,7878
NDK,62.623731459797035,1281
CPR,62.59371853584072,30789
DMH,62.58610709117222,7601
KGE,62.57984790874525,5260
VST,62.57962085308057,2110
NEW,62.56784123126772,4938
JHT,62.54195323246217,1454
TIA,62.51731078904992,7452
KKN,62.48050331858407,7232
GWH,62.43542953396968,3562
SPX,62.39962240402769,1589
PDPL,62.39621559633027,8720
JKNI,62.369442881260554,3554
MGPI,62.34621578099839,621
IMBG,62.30432692307692,2080
APP,62.302403846153844,2080
ARMU,62.26301555104801,1479
DNKL,62.25932799374878,10238
PPZ,62.24857954545455,1408
RTZ,62.24162011173184,2148
OGL,62.23203913176398,29439
FZD,62.18785046728972,11770
JDW,62.16487859966121,1771
UPR,62.15595826468973,1821
STA,62.14325153374233,29340
DWI,62.12152133580705,2156
KYE,62.05814771395076,8530
MOR,62.04770848985725,5324
SZZ,62.02747768905589,4258
CCI,61.99441340782123,1253
NCB,61.99135719861715,17934
PIC,61.98360655737705,1281
PRBR,61.94280821917808,2920
KYF,61.93942923704135,3434
SEGM,61.92900727528749,8522
KPO,61.919155134741445,1373
WRI,61.91821155943293,5502
PPEA,61.91740412979351,1356
APKH,61.894520547945206,2920
SLW,61.86141304347826,4048
KNE,61.84678285289502,24214
JNKR,61.835202761000865,4636
ALPR,61.81404958677686,1452
MRPR,61.805928016937195,5668
DLO,61.72740489459656,4127
SBP,61.7260553327442,14711
MBG,61.665868836764005,2089
BALU,61.649750165552945,16611
DOL,61.63525527051054,11811
CHI,61.61893315018315,8736
BBM,61.59049180327869,9150
AMIN,61.57775377969762,2778
SLD,61.56962025316456,5056
GOS,61.51784413692644,1373
KRNN,61.50528846153846,2080
BRE,61.5039175257732,4850
CKKD,61.49656121045392,1454
KRBP,61.4808148307825,9278
TEO,61.464285714285715,1456
NYO,61.45880349159037,4697
KIV,61.44863945578231,2940
BJU,61.44067422810334,31740
JMG,61.43701067615658,1405
BCA,61.35638070849338,14058
VRLI,61.326027397260276,730
ERC,61.31303669008587,1281
ANH,61.29173207744636,3822
KBJ,61.2806768276931,7742
ME,61.27195945945946,4736
UDPR,61.26336302895323,1796
GRM,61.25136612021858,1281
MKA,61.206369668246445,26375
RGV,61.196359499431175,4395
MKRN,61.18211157215307,4338
GZT,61.18044769301051,2189
SBV,61.162450863100325,11702
DKR,61.12697191227395,2599
KHI,61.12641242937853,2832
PNJ,61.10431154381085,1438
SGR,61.069690721649486,4850
DGHA,61.04965753424658,4088
KS,61.00891719745223,2355
SCO,61.00329489291598,1821
MRDL,61.00292740046839,5124
KFA,60.998525073746315,8814
DSS,60.990783767038415,12912
PCK,60.93816144428305,4819
PNDP,60.9045830202855,1331
BUE,60.900888171174806,4954
JDI,60.85548714233973,2761
GOY,60.8395287426366,9846
LTMD,60.74299634591961,821
AK,60.73906492164629,23228
KVR,60.72731287259881,4529
PRN,60.69789227166277,1281
UDR,60.673660547021356,5338
MZP,60.67127988748242,17775
DNR,60.641157299225185,32524
PVD,60.63317191283293,5782
SHR,60.60144578313253,12450
EKMA,60.59711431742508,9911
MYD,60.545182972367435,1339
SCP,60.54370721432333,3798
BARH,60.54076610314573,18692
SILO,60.53172496984318,4145
BTC,60.52421129860602,8178
MGR,60.52256834075016,4719
JTI,60.499537892791125,6492
BEHS,60.48137391084733,7919
DDD,60.45313214449017,2187
ARGD,60.44530386740332,3620
VZM,60.44316292601829,28872
SKM,60.43770051157548,11533
MDXR,60.419444444444444,1440
RNTL,60.39647672901261,4598
PKF,60.37007874015748,2159
MFP,60.36937481993662,34710
UHR,60.35926170072511,6068
PCOI,60.32604082827248,13667
KMK,60.29089399391088,3613
TUR,60.26165254237288,2832
AJH,60.25493798805696,2177
SNDD,60.235155636934344,3823
BMD,60.21047772905608,4333
SKY,60.20531400966183,2898
BDL,60.20403159901934,11013
VL,60.194888178913736,313
SKND,60.18632178868917,2281
BKP,60.18623455592212,30918
MTMI,60.141247182569494,1331
BKL,60.07301126044315,2753
AME,60.03766977928693,9424
CIL,60.017136736879685,2801
BHB,60.01312036508842,7012
PKW,60.0,8208
KTV,59.99085988108971,11269
AHL,59.94101382488479,2170
MNE,59.89692008879023,21624
RORA,59.883891693437356,2179
ABP,59.866815753509755,8049
RXL,59.864148562156316,11093
RTR,59.86313544258798,2813
KPL,59.85664596273292,4025
KODI,59.801757276221856,1821
ORAI,59.771176627772334,11227
BHLK,59.76938880328711,3894
KHOH,59.75417439703154,2156
BW,59.720320466132556,1373
JSGR,59.71934156378601,3645
PCL,59.7097288676236,627
PHA,59.69733656174334,7434
NLD,59.68236667964188,7707
VRBD,59.6692696371153,2177
KRI,59.6656,625
TKA,59.64991394148021,2905
TJD,59.649748513946044,2187
FUT,59.641491433795764,25157
RKM,59.63608006238628,7694
KOJ,59.63535681572154,12009
MRIJ,59.613451700270836,6646
NGP,59.595939393939396,33000
DAO,59.57864768683274,1405
REM,59.54711802378774,1093
BTH,59.47306583906008,9022
KUA,59.46671918077983,7617
MQX,59.462825278810406,2152
CKN,59.41547708489857,1331
BZK,59.38228941684665,2778
ROB,59.3672582397682,2761
AMB,59.304041146216015,6805
PHK,59.287874583795784,7208
RBQ,59.269195612431446,2188
KRL,59.244128113879,1405
ALM,59.210186335403726,4025
IKI,59.17235963879073,2547
GRG,59.159686755192375,2937
KUK,59.1527950310559,4025
MCI,59.070935240107254,12307
PPY,59.05334335086401,1331
JJP,59.03030923612533,4883
CKTD,59.027374360045975,9571
HHP,59.02165898617511,2170
GADH,59.016438356164386,730
DDA,58.96006312211702,8238
KGB,58.94854512576032,6083
BRMD,58.946296296296296,3780
SARR,58.91935483870968,2790
KDM,58.91210485736315,5188
GNN,58.888638073739656,1329
BZJT,58.86357091432686,2778
FPAW,58.8509373571102,2187
SBK,58.85048010973937,2187
BQW,58.83456221198157,4340
JPE,58.810925949129185,7981
BNRS,58.800529901589705,2642
CCD,58.785714285714285,1456
MNGD,58.778360391247354,9917
BVL,58.767453540934206,1991
JOL,58.71053474223503,3123
TKH,58.69068203650336,3123
SBTJ,58.686892079666514,2159
SHGN,58.68244719592134,1373
HKP,58.679591836734694,2940
PTHD,58.670662905500706,1418
BYXA,58.63019390581717,722
KTGA,58.625172890733054,723
MLD,58.583389601620524,1481
RN,58.57701928508029,12393
TLHD,58.54246071547977,5982
DIG,58.52768987341772,5056
MTH,58.522955523672884,2788
KTES,58.512535426204494,4587
SQQ,58.49194113524877,1427
VNK,58.46894409937888,2898
CRC,58.457549334557136,2179
PJP,58.45329038196042,2173
SIHT,58.426611796982165,729
AMRO,58.41564727624747,11363
GBRI,58.41471184477266,3453
ATA,58.387978142076506,1281
KTHL,58.38032786885246,610
RNA,58.372191011235955,2136
KSNG,58.34111244350152,10841
NWA,58.33310152990264,1438
POE,58.324936170212766,5875
KLAR,58.324648035301536,4759
ATE,58.324561403508774,7524
ADVI,58.31351351351351,2220
MRBL,58.313256048387096,3968
NOQ,58.30919146694759,11391
GLY,58.29543966833952,4583
GMG,58.263242375601926,623
MUP,58.2496138996139,5180
NIM,58.24074074074074,3780
BMKD,58.2002743484225,1458
UJP,58.178954537714965,5873
MA,58.17737789203085,2334
ANGL,58.17496621270402,9619
NDD,58.15431111999201,20018
KEM,58.14509037616023,4094
NML,58.097165991902834,1235
HSA,58.09494426751592,5024
KNS,58.08513477448626,3747
MTI,58.0819144040497,2173
NSX,58.07979704797048,2168
BIGH,58.07326007326007,1092
AJI,58.07037611477317,5158
MKO,58.044004030903594,5954
LTT,58.02766497461929,15760
BSDL,58.015151515151516,660
TBL,57.99188790560472,1356
PHE,57.976361767728676,2919
SAP,57.97586206896552,7830
BYH,57.966228226093136,2813
BSPX,57.95780051150895,1564
KSNA,57.940807799442894,1436
VBW,57.92520687460217,3142
URG,57.914910226385636,1281
WENA,57.91361639824304,5464
GDKP,57.880494505494504,1456
JLN,57.8768898488121,1389
SOY,57.875431331953074,2898
KBR,57.85652797704448,2788
GAE,57.82562929061785,2185
BJMD,57.753132250580045,2155
CNH,57.740046838407494,1281
KSWR,57.72870879120879,1456
RURA,57.715090090090094,7104
BUQ,57.71048999309869,2898
RDUM,57.6551724137931,4988
SAN,57.644219794554054,6133
GTY,57.636107193229904,1418
HRI,57.624820659971306,15334
KCF,57.61738535249829,1461
FTP,57.612669745640034,14507
TAP,57.60885821110153,3477
MJA,57.59927536231884,4140
SSGJ,57.584848484848486,660
KID,57.55027212832999,3491
YP,57.54659014179608,2962
MRF,57.53564547206166,1557
CHD,57.50288050548225,5381
BABR,57.49705433122409,4583
GTA,57.496099290780144,2820
KWO,57.489859414611665,8678
CGN,57.4678302532512,2922
CHJ,57.44594904750976,4357
RYS,57.4437984496124,516
MUHI,57.43798076923077,2080
KFPR,57.42721088435374,2940
JDDA,57.37515476681799,2423
OBR,57.33134030891878,2007
GRL,57.32736693358455,6369
BAV,57.327169274537695,1406
PGRL,57.32194715543918,8402
BRGW,57.30570652173913,2944
TLD,57.27673045457779,14057
KHPL,57.274104683195596,1452
BWRA,57.24862637362637,1456
GEA,57.24301675977654,2148
BEF,57.240130387540745,2761
KHU,57.22002772002772,2886
DMN,57.21393825076938,10073
NK,57.208872274967746,30229
TAO,57.19166988044736,5186
USK,57.170046082949305,4340
KNPR,57.16113114442968,5269
PRR,57.1501369550331,17524
SLRD,57.13475177304964,2820
JHG,57.127688787185356,2185
GNWA,57.127235213204955,1454
KMC,57.09886981278578,11591
TMZ,57.095612431444245,5470
GDYA,57.09426078407275,8137
BNQL,57.0889400921659,2170
KOO,57.04318026045237,17508
RAIR,57.0403301152289,6422
BEO,57.0324942791762,2185
SDL,57.02763970477481,13278
KVZ,57.010240549828175,14550
MEM,56.99212598425197,2159
BDVR,56.986149584487535,722
MBS,56.98547114985471,4818
LLR,56.949258391881344,1281
GGGS,56.91567529741078,2858
TNGM,56.891810668670175,1331
SLKX,56.86801099908341,2182
MOTH,56.85913359588004,3301
KTD,56.852487466255305,5186
JKPR,56.79695197044335,6496
NEO,56.77946340778199,7119
SVD,56.767555797495916,1837
SXK,56.75522919448153,2247
KCP,56.75308641975309,729
BDWD,56.75170842824601,4390
TGM,56.74687854710556,1762
SMC,56.73783031988874,1438
BTBR,56.73194221508828,623
DBB,56.69986232216613,2179
BUDA,56.68731563421829,1356
NRDP,56.686505900461775,1949
JAU,56.66839021027232,2901
URMA,56.65059776320864,5186
SGDM,56.63508064516129,2480
PEP,56.629163909110964,4533
MPNH,56.61149425287356,2175
SVX,56.597734899328856,2384
KPKD,56.59409340659341,1456
SSPR,56.58935185185185,2160
MLMG,56.57700976709241,1331
KLBA,56.56318681318681,1456
ODB,56.53898426323319,2796
NN,56.530773857257415,9976
PMS,56.521013597033374,4854
VYN,56.515246015246014,2886
RGPM,56.513145082765334,2054
DCU,56.51115834218916,941
JLS,56.50852141870106,2171
LSI,56.48593685371571,14506
RV,56.48059149722736,5951
JTR,56.441491553358055,4854
KCJ,56.42823749415615,2139
LUBA,56.42581888246628,519
RUKH,56.42581888246628,519
BADH,56.42581888246628,519
SLNG,56.42581888246628,519
HRN,56.41799204771372,4024
BRYA,56.4055152394775,17225
ALJN,56.383540696462084,28774
CNI,56.37826393789697,11336
CAP,56.35531165533623,12209
MLS,56.34426229508197,1281
CRN,56.34075104311544,1438
MWUE,56.25948018747337,4694
NTU,56.2481336651262,2813
CIT,56.239616613418534,313
BNDA,56.22559569561876,10408
BNT,56.22205642973413,7372
JJK,56.216413140738844,7823
LOA,56.2125,1440
DNQ,56.18545329196829,2901
SLN,56.147486424943075,11418
PUNA,56.14423765211167,2794
ATS,56.14263565891473,3225
LAR,56.1283825411118,21101
KFK,56.08105225737646,2813
KCA,56.078322784810126,5056
CRJ,56.07636544190665,20140
SKN,56.07535430349119,2893
BBDE,56.03778337531486,2779
NTV,55.98776154757205,2533
TKBG,55.969815287580715,6659
KQT,55.96358792184725,1126
MRGA,55.93524814777225,9853
DAP,55.928604118993135,2185
NRG,55.92154895666132,4984
PNC,55.916461560735485,27628
BAKL,55.90482076637824,4854
CTYL,55.8715938783128,2679
RNBT,55.868274582560296,2156
SHC,55.85191866985226,20509
MML,55.84546841133499,12457
SAO,55.822625698324025,2148
PDE,55.78605935127674,2898
SNKB,55.77541208791209,1456
MUA,55.76782035434693,4854
JNTR,55.74004825090471,1658
JMKT,55.727655986509276,5930
MUZ,55.71622418879056,3390
SRNR,55.7156741108354,4836
DDMT,55.71222527472528,1456
ANVT,55.70399234345091,14628
NDNI,55.697722567287784,2898
KOHL,55.692994505494504,1456
KUE,55.68957703927492,6620
JSE,55.625411635565314,3644
KMNR,55.602798053527984,1644
KHDH,55.58563248308173,3842
BZU,55.58385329478009,13142
BPRA,55.5799856527977,2788
BNRD,55.56887052341598,1452
CD,55.55682154483575,13516
PDJ,55.54120879120879,728
KHED,55.51708053230896,7289
SJGM,55.5073732718894,2170
KRXA,55.47422864276797,5607
MER,55.46565934065934,1456
ANO,55.43035714285714,1120
JL,55.42013385559633,32423
RNE,55.4069703622393,3644
KSV,55.40326028861571,11226
JNP,55.402319681043856,2759
MVH,55.40053285968028,1126
PG,55.398682042833606,1821
MJRI,55.39399806389158,1033
SYJ,55.35525865022268,2919
CBN,55.354940434477925,2854
RNRD,55.33731069297843,2179
RTB,55.31496622822609,2813
BCN,55.29797800638524,8457
HRT,55.29014430457476,6514
NLDA,55.26336017569546,10928
DGPP,55.26249313563976,1821
MNF,55.21794463888005,3143
MPU,55.19939728779508,1991
DTF,55.19100294985251,1356
DMNJ,55.173772609819125,3096
NPD,55.14728370221328,4970
DBR,55.13088235294118,6800
DJA,55.122252747252745,728
BTRA,55.10077519379845,516
HSK,55.08651951123374,5074
PRE,55.07368421052632,2185
PMU,55.04641350210971,3792
SUDV,55.04514363885089,731
DQG,55.032050384884535,7145
SKB,55.030819672131145,12200
MFKA,54.9938242280285,4210
TNH,54.955357142857146,1456
KEI,54.943755635707845,8872
BJRA,54.942477876106196,1356
LBA,54.93953616786306,3622
GVI,54.934793683138054,1963
KKRH,54.93225806451613,4340
NRLR,54.9257521837593,6182
GB,54.92109303039607,6514
AKE,54.91711606096131,8530
DAV,54.86820428336079,1821
JIA,54.85766590389016,2185
RDM,54.848956844812804,13996
VPDA,54.843667412075625,4919
JBP,54.83026697620429,34460
DOBH,54.82231404958678,1452
LKMR,54.809108527131784,3096
BTVA,54.806477732793525,1235
JRG,54.79226190476191,3360
BAGL,54.752954808806486,4315
GHD,54.752938792055126,9868
SWV,54.744739638682255,4705
HDK,54.72170900692841,4330
APR,54.68741516385496,15471
LIR,54.67325129533679,3088
CVV,54.66942771084337,1328
TTI,54.6578947368421,2052
MZY,54.630693763139455,1427
GTI,54.625516291877005,2179
PUN,54.62106858658583,2639
GNS,54.613120269133724,3567
JHMR,54.58830694275274,821
STLR,54.563156851080706,5043
BLTR,54.56295191093768,8713
CSN,54.543524043524044,17094
BWIP,54.54010327022375,2905
GNQ,54.52335164835165,1456
GAQ,54.52328767123288,2190
GW,54.5,2878
MZL,54.49202813599062,8530
KKAS,54.47353760445682,1436
WZJ,54.447806354009074,5949
CMDP,54.44459833795014,722
HER,54.434842249657066,729
BPA,54.43335075797177,9565
JNU,54.40664217936945,13068
HDL,54.36724922192961,4177
NGL,54.3523608174771,2838
TRAN,54.32322580645161,1550
BUDM,54.31582584657913,2894
MTWN,54.30500144550448,3459
CCO,54.30500144550448,3459
GIG,54.3041095890411,730
AMS,54.29326047358834,3294
RYP,54.29246935201401,3997
BSDP,54.26518973459092,4559
CBJ,54.2617728531856,722
KCV,54.239344262295084,3355
TMS,54.20555073720728,3459
JOBA,54.2036231884058,1380
SRJ,54.20308720193526,8681
MABD,54.202841411188906,14711
KRLA,54.202429149797574,1482
PSA,54.18724217728142,19878
NKD,54.18273913890513,5133
KRJR,54.1812865497076,4617
NPBR,54.156936261381894,1867
RSM,54.15039142974866,4854
BRYC,54.14728682170543,516
BXK,54.12637362637363,728
BPO,54.12607830126078,4521
TLNH,54.11709601873536,1281
BTT,54.08718487394958,19040
SNIE,54.085048010973935,729
PKU,54.06064185863359,10158
MRTD,54.053146853146856,1430
GBQ,54.039256198347104,1452
DUSI,54.0254712175242,1963
HBU,54.02331961591221,729
ZB,54.01886101446622,5461
THV,54.01222662304116,5807
DRR,54.00621669626998,1126
CND,54.00474006116208,6540
KNDG,53.985910469056535,5607
SKF,53.968698762855865,6709
HRB,53.96849315068493,1460
UWAN,53.967966573816156,1436
HTZ,53.954520718339424,12863
CNB,53.92787518945451,71917
KAYI,53.92457288258815,5502
MOB,53.91778425655977,6860
MXR,53.91620879120879,728
DGA,53.914433880726016,11570
AJ,53.91378263509411,3294
SMI,53.9090593141798,8632
RDL,53.890233605403886,7106
JTU,53.8816029143898,3294
GWM,53.87955699123212,2167
BONA,53.861953612845674,4484
MCDA,53.85462555066079,4767
TRR,53.851587947882734,4912
GYN,53.84210059434046,11273
SOW,53.83185840707964,3842
RD,53.82841898343162,3561
BNQ,53.81945871873929,2919
MOG,53.808796466691206,5434
GRHX,53.78880407124682,5502
SBDR,53.78776241679468,3906
JEN,53.77514193025142,4932
MHHR,53.77325364213672,2677
HDT,53.723204104903076,3508
KLA,53.71687260332339,4694
DTC,53.67445054945055,728
NOMD,53.67288801571709,2036
VYK,53.66458333333333,1440
RJA,53.64523776321294,7171
AAL,53.61698200276881,8668
CKYD,53.6140350877193,2052
BMKJ,53.59986033519553,1432
KWH,53.58095781071836,3508
GJTA,53.57673440784863,1427
DCA,53.574175824175825,728
SIL,53.56910788009334,11142
PMN,53.569086651053865,1281
SOM,53.55815935236472,4694
SIC,53.552823315118395,3294
SRO,53.55217877094972,4475
KDVI,53.55068493150685,730
KPI,53.54810495626822,4116
SSIA,53.53354838709677,1550
PPV,53.52426931106472,3832
RMZ,53.523809523809526,1911
AMDI,53.46718972895863,1402
MKB,53.46702613023642,7233
PKPU,53.454711802378775,1093
HDS,53.452906287069986,4215
WPR,53.439874979437405,6079
NGMP,53.408066429418746,4215
CC,53.386887608069166,8328
MTPI,53.37796373779637,1434
BQQ,53.37756052141527,2148
LKO,53.33571761778884,45017
URD,53.32401258301293,5722
SKGH,53.31210415200563,2842
TSA,53.29457364341085,516
PLSG,53.282967032967036,1456
ANA,53.27692842251564,2878
TALL,53.24522957662492,6708
MGE,53.22802197802198,728
LDA,53.21924947880473,2878
TTPT,53.20342730790492,1809
LPG,53.1771472392638,2608
MDJ,53.15062761506276,5736
LRI,53.14217032967033,1456
BWR,53.135376260667186,2578
PAR,53.12569454873104,6659
KPXR,53.111313204801746,2749
MNZ,53.09453652547575,3258
BRHI,53.09076923076923,1950
DGBZ,53.0378612716763,3460
SPT,53.032362459546924,11742
GDRA,53.022377622377626,1430
BTP,53.01583352182764,4421
TRKR,53.01420651420651,2886
DCX,53.00867579908676,2190
HBF,52.988324175824175,1456
KFU,52.97480201583873,2778
KLTR,52.96780821917808,1460
LKNA,52.964285714285715,2156
SPRM,52.95123626373626,1456
SGL,52.929162316279815,12451
NBT,52.925925925925924,2160
MZR,52.918514801806324,9965
KNRN,52.902698282910876,1223
PTS,52.892857142857146,1456
KRAR,52.89175909027095,7123
SOP,52.86527777777778,1440
HAQ,52.840663302090846,1387
BUH,52.826836236291584,10851
SMK,52.803760768721006,12072
NDKD,52.79951884522855,8729
DKJ,52.79611244644163,9569
BHTH,52.79313602015113,3176
WL,52.792600391036245,26596
LCR,52.79109589041096,1460
BAU,52.78853001811707,16007
SSG,52.78484848484848,3630
GOX,52.77534113060429,2052
URPR,52.76851851851852,3564
DURG,52.75448028673835,31806
CTJ,52.74545454545454,660
NNNL,52.74210381763252,3641
MUPA,52.729395604395606,728
DIH,52.72020431328036,1762
LJR,52.71619759889786,5081
ANR,52.71486825595985,12752
NBG,52.69932040444223,6033
SGC,52.68920392584515,5502
HGT,52.6823330923114,4149
DEPI,52.67380352644836,3176
BTG,52.66809338521401,2570
RJI,52.615095016134816,5578
HMA,52.609278724175425,2759
LNW,52.60777898945838,5502
BD,52.59590996303056,21369
PPH,52.59284369114878,2655
VINH,52.57123287671233,1460
KFX,52.56397673573246,5502
KVLS,52.55540166204986,722
GVA,52.550824175824175,1456
NHGJ,52.54891304347826,1288
PDMA,52.54735376044568,1436
TMB,52.51717032967033,1456
CBT,52.510161177295025,1427
SBGB,52.5011568718186,2161
SSN,52.498849693251536,2608
PMI,52.49729261425168,4617
KND,52.4869109947644,5539
SHG,52.48054145516075,11820
PERN,52.4797197640118,2712
BGBR,52.46201550387597,5805
PDSN,52.45192307692308,1456
MMR,52.44343292452321,37018
SLRA,52.425067075507854,2609
HTN,52.42376373626374,1456
LTA,52.391776127926896,1751
PQN,52.3815752061416,3517
BTHL,52.36087570621469,2832
SQF,52.34143222506394,782
CTH,52.33679927667269,2212
NPNR,52.336598746081506,5104
BIG,52.33144154370034,5286
SKPI,52.32918395573997,723
JAIS,52.30200600221134,6331
TKRI,52.27939276485788,3096
PNKD,52.26581508515815,4932
MDP,52.25801772132047,25506
STP,52.25416167990426,9191
DBA,52.23735464079332,14017
BBK,52.21868640148011,21620
NHN,52.184341637010675,2810
KMS,52.182076446280995,3872
HPU,52.17442813031697,15869
BJQ,52.1671322160149,2148
HDN,52.156239077245715,5722
ZN,52.146912093583346,11626
JPL,52.087850157467265,6033
KT,52.07560533684731,6071
CKX,52.06310013717421,729
R,52.046508601618825,38423
HCP,52.043853342918766,4173
LLPR,52.036827195467424,3530
MCU,52.031324345757334,2522
MK,52.02713178294574,516
DWNA,52.02172534094513,6306
LRD,52.01427335640138,6936
NBQ,52.00081649316187,19596
RRE,51.99125874125874,4004
TLH,51.98336452484924,4809
NOI,51.9774148714385,2878
BKG,51.96506597447545,9246
MVW,51.958448753462605,722
BIGN,51.953947368421055,152
PTKP,51.9461611978337,3139
RUB,51.94101508916324,729
KMT,51.94100014274159,21017
NLKR,51.928262910798125,5325
POF,51.92562234365513,3294
FPMP,51.91444600280505,713
PPDA,51.9092987804878,2624
PES,51.89523367378521,6462
NLR,51.89250550589455,30876
NIQ,51.88493150684931,1460
JMPT,51.88002773925104,2884
PRTP,51.8726012793177,3752
GJL,51.84876852780564,8973
RJPB,51.84252282422358,25083
HWH,51.84153110456428,46842
BLM,51.83613101330604,9770
SUP,51.83125864453665,1446
ACRN,51.81917808219178,730
BHTK,51.80091324200913,2190
SUD,51.79312567132116,4655
PLO,51.789304812834224,8415
MDR,51.78576308238831,7319
DXH,51.777744982290436,3388
SGBJ,51.759284731774414,1454
KDQ,51.74607941274608,5994
WDR,51.71465196769645,7801
RAMA,51.71056241426612,729
HMR,51.70103092783505,1455
HNPA,51.695467422096314,706
MANE,51.693370165745854,724
WDA,51.690934065934066,728
LPJL,51.67801047120419,1528
HJP,51.67787333854574,33254
SEE,51.65823255813954,26875
SBRA,51.65707762557078,2190
UPRD,51.65586206896552,2900
SPP,51.65055596738325,6745
BIP,51.634508348794064,2156
KAGA,51.629526462395546,1436
BRAG,51.61747934365181,8593
KEG,51.61673151750973,2570
SDPH,51.61423220973783,1869
FYZ,51.61042524005487,729
MPL,51.606910223732655,3531
AVRD,51.59790528233151,2196
LDP,51.593877551020405,2940
BSX,51.59056316590563,9198
SHDM,51.58516969599485,6217
YGL,51.580193236714976,2070
KVD,51.576308539944904,3630
PPJ,51.57340720221607,361
TAKU,51.57142857142857,728
DAA,51.56802120141343,13584
JMU,51.52413598134144,14149
BXQ,51.50651840490798,2608
GDQ,51.49023090586146,1126
DAR,51.482956966340005,4694
ETW,51.479609787302095,25012
GDBR,51.473812423873326,821
GNGD,51.470504281636536,4204
RPRD,51.459555205668174,5081
RPGU,51.450429352068696,1281
JEP,51.44589937973811,1451
TBTN,51.44383057090239,3258
SLGR,51.42843178327049,7161
TATI,51.413736713000816,1223
BE,51.401684567921386,30631
KTCE,51.37202797202797,715
GNU,51.34588256039499,11342
TRE,51.32515549412578,2894
HLX,51.32097186700767,782
AFR,51.31167315175097,2570
JRZ,51.275,2160
BNR,51.240637369329136,9853
KUN,51.23469669371309,18117
UND,51.19816933638444,2185
LLP,51.18276823037622,4306
KAPG,51.18168335187245,8091
KIT,51.1803256627641,7431
MBI,51.15038401189198,12109
BRS,51.136946044434,8507
BYY,51.13612565445026,4202
BSBS,51.13486998761787,10499
PTRA,51.125,1840
BMKI,51.092210871944545,10964
ATNR,51.07291928589389,3977
SPN,51.04542649055672,24303
RBA,51.038205980066444,4214
DNM,51.034701315164,6311
DPR,51.01825669183253,7285
BLNI,51.017253278122844,1449
KCN,51.010983981693364,2185
KYN,51.00798731662285,49829
RGU,51.0015243902439,3280
MTO,50.99256993006993,2288
FAH,50.99176147508827,2549
BHCL,50.966055045871556,4360
NXN,50.96592709984152,2524
PHD,50.95729334725254,10537
TLU,50.95568752855185,2189
KDLR,50.95503286060187,2891
MIPM,50.93050475493782,6835
KDP,50.905100830367736,1686
SSKA,50.88798185941043,2205
UKC,50.87945205479452,730
VID,50.84189189189189,2220
DYD,50.82145150931278,6228
PRYJ,50.82087971692022,38717
FKM,50.816320100819155,6348
NZD,50.791480854990006,6503
KNRT,50.783988957902004,2898
BSZ,50.7626953125,3072
WSB,50.72463768115942,1449
KHUH,50.722115384615385,2080
MMPL,50.72025955299207,1387
CRR,50.68814317673378,6705
DKE,50.67400275103164,727
RJGR,50.673611111111114,2160
KRJ,50.66605408243633,11427
BGHU,50.664819944598335,722
AKP,50.64403047256279,16802
UMR,50.62318156055167,10586
KUW,50.61865569272977,729
GAM,50.61326860841424,4944
SHLK,50.600660066006604,2727
TDL,50.59199230822059,29122
CAPC,50.5887573964497,2028
TRA,50.58144329896907,1455
ANDI,50.579623866865106,7391
TKD,50.56373276776246,4715
BEP,50.56055684454756,2155
KWD,50.55058952563751,3647
HCM,50.541842772612,1183
BHS,50.535354518468054,20549
PDGL,50.516164994425864,897
GJH,50.4774044032445,4315
MLM,50.476190476190474,1449
MMVR,50.47397260273973,730
CLE,50.462765957446805,2068
BTR,50.45223367697594,1455
GUH,50.452004860267316,4115
KZJ,50.407078938958136,25032
TRN,50.405829145728646,4975
KRTR,50.38023255813953,1720
MKG,50.37559179379274,3802
KOHR,50.37293956043956,1456
NUR,50.35980192766823,11309
JMT,50.353860558916736,13884
SRI,50.35334514842712,4514
KMAH,50.343835616438355,730
BOK,50.340288924558585,623
MTY,50.31760328960251,5107
SYH,50.290452261306534,4975
ARN,50.260474860335194,1432
KTNR,50.25396444017299,4162
DUB,50.242242990654205,2675
LGT,50.240715268225586,727
BDWA,50.223247232472325,2168
KOTT,50.2147577092511,1816
KTQ,50.210778570667806,9389
MZW,50.198397227636995,4617
JMN,50.19558154645874,4617
IPM,50.162051437675444,13181
MH,50.157303370786515,1869
KLNA,50.15534400692341,2311
NDJ,50.15399459668082,5182
DGB,50.133558748943365,1183
BIDR,50.11664750223585,7827
GATD,50.11361310133061,1954
MOW,50.11142061281337,1436
INK,50.10666023166023,2072
JBJC,50.08433734939759,332
MUD,50.08203414996288,5388
BYHA,50.066541705716965,2134
GNP,50.048205760049285,6493
SLKN,50.0255312400888,6306
RBS,49.9931442817077,3209
GPI,49.987522281639926,3927
MCZ,49.98364677023712,1223
BEK,49.98219178082192,1460
BGKA,49.96402289452167,1223
SRGP,49.960339943342774,706
KRPN,49.93698630136986,730
TJSP,49.93440643863179,2485
CNE,49.910714285714285,728
BAB,49.89415350512608,7218
DJHR,49.893150684931506,730
PIL,49.89205045467879,3409
NKP,49.87820359281437,8350
SJKL,49.85462962962963,2160
LIJ,49.84682484298674,2866
BNPT,49.842514124293785,2832
BPU,49.83916083916084,2288
DUA,49.82164572355087,2467
KOLR,49.81336651261998,2813
RDE,49.80711404473781,2727
RRI,49.8062015503876,903
ARKA,49.80028530670471,701
CAI,49.7951769495772,6386
NJP,49.79513045073135,21809
SI,49.786772486772485,3780
FTS,49.782582582582585,3330
MHDB,49.78194444444444,2160
RGD,49.7573751618938,6949
NAW,49.751838235294116,1632
BAD,49.744835965978126,823
MBDD,49.73665223665223,4158
KQI,49.732142857142854,728
STBD,49.72557471264368,696
KMV,49.70951509606587,2186
DES,49.7042597110152,5329
DWV,49.6986301369863,730
KUU,49.6910569105691,4920
RDDE,49.689655172413794,6670
DORD,49.67817294281729,2868
SCI,49.67218317841759,4411
PCZ,49.66089803554724,2138
KKGM,49.6597510373444,723
DWA,49.6541095890411,1460
ATRR,49.651261997867046,2813
JGG,49.64841805901173,2813
SJGH,49.647707074297905,2813
MDDP,49.62671232876713,2920
KNT,49.59568909209667,4593
ASCE,49.59533607681756,729
RFJ,49.568796550372404,10204
BDMJ,49.534415584415584,7700
BRRI,49.530018761726076,1066
KSF,49.52244735796583,2517
NWB,49.50797101449275,1380
MAU,49.493425172197874,17567
KIS,49.48692608606135,4857
KFD,49.48219178082192,1460
KI,49.454861111111114,2880
RUG,49.45147478591817,6306
BNAR,49.44184231069477,1281
PNI,49.43835616438356,1460
JLW,49.428472222222226,1440
ULM,49.412349555206696,1911
SNP,49.408036937439746,19709
BHNP,49.3936573595312,2901
SIQ,49.387553041018386,707
KVX,49.381299332119006,3294
BPRD,49.3797009515179,8828
CLF,49.36780821917808,1460
TNKU,49.339475957385545,10419
BDPG,49.33286615276805,1427
AO,49.33102684749516,3613
HATB,49.32436260623229,706
BKPT,49.31218457101658,1387
BBKR,49.30206896551724,725
MOO,49.293497363796135,2276
SFK,49.28168044077135,1452
SKNP,49.25422138836773,1066
DDDM,49.25081011017498,1543
TEL,49.237543847699484,29363
ISH,49.21890201528839,2878
AKS,49.216928025733814,4974
AST,49.20803730017762,4504
GRA,49.20067363942563,5641
AUB,49.19967196132597,11584
HCNR,49.19295914978412,3011
KLB,49.18287671232877,2920
PQY,49.16807116104869,2136
DRI,49.156573116691284,4062
AYRN,49.127210004312204,4638
WANI,49.125599232981784,1043
AKW,49.111280487804876,1312
GLG,49.104890310786104,4376
SAW,49.10237458719924,6359
TUL,49.101290322580645,1550
CAR,49.09595456357114,10036
DGO,49.09271694214876,3872
LLGM,49.07883817427386,723
ASB,49.072988664639205,3617
KXM,49.06561360874848,823
JKR,49.0625,1456
YFP,49.06185749734137,5642
KYT,49.034140969163,1816
KATL,49.02796420581655,4470
SLZ,49.01486620416254,2018
NRSI,49.00273597811218,731
BNKI,49.00177687523797,7879
PSE,48.9893862482695,4334
KRKR,48.98282910874898,1223
FDN,48.97891231964484,4505
BSE,48.96774781341108,5488
MKP,48.96601602408991,18597
CNDI,48.965800273597814,731
PWXP,48.962678375411635,3644
KKT,48.95498953244941,2866
BLMK,48.95020746887967,723
SHK,48.936311289478276,5731
MDRR,48.93440366972477,2180
JGLP,48.933260393873084,914
BGUA,48.92807745504841,723
ORC,48.92045098653304,3193
CLKA,48.911933448078024,3486
SDC,48.91148240312833,2813
DMT,48.91080353710112,2601
NRS,48.89794520547945,1460
MED,48.89614656975007,10043
CPP,48.8954586621814,7729
KGA,48.89122978931896,4082
GRR,48.8886590830748,2901
VNN,48.86182336182336,1404
PKC,48.83483237939493,1223
RBK,48.83268482490272,2570
HBW,48.81506849315068,1460
PHM,48.77930402930403,2184
GHPU,48.77174929840973,2138
PRRB,48.77034596375618,6070
JUA,48.765669515669515,1404
NPML,48.76433566433566,1430
FAR,48.74240583232078,823
TEK,48.71932234432234,2184
ALER,48.69415764291111,7942
MTGE,48.68803860737677,2901
PWS,48.684423676012464,12840
BTV,48.662969588550986,5590
THW,48.656982193064664,2134
GGSY,48.6538146021329,2438
MGB,48.652818991097924,2022
BNI,48.65,1460
JDHH,48.61689655172414,2900
RGP,48.61472697186983,3626
KOI,48.60958904109589,2920
HJI,48.60330735601597,10522
SGRM,48.59889349930844,723
VPL,48.590255591054316,1252
SGDP,48.58750574184658,2177
DNDL,48.583333333333336,2160
JNH,48.56827813530058,12742
JHN,48.562986651835374,7192
RPLY,48.55887909319899,3176
MNO,48.55572943835855,5751
NZB,48.5471846605137,13977
KSC,48.53654574986464,5541
KHNM,48.513037350246655,5676
SEB,48.50164518782561,7294
PMR,48.498546836575,4473
BMCK,48.48170563961486,3635
ALUH,48.47410358565737,502
DGD,48.454841713221604,2148
SNRR,48.453264604811,2910
KER,48.4252084355076,4078
BGPL,48.41019751952228,2177
SAPE,48.406164383561645,1460
MSDR,48.3986301369863,1460
BFP,48.3960143076137,1957
RUL,48.387275242047025,723
BSPH,48.376576955424724,4756
JRLI,48.367123287671234,730
MMS,48.35314426633786,4055
BKPR,48.346688470973014,1223
DAB,48.34175438596491,8550
WRR,48.32786885245902,2806
GDPL,48.32234711373595,5249
MUT,48.31756615961659,9598
KRIH,48.310615055806224,4211
JEUR,48.30793012830422,6469
KJI,48.30695220360025,6444
CLDR,48.30684428112081,2177
GTW,48.29251258729901,6157
AUBR,48.25923938560601,14909
ARJ,48.22538172715895,19975
KMGE,48.22224770642202,4360
KRY,48.20645709430756,3531
TTW,48.20514603616134,1438
SKZR,48.20104347826087,14375
BLSA,48.19971671388102,2118
SRSI,48.18830059777967,4684
PAHB,48.15354070152217,3022
BSCK,48.144178564246936,4973
TGRL,48.135048231511256,2177
SLWR,48.13169720013826,2893
CHRI,48.103760445682454,1436
HDU,48.10148975791434,2148
BRWH,48.0917170280839,2813
ET,48.08635712349456,51646
TLAM,48.05940366972477,4360
KNLP,48.056236481614995,1387
MBDP,48.03106139856764,12427
TBT,48.01230269266481,4308
ICL,47.98780487804878,1312
KMX,47.9770337576093,3614
DMRT,47.969014084507045,710
RMU,47.94791361854041,17087
HUK,47.93942277196321,6306
RNKA,47.93637454981993,833
SDG,47.93161219445207,3641
DGDG,47.9271523178808,1359
HPI,47.924433249370274,3176
BG,47.91686143572621,8985
SMRR,47.90271021542738,2878
LMG,47.868981144290686,12357
BAGJ,47.8635729239358,2866
IGP,47.86150003784152,13213
KEA,47.85590393595731,2998
WRGN,47.83903133903134,1404
DUD,47.82003272132339,5501
HN,47.80745614035088,4560
CPU,47.80391304347826,6900
SEO,47.80311952888747,6283
YNG,47.793270898369755,2883
BUI,47.79315301189076,15306
NQR,47.7910968868199,3437
DBLG,47.78954607977992,727
HNL,47.7881446991404,5584
BRMI,47.7779359430605,4215
LUSA,47.775510204081634,2842
NAN,47.763440860215056,1488
SPPA,47.75460291288815,3639
GRRU,47.75221437380872,8919
NWP,47.746483552995905,9029
MENP,47.73698724577732,2901
SGJ,47.73281393217232,2182
RNJD,47.72523961661342,313
BBU,47.72306995991207,15466
BHDR,47.70898716119829,701
DIW,47.70584192439863,1455
AKOR,47.70002054653791,4867
PRF,47.688591149005276,4926
PBB,47.67130008176615,1223
BOE,47.659774526265295,20845
STRK,47.64789446981228,1971
MTV,47.63786008230453,729
KLBN,47.62876712328767,730
KAMP,47.624414145717935,4694
PTH,47.62137931034483,1450
PMT,47.613554434030284,1387
WRS,47.608419940109215,5677
TKG,47.6079956337836,7329
NKDO,47.56086956521739,1380
CHAR,47.55099150141643,706
GID,47.5477511682243,6848
NNO,47.527310273619,9685
CUK,47.51477832512315,2842
CIK,47.51476077366814,2947
KDT,47.49361022364217,1252
SMTA,47.49168975069252,722
BRPT,47.46817538896747,707
BWD,47.45047923322684,313
MFQ,47.43840579710145,1380
KIU,47.43334735071489,4756
SLH,47.406323737612084,4238
MIL,47.40561694290976,2172
SQN,47.4024594745668,3578
BSB,47.39667901030733,42397
MTBG,47.37857641311933,2866
EDD,47.37465753424657,1460
DNV,47.35279468732706,3614
CAA,47.34905291935169,10242
DPSR,47.3467987804878,1312
MDNR,47.34245911568746,8255
NBS,47.33751743375174,717
MOY,47.33367003367003,2970
NVT,47.308972911963885,3544
OPL,47.30391221374046,4192
ALMW,47.29576964095272,2813
TMT,47.29338842975206,726
AHM,47.290437255599,2813
PLU,47.278260869565216,1380
DGS,47.25197195442594,4564
KNRG,47.2486301369863,1460
MMZ,47.2438322368421,2432
TETA,47.234404536862,5290
ADQ,47.2341873498799,2498
BSDR,47.20558608058608,2184
KRA,47.189679218967925,2868
NGG,47.18524259804681,6451
KCYN,47.17971970321517,1213
RDBR,47.16959619952494,4210
RGH,47.13317619328226,5091
BOY,47.12712372576454,10006
NGN,47.09615870609047,7914
GWD,47.087024016071595,10951
DRPH,47.06728778467909,2898
KDHI,47.06728778467909,2898
KPJG,47.04249291784703,706
PWK,47.03333333333333,660
JJT,47.029646761984864,4756
BKSA,47.02828854314003,707
CSR,47.02307058500412,3641
BGSF,47.01338432122371,2092
JOC,46.97776532137519,10704
BOKE,46.965753424657535,730
GPU,46.948083067092654,1252
DLK,46.945626477541374,11844
KZH,46.93460891505467,4756
KCI,46.93037974683544,1896
KLJI,46.92504930966469,2028
SRX,46.90515463917526,1455
SMLG,46.90443213296399,722
KAUA,46.8558495821727,1436
KMDR,46.85316593886463,3664
MB,46.8489264830603,44806
DRGU,46.8481228668942,586
KSTH,46.847133757961785,314
OKA,46.834111158252014,4714
VNUP,46.8322216521293,1949
RPMN,46.82914358755858,4694
AAP,46.82386363636363,2288
MBNR,46.82333310157825,14383
SADP,46.812164948453606,4850
SKQ,46.807593434842794,5057
GHN,46.7923799006074,1811
BDHP,46.78563106796116,5150
ASAR,46.78407766990291,5150
MRA,46.778173492749936,15724
SRY,46.765246762994934,5329
BYL,46.75013227513227,7560
RJO,46.74911937377691,2555
MACR,46.722086389568055,4908
SNM,46.709463198671834,3614
KIUL,46.69327981775777,36874
MLR,46.68732782369146,726
RPD,46.63631376851344,1823
HIND,46.63082931311739,4353
HNN,46.63082778306375,6306
SIF,46.62328767123287,1460
GZH,46.604775930990954,9506
GOGH,46.59254143646409,3620
BMF,46.58282208588957,4238
MNJ,46.578875171467764,729
DDU,46.56660527931246,50499
DLR,46.52520682523268,7736
SZM,46.496841839312786,15832
SRNT,46.47624155314813,9323
DSPT,46.47397260273973,1460
MGDR,46.47079276773296,1438
MZZ,46.46937936703658,4866
ON,46.468165658617664,21659
TIM,46.38260869565217,1380
KKI,46.380535055350556,2168
JHA,46.37739726027397,1460
GRB,46.36998722860792,7830
GRY,46.369921164342024,1649
KED,46.36228034327748,4894
BUX,46.35420315236427,2284
CAJ,46.34041095890411,1460
SRL,46.325878594249204,313
AMLA,46.321005351681954,10464
NPI,46.30840018876829,4238
HTZU,46.301222596964585,4744
SMO,46.299151103565364,5890
TLMD,46.27581329561528,707
PTU,46.25341733032212,8413
KHV,46.253153910849456,4756
BCK,46.241851964666466,3283
HIL,46.24132613723978,3891
THBN,46.22392147911436,4381
GSRM,46.2076064200977,2866
TUN,46.20154419595314,7512
SPPR,46.18589743589744,1404
WHM,46.17944126074499,5584
SVZ,46.164073550212166,707
MFA,46.16082677165355,5080
MLSU,46.141780821917806,1460
SAF,46.14102564102564,1404
WRC,46.125945614393785,4891
BDNP,46.10699588477366,729
HOJ,46.08173515981735,2190
IK,46.05085324232082,2930
CHZ,46.035580857498665,16863
CWI,46.03219178082192,1460
SSU,46.027564549895324,2866
NVLN,46.01917808219178,1460
DKZ,45.99197691603913,14209
TRJ,45.986043265875786,2866
NYN,45.977116073890265,7254
CHL,45.97544944906244,5173
BKTH,45.948324681453514,4238
SLKR,45.93607305936073,2190
BAQ,45.933682472818354,17567
ANE,45.93150684931507,1387
KKG,45.922602739726024,1460
SCPR,45.9,2160
BHZ,45.89819944598338,1444
SSPD,45.895747599451305,729
DBSI,45.888211603352566,9187
KKLR,45.86754002911208,13740
RKMP,45.84519254056672,20645
BOJ,45.83623308478321,3621
SAHR,45.83366854384553,4972
KNN,45.808506158543004,9499
TMKA,45.80339917317409,2177
NNX,45.80013783597519,4353
LOT,45.79002441576561,2867
HUFP,45.786986301369865,1460
HSP,45.774420529801326,2416
JGP,45.767969295184926,2866
SJT,45.74759945130315,729
BES,45.74442896935933,1436
KLE,45.73060240963856,4150
SMF,45.71488645920942,4756
CHAF,45.70167480809491,2866
SMCK,45.68518518518518,702
SYC,45.66173361522199,2838
DHY,45.65896358543417,1428
CHH,45.65150108325596,3231
HBLN,45.64254385964912,1824
DPU,45.63972586553232,8463
RMJK,45.597325408618126,2692
SELU,45.58236485766073,9379
HBP,45.581433672068115,3641
JKM,45.56019171130533,3547
DOS,45.55812682215743,21952
PRKE,45.54798903107861,2188
JPD,45.54029957203994,2804
JRPD,45.51114206128134,1436
DBD,45.49576500270319,11098
AY,45.49192262358733,14423
BRRG,45.46827661909989,4555
CI,45.46793120077158,6221
DFR,45.43896484375,2048
CRE,45.3968253968254,2898
SRPM,45.394953373560064,1823
JPV,45.39268461007592,2898
TELO,45.39165481270744,4218
KAWR,45.37145528201932,9627
JDA,45.36885471024444,3641
DNWH,45.36564388656439,4302
MGRR,45.35383203304268,2179
CRDA,45.34910836762688,1458
KUJU,45.33147632311978,1436
PRP,45.31903748567687,6109
BLPU,45.30660930778256,2557
HZD,45.293581656153,9987
HMQ,45.28991596638655,1428
DNE,45.28972602739726,1460
ANPR,45.27794117647059,680
NHK,45.276,3750
SAV,45.26373626373626,2184
ANAH,45.25479452054795,365
TAE,45.25416666666667,720
MWE,45.25068493150685,1460
PSB,45.22403433476395,5825
DGZ,45.194101508916326,1458
KKA,45.171363506974096,3513
BNCR,45.16831683168317,2727
DTN,45.09418837675351,1497
MDT,45.068474104970456,2877
SVI,45.067961165048544,3605
BRZ,45.06035805626598,3910
KRRA,45.05478331970564,1223
KPNA,45.03945459820133,6894
DSJ,45.03577371048253,1202
KRZ,45.03221764811169,5587
RMW,45.03059440559441,2288
MWAI,45.0187617260788,1066
TLV,45.00235081374322,5530
CTU,44.99588477366255,1458
CPBH,44.993375174337515,2868
GTK,44.989041095890414,2190
CKNI,44.97361111111111,720
PKX,44.95756718528996,707
NDPR,44.94794520547945,1460
KJTW,44.92948717948718,1404
HAR,44.90832773673606,2978
BGZ,44.900095816033215,15655
DMV,44.890017931858935,8365
PQA,44.8489010989011,1456
PSX,44.8489010989011,1456
NPV,44.811868686868685,3168
BRN,44.80446793177997,4163
BNZ,44.785478001984785,12092
JSME,44.78034511287082,33844
TPY,44.77215189873418,1422
AZR,44.75768506900878,6376
ASE,44.75747270449257,5587
KDER,44.72753623188406,2070
MANK,44.71607669616519,1356
KIP,44.71230815528137,6646
KLOD,44.70879120879121,1456
PFM,44.70827475396666,9958
DAZ,44.66464748443547,5943
KHKN,44.65731049793847,6306
HTL,44.645604395604394,728
KRSL,44.64430894308943,492
SPC,44.640310786106035,4376
JNA,44.596672944130574,6372
PRNT,44.5827239488117,2188
KGS,44.58125175413977,3563
BLC,44.57123287671233,1460
KTSH,44.553018205046314,6262
BCP,44.544024104452625,2987
MRK,44.54371954520845,7388
KUDA,44.53248245054244,7835
PHR,44.51143389199255,13425
KURJ,44.510520869265264,5798
GBK,44.50301065308013,6477
KTHU,44.49686653116531,11808
MWP,44.47666195190948,707
BCY,44.47261407518323,12689
YNRK,44.45951035781544,3186
URK,44.45245398773006,4564
KTJI,44.44983481133716,5751
BVH,44.44354293441515,8874
KKDE,44.434323432343234,22725
STBJ,44.42581534221406,2177
KRHA,44.4056657223796,3530
KSMB,44.38734683670918,3999
MPD,44.37041719342604,1582
MSP,44.36684358413987,3203
HNA,44.35433973073618,3491
NGI,44.34722222222222,720
JCL,44.32509937535491,10566
GRMR,44.316619490497374,4946
NKW,44.2843362425356,2177
UCR,44.2698732718894,6944
JRT,44.268588770864945,659
GMDA,44.2600996126176,3614
CUX,44.256546929316336,4315
NRW,44.2538286580743,13190
GTM,44.25151108126259,2978
JYP,44.2493360873414,3389
PNHR,44.24794520547945,730
BFM,44.23883263847528,5037
JPR,44.217948717948715,702
AYC,44.193744389974455,14483
DN,44.188653136531364,2168
MTB,44.163698630136984,1460
KQL,44.156044757966434,8222
NWD,44.146098420971946,6523
JSB,44.134313725490195,2040
UKD,44.11883561643835,2920
MDH,44.11774421897121,4238
VSKP,44.11081990730523,36248
GKHT,44.106838780554796,3641
NGB,44.06254319281272,2894
RJAP,44.05187637969095,1812
JKN,44.04177789642285,7492
MPT,44.038277511961724,627
TQA,44.036579572446556,2105
GOK,44.02361071120069,3473
JRMG,43.99713682941531,6636
BSQP,43.99305917057088,5763
DUU,43.99178082191781,2920
BTPH,43.97534246575343,730
VNM,43.96498905908096,2285
BHD,43.95750426378624,7036
KMLM,43.924131627056674,2188
SPYA,43.921842288904394,2866
PNP,43.91451874867594,28322
TLMR,43.90478103656087,2489
DJS,43.90053839614622,3529
PLH,43.89327385037749,2914
WAIR,43.88629622305715,5057
EKH,43.88591443582687,3997
SSM,43.881506040512306,22018
PDU,43.87809073317566,4651
SLOR,43.87800963081862,623
SKLI,43.86047852407034,3469
MKZ,43.86047852407034,3469
WGA,43.85969738651995,1454
BBL,43.856293706293705,2860
MGW,43.818449290411905,5778
MPO,43.80796884361893,6676
SVPI,43.80333951762523,4312
CKRD,43.767920900851415,3641
BDPL,43.75846294602013,1093
RSR,43.74515356131562,4591
KCC,43.735225114512346,8951
DGNH,43.73299427844882,1573
BZA,43.72557654243322,65173
IMGE,43.71985981308411,4280
TMX,43.71632329635499,5679
PNME,43.69681432868472,14628
DHWN,43.69476744186046,2752
IDH,43.69448890921564,8746
PWL,43.694114989269174,8853
BTJL,43.688996539792385,7225
BMO,43.678019490107296,10159
ZARP,43.66847826086956,736
TOI,43.66711229946524,4488
UCA,43.648822869955154,7136
BRGL,43.64132688320664,1447
DPC,43.621428571428574,700
ANKL,43.60851302156259,3571
STW,43.60359974287551,4667
KSQ,43.59287183002056,1459
MAY,43.57876312718786,3428
BDN,43.563286713286715,2860
VBL,43.562775541498944,10434
KLWN,43.55252100840336,1428
NDPM,43.55038403466159,15233
CVB,43.529592463649394,4883
LDE,43.52884615384615,1456
KTKD,43.52121212121212,660
KRPU,43.4929451287794,4465
SJDR,43.491535150645625,3485
SF,43.4506128334535,1387
KQE,43.417582417582416,728
BRTG,43.40946915351506,3485
KQR,43.39925426645633,20919
GAJB,43.3963768115942,1380
NANR,43.39549839228296,2177
POU,43.393048128342244,4488
ISHN,43.37727632620744,2526
BSTP,43.37161231051906,2177
PLP,43.36163905841325,5735
SLHA,43.32727272727273,660
KKS,43.32076764907471,1459
KL,43.31567473294092,4587
SKP,43.31549676837517,6653
LOM,43.288634505314796,1223
MVE,43.27329192546584,1449
GLBN,43.26332288401254,4785
NBI,43.26182690211467,4587
RMY,43.26156941649899,1491
BTHN,43.25099601593625,502
RNPR,43.24868154158215,4930
MAI,43.23237760066246,9661
TIU,43.21874204227145,3927
AGA,43.20949720670391,1432
SCM,43.20545721573781,12937
IGTA,43.201219512195124,1312
BQP,43.18830242510699,2804
LKR,43.179100227790435,21072
BORA,43.163968166849614,7288
GCT,43.161105962310785,12948
JYG,43.157919801885896,10499
BDIN,43.15700141442716,707
SUKU,43.14857142857143,700
BIJR,43.12465753424657,730
AGTL,43.10652571660907,4919
BUPH,43.0625,720
IHP,43.05393929863186,6359
MSMD,43.04616042171249,7019
PHWR,43.031616341030194,2815
SDT,43.03090962614071,6794
SMBH,43.019421033345544,5458
VKB,43.01824086229531,14473
KSU,42.99256505576208,7801
SFG,42.985326633165826,4975
TPV,42.984298674110256,2866
BKO,42.97700534759358,3740
SJHG,42.95629299878592,2471
SDV,42.937628512679915,1459
AIH,42.91551246537396,5776
BADK,42.91395429362881,5776
FLK,42.90098039215686,5100
BHKH,42.89228971962617,4280
JID,42.88941890719861,9224
PK,42.88819875776397,1449
NAKD,42.88060263653484,2655
FLCK,42.87294117647059,425
BJA,42.852739726027394,1460
RSA,42.844743733632626,2673
JONR,42.843340234644586,2898
GHE,42.83497404689458,5587
MNP,42.824196185286105,9175
RAI,42.802850356294535,2947
VGLJ,42.794277373516216,46587
BDUA,42.787695687997804,3641
CBM,42.76745774287178,5857
DRGM,42.763636363636365,660
SONR,42.753863134657834,1812
SHNR,42.74470328827533,10431
JRO,42.71369863013699,730
BJ,42.70288174892348,3019
PFU,42.68714285714286,700
AKVD,42.6742465540067,12841
NCE,42.655502392344495,627
MURD,42.643702157272095,4311
LB,42.632876712328766,730
MWH,42.62958280657396,1582
MAUR,42.62931034482759,4640
MSAE,42.615809839690435,1809
GPJ,42.614285714285714,700
RNY,42.61330756164705,17073
KEH,42.610820780817704,3253
AD,42.60437872095256,10414
KBM,42.59258305433943,3883
SNAP,42.58442453480358,4353
MVO,42.574554412404,6901
TPSA,42.55294117647059,425
GDZ,42.52936775158997,2673
GUR,42.50800623494403,7057
LBO,42.49420127197905,2673
EKR,42.483269336258914,3646
DHO,42.47917947141979,13016
WSD,42.464383561643835,730
AGC,42.43679133077838,37835
VKR,42.43630136986302,2920
CGLA,42.4346314325452,1438
JVA,42.43150684931507,730
NRT,42.42439279185166,7658
RYC,42.41864716636197,2188
KNGR,42.410432395332876,2914
J,42.40876089060988,12396
KRDH,42.40865384615385,1456
BGA,42.392154105736786,7112
BRKA,42.37,11300
HFZ,42.36711990111248,4045
GSPU,42.36470588235294,425
DUE,42.36113074204947,4245
LNMA,42.355026455026454,3780
ARP,42.352353780313834,701
TPZ,42.34715257879656,11168
SUAL,42.33150684931507,730
RBL,42.331169682664566,15252
SONW,42.328054298642535,1326
NSU,42.304308390022676,2205
FDB,42.283843034089664,18246
JPI,42.28219178082192,730
VVKP,42.27929006968641,9184
MVG,42.2701062215478,659
PRY,42.23107476635514,4280
BBSN,42.22562061380538,9547
PAM,42.20865051903114,2890
BZY,42.198287671232876,2920
HTE,42.197254207263065,11290
BET,42.19642857142857,1456
SNGP,42.19344827586207,2900
BHJA,42.17,700
BTTR,42.16402609506058,6438
GZN,42.14861811228924,5753
RECH,42.13589364844904,2708
BFX,42.134350763072305,3997
BDU,42.129428436466696,4234
BSGN,42.12244897959184,3087
SWPR,42.11077089337176,5552
AMO,42.104674796747965,984
BSY,42.100143061516455,2097
DHMZ,42.1000336813742,2969
SSB,42.092660189812996,17807
BTU,42.067005649717515,8850
BLW,42.057354925775975,1482
JALD,42.047551454932574,1409
PGW,42.02579965775964,22791
PNBE,42.02394518699966,56337
BLZ,42.0186775440103,4658
KPLD,42.01662312989789,4211
CPB,42.01367053998633,5852
MXN,42.006435466571325,8391
MCS,41.99669858038957,12116
TKND,41.94993141289437,1458
BKRH,41.94787379972565,1458
GSDH,41.946960220165124,3997
KNC,41.93484848484849,660
VEER,41.866693037974684,2528
KBN,41.85332419465387,1459
MJE,41.83972602739726,730
AJNI,41.80978260869565,5888
GSO,41.795138888888886,4320
MURI,41.79047208450097,23195
KAOT,41.78236914600551,726
HZBN,41.7781926811053,2678
GDU,41.77399165507649,1438
AILM,41.74594517008756,6967
AYU,41.74132492113565,1585
SJQ,41.73966258683427,3023
MJV,41.73388203017833,1458
KUGT,41.73061224489796,2695
BTPD,41.724508886810106,2138
JSKA,41.70404151596163,6359
JUJA,41.69777158774373,1436
IPR,41.695681063122926,3010
SRKR,41.68219178082192,730
NRKR,41.66958151155528,6404
NBJU,41.65794660455116,5581
MAGH,41.6544227886057,1334
NYG,41.636986301369866,730
DPP,41.63333333333333,2970
KMA,41.602758620689656,725
MCY,41.60077352814783,2327
XSAD,41.59577677224736,1326
KAA,41.587762237762234,2860
SHER,41.527434842249654,1458
SDB,41.5208929593589,8735
GZL,41.512920908379016,2554
MKRD,41.50142857142857,700
TGQ,41.49965753424657,2920
ROHN,41.494898872382315,5587
KNW,41.487643230726235,25047
GNNA,41.48708191468055,4993
SGRL,41.47682737169518,3215
GNRL,41.46984378089777,5057
IAA,41.45676532769556,9460
ISM,41.454984786110614,5587
DLPT,41.44122536214676,4211
GDX,41.42768595041322,1452
AJR,41.41749309055438,6151
PVP,41.407407407407405,10017
BXA,41.40478862701085,2673
MGVK,41.392857142857146,1456
RRGA,41.38906752411575,2177
WG,41.38055555555555,720
BPM,41.380110108937565,8537
RTN,41.370384615384616,7800
DHKR,41.364983164983165,2970
DVL,41.360652765185854,5515
KYS,41.35615413393191,2673
KZU,41.34461805555556,4608
KLBG,41.31048012390294,19370
RKL,41.304358068315665,4245
BBE,41.28946710032525,3997
DKDE,41.24267578125,6144
DLI,41.24205258693808,58950
PRNC,41.241485566007135,6166
KRE,41.234944639481505,3703
LGO,41.234735139506675,4946
PLWR,41.22054794520548,730
GHR,41.21386481802426,8655
SCY,41.20682839173405,11130
PBV,41.19857142857143,700
BZO,41.189655172413794,4582
CCA,41.18189167340339,2474
SGG,41.18093315920693,16846
PURI,41.179397337070775,18551
KAT,41.141917152684314,6687
ALB,41.13725490196079,2142
BPQ,41.1273180684652,22055
YL,41.119617224880386,1463
WIRR,41.110781404549954,1011
KTLP,41.09465020576132,1458
DNRA,41.08183079056865,2163
RXR,41.05494505494506,728
CHRA,41.047391365490085,7111
KPKI,41.03323156411461,8516
VKDH,41.032907662082515,2036
BTO,41.02054794520548,730
HDD,41.018772563176896,1385
SMVB,41.0109082558273,8709
BLRG,41.00817661488144,1223
RMC,41.00338000965717,2071
RMGJ,40.99452054794521,730
GMO,40.97280345483523,19451
PT,40.972165434816795,6359
RGDA,40.97197560410716,12953
MMKB,40.97117998912452,1839
PJY,40.95716783216783,2288
VTG,40.95665171898356,1338
DCH,40.95665171898356,1338
TKLB,40.95123626373626,1456
DQR,40.94554819720383,2718
HPG,40.94260485651214,2718
YKA,40.94260485651214,2718
PAIL,40.941624365482234,2758
MZX,40.93287671232877,1460
MJL,40.916360492759885,4627
APRH,40.888888888888886,1458
PQL,40.86252771618625,1804
MOF,40.84847637685211,3577
UR,40.848214285714285,8512
MQR,40.84708249496982,1491
PB,40.8469995419148,2183
KHNP,40.836442786069654,3216
GNO,40.75616438356165,1460
BCD,40.6875,1712
KSRA,40.66195891415994,5452
KAPP,40.65674704976911,3898
BQSP,40.64642429085098,2503
DAYG,40.64118811881188,2525
PRTR,40.63733609385783,2898
DXU,40.603658536585364,1312
LC,40.58435277382646,3515
MGRD,40.581043956043956,728
CHLR,40.534851621808144,1449
CDL,40.5335182616736,2163
DRLA,40.52522421524664,3568
MVF,40.52503793626707,659
JOQ,40.52354570637119,722
LRJ,40.521602564102565,15600
GZB,40.5162975657643,60101
LEB,40.514066496163686,2737
MRDW,40.50471414242728,4985
SPZ,40.50131781243137,9106
ASKN,40.49143454949653,7647
IQB,40.489135460009244,2163
BKKI,40.478684531059685,821
UKR,40.47516272696129,2919
HAPA,40.471692977681,7348
KRTH,40.45747599451303,1458
DSAP,40.457317073170735,328
DOH,40.42259414225941,717
MVA,40.41945773524721,627
HM,40.40454222853087,1409
SRA,40.383270911360796,4005
BVO,40.37808219178082,2920
SNN,40.34861111111111,720
BDVL,40.309747835905156,5314
RTU,40.27147603227338,2107
SHMI,40.25046904315197,1066
NVC,40.2453531598513,1076
UD,40.24063344920819,10356
RMBG,40.23667820069204,2890
KEX,40.20311584865878,8537
SUJR,40.184006640841176,7228
KDRP,40.17682072829132,2856
CPK,40.16835300730747,10674
SB,40.14965034965035,2860
TDU,40.14020253662373,10171
NB,40.13686382393398,1454
MKDI,40.12936046511628,688
ASAF,40.12834569493712,3101
MEX,40.11180124223603,8694
SRU,40.10946912650602,10624
JGR,40.10635658914729,3225
BURN,40.10012221491022,10637
MIK,40.09418402777778,4608
BAOL,40.0932881773399,6496
APDJ,40.091721542803384,6378
DPH,40.087204206836105,4564
SHT,40.07456541628545,2186
MHJ,40.06248620004416,4529
PNRA,40.02787193973634,2655
CLR,40.02172312223858,2716
GDR,39.96792970487913,26972
KRLR,39.960629921259844,635
NDLS,39.95545835813252,72247
RJJN,39.940934065934066,1456
BOZ,39.92239010989011,2912
MALM,39.91424938408964,12583
VDS,39.909007164790175,9770
MQC,39.90459996420261,5587
ALW,39.89778076664425,2974
SKAR,39.89241379310345,725
BINA,39.8875981072734,35293
GAP,39.884347275031686,3156
GOG,39.88294628196106,4263
KJN,39.86922240348015,7356
MTJ,39.86699087873423,44621
MRJN,39.850371747211895,1076
KDF,39.843835616438355,1460
ABO,39.819520942743694,7807
NPZ,39.800554016620495,361
TGL,39.768036529680366,2190
HMBD,39.75997150997151,2808
CTHT,39.7305479109332,3997
KJZ,39.72977281785572,2509
TNA,39.71464480874317,36600
JMP,39.71413366446406,22549
PUWA,39.70295548073326,2673
MSZ,39.7001287001287,5439
DER,39.6973462187452,6519
CTR,39.69345698093766,3882
LNP,39.68630136986302,730
DPX,39.6801667659321,5037
BHLP,39.677662244532094,5578
ARK,39.67289073305671,1446
ZPL,39.63985448666128,2474
BSBR,39.622049286640724,3855
NW,39.619103222793086,4282
AKR,39.61341853035144,313
RMT,39.60166551006245,2882
KNDI,39.589310187300136,2189
AUNG,39.576062128825946,2189
KWV,39.57135449076955,19284
BRST,39.55643769416638,5794
KDJB,39.53653846153846,520
APD,39.523972602739725,1460
SVN,39.494334277620396,2118
DEG,39.493223064553185,8706
PRG,39.48896686159844,12825
YAD,39.44965517241379,725
MOZ,39.44889103182256,14518
NKBR,39.428820655966504,2866
XSAN,39.409166666666664,2400
SKSO,39.40852974186308,2673
BBI,39.39067524115756,622
MOTC,39.38996735956021,5821
GHAI,39.37945205479452,730
JNL,39.36987237921604,4388
MIU,39.35728186831009,6166
KIR,39.33742777066537,28901
PTKC,39.33240149094782,15024
MNI,39.32980193459235,4342
KMGH,39.3271560940841,2806
JAJ,39.2967409205166,23074
KDJR,39.294736842105266,2850
KHKT,39.28846153846154,728
HDE,39.28122809477078,7133
TAA,39.27967806841046,994
HRH,39.27945205479452,1460
BEAS,39.26021956444127,22408
SIRA,39.24923780487805,1312
SPGL,39.248216833095576,701
MWQ,39.22903003106662,5794
MHO,39.22598870056497,2655
BWPB,39.22299168975069,1444
CMW,39.18741159830269,1414
CBH,39.175544388609715,2985
KZI,39.164850136239785,5872
KCD,39.07343631299063,3949
BHAD,39.05681818181818,2376
GWL,39.040187339477264,39714
BGN,39.02879078694818,2084
GVDP,38.987846562856056,2633
MCTM,38.981235639520044,7834
SFY,38.97828768813225,4053
MNR,38.977051460361615,2876
NTSK,38.947851153039835,7632
SDE,38.93227648910129,8579
JM,38.91081475307356,4799
BHBR,38.90684931506849,730
SFR,38.89283074648928,1353
PM,38.88522427440633,9854
DZA,38.880576713819366,7352
BDHT,38.87980769230769,1456
NOLI,38.87091484127914,8537
DGR,38.870423470465724,33131
BSBH,38.86307519640853,2673
CTF,38.85984677782785,2219
PSPY,38.841147938561036,2474
VZR,38.82832993296415,3431
YG,38.821165985889344,13465
POZ,38.81511254019293,2488
AF,38.796513739256746,8261
GTNR,38.79380341880342,5616
TNT,38.791076115485566,1905
LDR,38.78472222222222,1440
MGLP,38.7806012884753,5588
PPU,38.77602739726027,1460
MSDG,38.77543186180422,1042
NMX,38.76925320886814,3428
BNL,38.75456919060052,2681
RLE,38.74629773967264,2566
BQR,38.73399833748961,10827
MZHL,38.722727272727276,660
NGF,38.71387808041504,3855
PMPR,38.70870459218643,1459
GAH,38.700934579439256,963
KPRD,38.70060437006044,6453
NBP,38.69667590027701,1444
DBV,38.67445054945055,3640
PVPT,38.65940881499076,7578
DSA,38.65665218460529,24398
TBB,38.60907911802853,3855
BJF,38.603790819821874,4379
FLM,38.59118086696562,1338
NGTG,38.59118086696562,1338
ABW,38.59118086696562,1338
KTO,38.5775950668037,2919
HNM,38.573793103448274,725
KZX,38.566011877569665,2189
VDI,38.56164383561644,3650
SMT,38.5224153705398,2186
CHDX,38.52066115702479,3630
KKM,38.516163035839774,2846
PTRE,38.51519607843137,2040
HAA,38.512081784386616,1076
AWP,38.50616438356165,1460
ASN,38.50328540886178,50983
NPL,38.4989224137931,1856
BDY,38.48923884514436,1905
DWDI,38.48097731239093,2865
PBN,38.45779749536699,17807
MVV,38.452452452452455,4995
AGY,38.42974640164496,1459
GGD,38.41585760517799,1854
PTT,38.38994356080041,1949
GDV,38.38779838232393,20276
SIP,38.35625728515418,9437
CNK,38.35443843461661,3143
DLB,38.34807073954984,2488
MKR,38.34109589041096,2190
SEM,38.325093720712275,8536
MRV,38.324657534246576,1460
SZH,38.30769230769231,1456
PSK,38.30357142857143,1456
IKK,38.299668874172184,1812
ACU,38.28914141414141,2376
DTL,38.287868403015764,1459
JRC,38.27478535402148,25973
DSNI,38.234722222222224,1440
LCK,38.22913719943423,1414
XGN,38.20963704630788,1598
JAT,38.20840710866286,15249
PHX,38.196339434276204,1803
LAV,38.19168483338524,6422
NARD,38.190863579474346,1598
KJA,38.18455366098295,1994
TAC,38.17749699157641,1662
KSK,38.158088235294116,1360
BBTR,38.14972527472528,728
SRPB,38.149584487534625,722
GLBA,38.134291377601585,2018
BAHN,38.125346260387815,1444
SIR,38.12268726423567,16701
MXA,38.10026187803965,2673
BNGL,38.08634079488351,2189
GNH,38.08117964166799,6307
KUKT,38.06803542673108,2484
PATR,38.06301369863014,1460
DTE,38.05769230769231,364
DMRX,38.05141388174807,8169
PNVL,38.04780546216552,21713
AH,38.039404636962125,10481
PRSN,38.010466988727856,2484
RU,38.00855426185546,29459
BPHB,38.00511622733845,17982
BAE,37.99722607489598,2163
BRKY,37.98666883433588,6151
RSI,37.95616438356164,1460
NAK,37.94261226010807,5367
RMO,37.93543956043956,1456
BTSR,37.93520518358531,5556
JGWL,37.93056116269681,2477
CCK,37.92638036809816,2771
PRI,37.92439293598234,1812
MACI,37.92,425
KBP,37.91555759522717,2179
KXX,37.90684931506849,1460
BHKL,37.90590405904059,2168
CDB,37.904478976234,2188
NMM,37.89177560814165,6043
BUBA,37.88470588235294,425
SFX,37.88221153846154,2912
AMQ,37.88118131868132,2912
KNR,37.87862068965517,725
MTND,37.87324929971989,1428
BRH,37.83959499067413,3753
BCYN,37.831898613103775,4182
VP,37.803804550540846,2681
BLL,37.80211081794195,3411
DLMH,37.80029732408325,2018
HNSL,37.777101096224115,821
KAH,37.7676120768527,2186
RKO,37.76025554808339,2974
STL,37.72147577092511,9080
MPY,37.71490280777538,4630
AWB,37.71238271747944,8633
KWE,37.7038062283737,2890
TNJR,37.69004560465482,6359
PPTA,37.68858177914934,14906
RPH,37.66801401239558,29688
CTMP,37.642137333020855,4267
SGYW,37.6061355764473,2021
PPA,37.5978273299028,8745
MJF,37.58779619824668,11521
CTS,37.579666160849776,659
MLY,37.57801969932608,3858
DYE,37.57128446536651,2974
YGM,37.55829903978052,1458
AMW,37.54931506849315,1460
GUU,37.545271629778675,994
KNHP,37.53154875717017,3661
BPK,37.52638888888889,720
RC,37.52308176100629,15900
AEH,37.504702194357364,638
AJUG,37.5014245014245,2808
NHB,37.49317406143345,2930
BWSN,37.49061245629937,7723
INJ,37.48082191780822,730
TBR,37.47909156452776,2774
BBAR,37.47701149425287,174
BARS,37.46376811594203,138
GHH,37.46255335661622,10308
TU,37.46070523162019,8678
ATX,37.457750582750585,3432
KSTA,37.44823556905819,4279
CRP,37.44415616506054,16188
CGH,37.41434444952033,2189
KDH,37.404137931034484,725
ASR,37.39921292617399,26427
BHWR,37.390243902439025,984
GOPG,37.38710743801653,3025
MZU,37.38299817184644,2188
MJY,37.371056241426615,1458
BDWS,37.36439628482972,3230
HRNS,37.36213991769547,729
JAR,37.333333333333336,1671
UGN,37.32248520710059,338
RPWN,37.3213644524237,1671
DKD,37.31503489907565,5301
KIY,37.31307746979389,2814
BNBH,37.306210146936515,7214
DVD,37.27786995748211,19286
UTP,37.27069735486087,2911
SASR,37.23702213279678,2485
NLPD,37.235985887887104,2551
ULD,37.230039767513,3269
LTRR,37.21612426035503,6760
GSB,37.200091365920514,2189
MWT,37.19709953856295,3034
NGE,37.189856065798494,1459
KAMR,37.16217833632555,1671
ULG,37.1592,6250
MHLT,37.15701171256727,3159
BMC,37.14996544574983,1447
ETUE,37.14141856392294,2284
MKPT,37.1407867494824,1449
MTR,37.12829867444972,8223
NPRD,37.12332990750257,2919
NDPU,37.12002743484225,1458
JUK,37.10890410958904,1460
KJ,37.1021840873635,2564
AHQ,37.09284867641249,7593
SFA,37.09284867641249,7593
PNF,37.09267059814659,3561
PJPT,37.090118938700826,2186
BDXX,37.08649468892261,659
BMPL,37.07552870090635,3641
GJD,37.07508342602892,3596
DPW,37.07093184979138,1438
MRM,37.064888248017304,1387
PTNR,37.05912346728178,8237
JUBS,37.054794520547944,1460
NQH,37.04570637119114,722
SOHL,37.029425612052734,4248
BHP,36.99403673718116,22974
HIKD,36.96944109368717,2487
SKRI,36.962411902897415,2554
TKWD,36.95723317218297,2689
RWL,36.9533804940276,8623
DMK,36.943854324734446,659
JHWR,36.93903013182674,4248
BIRP,36.93453411846207,2887
HNMN,36.93296089385475,1253
SPDM,36.92814371257485,1670
MAO,36.921908506075766,16788
SWS,36.90720221606648,1444
UMRI,36.90242656449553,7830
KMEZ,36.89681335356601,659
PAN,36.85955083787901,20349
DLDE,36.847527472527474,728
PTAB,36.839201552536736,7214
HGI,36.822081312942935,2681
BPBS,36.82079646017699,1808
WP,36.805898491083674,1458
TPQ,36.80424886191199,659
LKS,36.80162738496072,7128
GDE,36.790485829959515,1976
GTF,36.78058252427184,2575
POT,36.74190213645762,2902
KEK,36.73194643711143,4182
SDLE,36.717893106119284,6455
HRV,36.683686176836865,3212
KKL,36.680987202925046,2188
KMPU,36.657087378640774,2575
GILA,36.64961169483782,2189
KLU,36.64625506072875,1976
DSB,36.641214194100044,11695
ODG,36.63232876712329,3650
KLRS,36.6306216931217,3024
AHMP,36.629629629629626,648
PRGR,36.62402923709456,2189
SZY,36.61456752655539,659
OBVP,36.60778086542279,2519
CH,36.60679036715357,7599
GPNB,36.60314875135722,1842
MZH,36.58779576587796,3212
FGR,36.586303284416495,5724
DRA,36.58499655884377,1453
SLS,36.56560871624822,4222
PATA,36.55032119914347,3269
KTRI,36.54807692307692,520
MKTP,36.53366336633663,2020
GHSR,36.530212302667394,1837
SANG,36.521844660194176,412
STUR,36.50961538461539,728
KTKA,36.505778756191525,1817
MNV,36.500138389150294,7226
GHY,36.482027649769584,22785
UCB,36.47830059387849,2189
PAK,36.472113118617436,11457
SNF,36.46195826645265,6230
LRB,36.446575342465756,730
KWMD,36.43151438905488,6359
HAUR,36.41,2300
DDL,36.397037938729966,4929
DIR,36.39605462822458,659
BKJ,36.35925432756325,3755
RCTC,36.352240896358545,2856
FM,36.34366035570855,6972
JRJ,36.332815533980586,2575
DBRG,36.33061028351754,6243
SNQ,36.33014354066986,5643
SBO,36.328810975609755,6560
ATC,36.31965382467895,3582
VAR,36.31518704634283,3582
JOO,36.31518704634283,3582
BRND,36.31403803131991,3576
DWT,36.31244743481918,2378
CLG,36.312052445789206,9915
NCRM,36.308622078968575,1241
ANGM,36.29575536284801,2191
DGN,36.28748280605227,1454
SEN,36.266961651917406,1356
KHRJ,36.250104558762025,2391
NTG,36.23725777560658,6141
GVG,36.23615464994776,3828
KMRJ,36.23023770038695,3618
MRTL,36.1849234393404,2547
KMPH,36.1606648199446,1444
KMSD,36.156297420333836,659
JPZ,36.12945205479452,1460
BPL,36.11643788841084,43929
PKR,36.113621063654726,13369
LHD,36.11164383561644,1460
KBE,36.09315068493151,1460
MTC,36.084740329130156,18716
AHA,36.07932216800739,15166
BAMR,36.06786703601108,2166
STPD,36.06535778868509,7742
BPW,36.06164383561644,1460
MALB,36.058035714285715,224
SGRE,36.056164383561644,1460
PFR,36.051977401129946,3540
ARR,36.051827499516534,5171
PKNS,36.019444444444446,3600
MUW,36.009923799397484,5643
AIT,35.97473093121198,6411
PDG,35.967948717948715,2184
AWL,35.965722120658135,2188
SPK,35.946532999164575,2394
RJP,35.939206215875686,9524
HLKH,35.924406915963004,2487
RIKD,35.92188599577762,4263
SDGH,35.91656111462951,6316
DVH,35.887362637362635,1456
GELA,35.887362637362635,1456
GHG,35.88325428675666,2741
KDPA,35.880121396054626,659
SMDP,35.87564555585757,7358
CEME,35.8724279835391,1458
SBB,35.85313041326404,24246
PNVT,35.8513698630137,1460
SSL,35.78762975778547,2312
PCV,35.78101439342015,2918
SZV,35.77602739726027,1460
MLB,35.76598702502317,2158
DDNI,35.75938281901585,2398
KNAG,35.75593084036992,2487
LNWT,35.728222996515676,574
AAG,35.714285714285715,1449
HSRA,35.70303226502644,9267
ROK,35.67398401440955,26649
NAT,35.66924864446166,6455
GBHA,35.65868886576483,961
CJS,35.65857359635812,659
CHBR,35.657534246575345,730
SKIP,35.653383716935764,2911
SKBR,35.65151515151515,660
LPI,35.64062958830093,17027
GWV,35.63594751296918,3277
BDKT,35.634453781512605,1428
JK,35.61793785310734,4248
KRNI,35.60890410958904,1460
LCT,35.597527472527474,728
LYD,35.59734310581768,2183
HMPR,35.5909604519774,2655
KYA,35.58518368994752,4954
NMT,35.584341637010674,2810
KYQ,35.575662612205875,18827
RXM,35.573680603152845,1459
SHW,35.55796879779749,3269
SRTL,35.54094673346284,9781
BBA,35.53457106274008,3124
NAND,35.534246575342465,730
KTRR,35.51813725490196,2040
JMI,35.504120879120876,728
LDH,35.48614826359005,42991
BRBG,35.47641509433962,212
JLPH,35.46849593495935,984
RHMA,35.44695945945946,2960
GRKN,35.44257703081232,2856
SUR,35.434143109540635,22640
ATWN,35.41509433962264,212
JRW,35.41053535642714,3493
WKA,35.38647342995169,1449
BTE,35.381059582770526,19989
HAN,35.37908934379185,10454
MBC,35.378359751895246,2902
FBG,35.358745874587456,9090
POKL,35.35527065527066,3510
KMRD,35.35502958579882,169
NBD,35.34088269454123,15498
CRX,35.33835616438356,730
KDJ,35.32463071109584,2911
RPUR,35.32010541001395,6451
ARGL,35.315352697095435,1687
LHB,35.29174630755865,5755
GAGA,35.28465461288827,4314
BWM,35.27982564199753,10553
RDU,35.25869565217391,2300
CHIT,35.24232804232804,945
GHJ,35.238072818581294,6372
BQA,35.230593607305934,15768
DYW,35.22181818181818,2750
PPT,35.208494635549165,9041
KIKA,35.206849315068496,730
TKN,35.1932628473076,4067
MLT,35.18349514563107,5150
GRX,35.172629187961384,1761
CPQ,35.172260273972604,2920
KWR,35.17024863042562,7119
HEM,35.16766156241889,3853
RJAK,35.165079365079364,945
BRGJ,35.146492434662996,1454
BKSC,35.142360263607515,16388
ARL,35.138423510024715,3641
COB,35.133462282398455,2068
GT,35.127852004111,4865
BLME,35.11316872427984,1458
NMG,35.107861060329064,2188
LMM,35.097689315946006,4371
LLJ,35.07723004694836,4260
MHBT,35.07082494969819,2485
PIZ,35.061079298976225,5763
BOKR,35.060098792535676,3644
PGK,35.05243958048336,6579
KRMR,35.05,2080
TNDE,35.048858447488584,2190
ALS,35.04621513944223,5020
AGI,35.032758620689656,4060
PAU,35.03256714491386,20143
YA,35.03018976423232,10434
DMYA,35.016666666666666,660
VKN,35.00257142857143,7000
ADRA,34.998817780580076,25376
KBQ,34.9731985940246,4552
SQW,34.971801198449064,2837
KUMB,34.96948717948718,3900
JBK,34.95521023765996,1094
OMLF,34.950394588500565,4435
BSQ,34.9445205479452,1460
MYL,34.94448252227553,2918
DKGS,34.94220183486239,3270
GHNH,34.940794223826714,1385
SAB,34.93141289437586,1458
DDGJ,34.9309681555888,4679
MFZ,34.93004824259132,2902
LAD,34.91974560872199,3302
YDD,34.91083676268862,1458
VSHI,34.908747640025176,1589
BLU,34.90768755788824,6478
SMH,34.90497944266789,4378
JTRD,34.90085287846482,1876
KAU,34.892329149232914,3585
JPH,34.88985109304045,9469
KOU,34.88637573177222,7516
MNC,34.878493604926575,4222
WDS,34.87301587301587,1449
DLW,34.87218869994515,1823
RMP,34.866098432774265,3637
RJR,34.84445640473628,5574
KHRY,34.84167237834133,1459
SPRD,34.83957922419461,4563
SLX,34.830007390983,1353
HZR,34.82940360610264,2163
RPV,34.82375749030666,2837
BPGR,34.81849315068493,1460
AJK,34.81728123280132,1817
LLJP,34.81712328767123,1460
PIA,34.815876901556216,5719
DPJ,34.79645674382517,7733
RPJ,34.7944238416514,22381
BDBA,34.79341736694678,2856
BPGJ,34.79112964366945,5276
DWJ,34.78767123287671,730
TAZ,34.77866373384658,3637
RNG,34.76997756102028,21837
TPP,34.76027397260274,1460
AGB,34.72078907435508,659
PSD,34.7201540436457,2337
RJG,34.71573192954039,4939
GNPR,34.71335128895729,2599
LS,34.70179092044981,7203
VVB,34.69536961819659,9848
BNGN,34.69197553076646,5558
LBG,34.69104991394148,4648
GTRA,34.682338996444095,7593
FAP,34.68181219544317,7593
MOJ,34.666,2500
PRCA,34.65992458004799,2917
KRKN,34.65826843792946,2183
PDH,34.63049579045837,2138
PPTN,34.62200736648251,2172
NLN,34.61538461538461,728
MJM,34.61108479393652,4222
KONN,34.607594936708864,1817
CHK,34.60726525017135,1459
CBK,34.60620206735579,2999
VPR,34.59559834938102,727
DSME,34.58916323731138,1458
DR,34.577477334181644,31435
LIG,34.57220921155347,1281
MABA,34.55013455013455,8547
KNF,34.53042688465032,2202
BRRZ,34.508559201141225,1402
PSDA,34.50387596899225,1806
SRPU,34.50172294968987,2902
GJWL,34.49637389202256,1241
AMH,34.49568300955905,6486
KVK,34.47654584221748,1876
GPE,34.47395221308265,2553
DLZ,34.470426948687816,2553
RPAN,34.467263782010846,7927
BSLE,34.46046270718232,5792
HNG,34.436022253129345,2876
HYG,34.39750692520776,722
ATMO,34.38668320926386,2418
TILA,34.347091932457786,1066
ARQ,34.33867200533867,5994
GTST,34.33401555464593,2443
JNT,34.320629159104655,4959
JAM,34.31490384615385,7488
KITA,34.31,3900
MAUL,34.298630136986304,365
JIND,34.28909860388189,20557
KSY,34.283527530271876,4377
MQL,34.280409508936316,5763
PBJM,34.26520547945206,1825
CHAH,34.261538461538464,1820
LHNA,34.259277585353786,2021
GUNA,34.247137225455226,10654
DHG,34.236311239193085,3817
VDE,34.22359470103831,5586
AKN,34.22230619736558,9262
SPDR,34.22138450993831,1459
MULK,34.21229326092323,4051
LXA,34.20931349015842,2083
MAR,34.1964824120603,1990
CRU,34.19169535283993,4648
NNGE,34.179452054794524,730
MDLE,34.178378378378376,5920
JAG,34.16588084012002,4666
VSU,34.16418036955416,11798
DLPR,34.16301369863014,730
CCT,34.16168582375479,5220
PDS,34.154520547945204,1825
SRTN,34.146538655886815,1979
MUK,34.13873626373626,728
KPPR,34.129133858267714,1905
SMND,34.127513711151735,2188
KNGN,34.125171939477305,727
BTKD,34.1013698630137,730
DMW,34.098591549295776,4260
SMQL,34.081331331331334,7992
MHT,34.072451903397464,2443
SYWN,34.06215722120658,1094
YJUD,34.05976720342561,16581
AGZ,34.05766312594841,659
RGB,34.05325211239929,5089
EKL,34.05016824717039,3269
VAA,34.05012393280088,3631
RAPU,34.046904315197,1066
PBP,34.027434842249654,1458
SGND,34.02200825309491,727
BHHZ,34.01660967269174,6141
KHJ,34.00684931506849,1460
BATL,34.002686567164176,3350
ARPL,33.99889928453495,1817
PPLI,33.99393939393939,495
SYM,33.989026063100134,1458
GAG,33.985128205128206,3900
PHV,33.96052631578947,1444
SHDR,33.958308278212066,4989
AHH,33.956482114376854,4389
JPML,33.95328282828283,2376
CLVR,33.951539626451286,3962
SCPD,33.94856622667274,2197
KAJG,33.94350725774814,2549
KQU,33.94033613445378,2380
THKU,33.90684410646388,1052
GGC,33.90137202787156,13921
KTMA,33.89883630721489,6445
DPRA,33.89115929941618,2398
INP,33.89041095890411,730
NKX,33.871016691957514,659
PTLD,33.865753424657534,2920
PMQ,33.86158192090395,4248
RNX,33.85521971043942,3937
NRGO,33.83788010425717,5755
RWA,33.835481425322214,3957
SRM,33.81238229755179,4248
KRNT,33.81130196664177,12051
PCDR,33.8041095890411,730
BMU,33.785191956124315,1094
KKLU,33.76176024279211,659
KXI,33.74628508530545,1817
HRE,33.7408592321755,2188
SMVJ,33.73561783728583,8813
MJHL,33.71769273433167,1803
SMBX,33.716062176165806,1930
KNG,33.71385359951603,4959
AUR,33.699771167048056,2185
NPS,33.696885428253616,5394
SIE,33.69471523858389,1949
ODM,33.69088165552921,9278
CKLT,33.68957788569294,2677
CTA,33.67601043024772,3068
POX,33.66986301369863,730
SBW,33.62904335856848,1453
CPSN,33.602306327616795,3382
JHW,33.600913242009135,4380
WDL,33.578371810449575,1646
MNDU,33.57033426183844,1436
KLP,33.561348897535666,3855
SNCA,33.55629691409508,2398
GTD,33.55310663308144,4764
RG,33.5296537538567,2917
BJR,33.52460301901588,5101
SRJR,33.52358490566038,212
BN,33.52324140068175,6454
MHC,33.51392978482446,4415
NKLE,33.50867579908676,2190
GRU,33.49178082191781,730
DLGN,33.491471215351815,1876
KVLR,33.48972602739726,1460
BERO,33.485837438423644,8120
CEU,33.48559670781893,2916
HR,33.48066298342541,3620
AWY,33.47699284842142,28665
PUY,33.44041095890411,1460
JHL,33.439891281622415,14349
RRS,33.43931535269709,3856
SXP,33.437916666666666,2400
BEE,33.43630136986302,1460
DPI,33.420997375328085,1905
KLX,33.40533778148457,3597
JMIR,33.40081224617307,3201
ALPD,33.390946502057616,729
BSPL,33.37228260869565,736
BDM,33.37086312988525,6013
DLF,33.356583270154154,3957
BWN,33.35032039656632,49626
RNC,33.34378265412748,21054
BOKO,33.33986655546288,2398
GFAE,33.33379501385041,722
ADF,33.32873245916724,4347
CRLM,33.325047521567484,6839
BHBK,33.3238199780461,3644
GY,33.31182397392206,13498
PDRD,33.31058495821727,1436
HKD,33.28403361344538,1190
NRE,33.27936578829835,4478
TBU,33.270233196159126,1458
IDS,33.261768901569184,1402
GJJ,33.25600549073439,1457
TKJ,33.25185227402257,17546
BLPE,33.239489844119035,2117
BGHI,33.23506743737958,1038
KUB,33.22696099442778,4666
KURT,33.22520380434783,2944
LBZ,33.22290809327846,1458
SBE,33.21888865413057,4733
NIN,33.21777986829727,2126
SRBA,33.21259029927761,3876
PRNA,33.2092050209205,9321
KDPR,33.20850282115208,7621
SHAN,33.18641953306006,5611
MLV,33.18235856066235,9421
PU,33.162298387096776,1984
BNHR,33.15710253998119,2126
PNW,33.151709401709404,5148
NRYP,33.151041666666664,960
BDXT,33.145555857569995,7358
VNA,33.14312011044639,2173
MDKD,33.136610169491526,8850
BGP,33.134900934242,22157
DHPR,33.11054359722729,2741
WDN,33.10864128924701,3599
DMPR,33.10285977859779,2168
SVW,33.086301369863016,1460
JSRD,33.07149576669802,2126
SNI,33.06589743589743,3900
GLA,33.06087162482236,4222
BATM,33.06058713304185,3202
MRR,33.05451197053407,8145
BKSL,33.0441647597254,4370
UMB,33.03176872646115,57352
KEF,33.026940639269405,2190
SVDK,33.01809060504713,6578
RKI,33.017857142857146,8120
BMBE,33.016460905349795,1458
CTO,32.998748194511315,10385
SVC,32.99741035856574,5020
QGT,32.99039780521262,729
MET,32.98378805852116,5058
GAYA,32.979308306237066,37213
MQG,32.97656788421778,2902
BTF,32.9664306919388,4379
NHLN,32.96421725239617,1565
SMKR,32.961251333096335,2813
DIB,32.95469912102772,2958
BIGA,32.952652189391245,2809
DUMR,32.94794520547945,2190
AJRE,32.9472602739726,1460
BIS,32.940123881624224,1453
PVZ,32.93425605536332,2890
GAA,32.92249134948097,1445
LMN,32.90805254140491,3502
RGLI,32.907936507936505,945
MRHT,32.904960400166736,2399
DRTP,32.885690515806985,6010
ULA,32.85245901639344,1281
PSV,32.84440559440559,2860
RSWN,32.841262580054895,2186
KMBL,32.81792318634424,4218
PTRD,32.81337241764378,14328
KCT,32.79591034211561,2543
URGA,32.794117647058826,3876
SIVN,32.7871705619095,2011
HUP,32.78559176672384,12243
KZS,32.78552036199095,2210
HDGR,32.784897025171624,2185
HTW,32.77988047808765,5020
GNJB,32.769049858889936,2126
PPM,32.76771833561957,2187
PETA,32.73397435897436,2184
NDB,32.722261876437464,12609
GPSL,32.7218018018018,2775
MCV,32.72168199737188,3805
STN,32.714511922503725,10736
MVPM,32.70913242009132,2190
KWGN,32.704097116843705,659
BJI,32.701850582590815,1459
MWRN,32.69298245614035,3876
KTHD,32.68859649122807,3876
IBL,32.685791388008916,8523
FLR,32.68181818181818,374
SVRP,32.67601246105919,6420
JDR,32.675514874141875,4370
THE,32.65848535102266,9045
KO,32.65173674588665,2188
IMAM,32.64297124600639,1252
MNJR,32.62910128388017,1402
DHH,32.623302358827736,2798
VKI,32.615787354007246,4966
BSCP,32.60285244103127,1823
BDKD,32.60109289617486,1281
POK,32.59431939978564,3732
RNTE,32.58416666666667,2400
HX,32.577669902912625,11330
RGJI,32.56255212677231,2398
BGDI,32.555032925682035,2126
JDB,32.55177941647964,3119
SGLA,32.542857142857144,2905
GTL,32.54100110706943,25292
HLAR,32.53348305430788,4898
AS,32.523148148148145,3024
GGA,32.50327583901591,7479
BIA,32.491379310344826,10904
LKE,32.478052126200275,8748
KOL,32.47678571428571,1120
DRZ,32.47113780447114,2997
SEY,32.44910499599252,3743
TLE,32.44803854094976,1453
PAI,32.442465753424656,730
BPRH,32.43421052631579,3876
CBR,32.42665750601168,2911
APMR,32.426269137792104,1241
AEK,32.40173482032218,4035
AMG,32.39972683815161,4393
KEE,32.395885961746664,2771
MLQ,32.39349519010536,2183
MDPB,32.39000805801773,1241
RK,32.38467093047246,19388
KRMB,32.3724279835391,1458
THPR,32.3658383139352,3179
SHSK,32.36543078154175,3749
MIYN,32.36257710760795,2918
BHRL,32.34651120422664,5489
MXT,32.33963618956439,4178
LPJ,32.33759124087591,1644
NZM,32.33656132710655,34903
SXA,32.33493810178817,1454
DMA,32.33189189189189,8325
NCH,32.316370619299086,2083
KPCM,32.316326530612244,2548
AONI,32.295336787564764,772
CJ,32.29505300353357,1132
KPN,32.289314983763724,12934
TSAH,32.284012826385705,2183
MMA,32.28304116604294,5077
GSP,32.27328199912829,6883
CSB,32.26786933758252,17572
DNN,32.267489043986366,6161
DHW,32.26383844253959,6883
VRH,32.26366086743445,4081
PKRH,32.25,2164
GNDM,32.24815157116451,2164
TGE,32.24383561643835,730
ARAG,32.23972602739726,1460
SNK,32.23037086535249,5986
BRR,32.20698948100495,11503
HMI,32.205839416058396,1370
SNBR,32.202739726027396,730
BHGN,32.184065934065934,728
BLR,32.18298969072165,2328
ARI,32.178493050475495,1367
TERH,32.17837338262477,2164
HBL,32.17096219931271,2328
QSR,32.16759002770083,1444
PYGS,32.15816808309726,8472
DL,32.155807365439095,706
MGL,32.15077319587629,2328
BHUA,32.149289099526065,2532
MDF,32.145252038121484,8709
MDN,32.136538461538464,10400
NGY,32.12342292923752,1823
KBKN,32.12151667428049,2189
KDGI,32.11664641555286,823
HTC,32.107250996015935,6275
SFZ,32.106500691562935,723
PDNA,32.09851403412218,1817
RQP,32.09452054794521,730
GNR,32.09147609147609,3367
QLM,32.06272157076629,3667
NKN,32.06030150753769,2189
CGON,32.05879899916597,2398
DBHL,32.050414364640886,1448
ANU,32.044292237442924,2190
BTSI,32.03259361997226,1442
BMGN,32.02668890742285,2398
HLE,32.02269923513447,4053
LKY,32.02104810996563,2328
AGTR,31.997689463955638,2164
LGDH,31.99472851871376,3794
KLPG,31.988348183687457,1459
KRMA,31.986270022883296,4370
CNBI,31.97943797121316,1459
WTJ,31.97250616848784,2837
SPQ,31.96917808219178,2920
SUMR,31.958904109589042,730
CHN,31.94607958558983,4247
AMP,31.94235497677807,10981
JMA,31.921221864951768,622
KBL,31.91917882225824,9255
GTHT,31.911643835616438,1460
TKC,31.91114883984154,1767
CEM,31.907967032967033,728
SDD,31.907932011331443,706
GDHA,31.89529520295203,2168
GHLE,31.89034482758621,7250
SUNM,31.88560885608856,2168
MZQ,31.883561643835616,1460
AMPL,31.87871853546911,4370
SGUJ,31.86806736985369,11756
RVKH,31.866826347305388,4175
MDKU,31.856526852214817,2551
SGRA,31.851165570830844,6692
KLNK,31.84649577715217,6749
KNVT,31.837250442254234,3957
SAS,31.831117021276597,1504
BYC,31.827966101694916,3540
DHNR,31.820301783264746,1458
GIZ,31.819423368740516,659
DBF,31.80576631259484,659
PEE,31.79112754158965,2164
HPR,31.782698961937715,1445
SLHI,31.75970425138632,2164
TJW,31.75924214417745,2164
SDF,31.751807228915663,4980
DC,31.75043103448276,2320
KUQ,31.7446881425634,2918
BDHY,31.73972602739726,1241
HRBR,31.738095238095237,882
POO,31.73076923076923,728
MSOD,31.71917808219178,730
NSVP,31.71415398801291,2169
HRSG,31.7,520
LDW,31.691518261394506,3313
CKDL,31.69057211925866,1241
BTW,31.67784642541924,4532
SRE,31.67751282222074,30026
YGA,31.663013698630138,730
SSPN,31.657662780779074,7034
BRHU,31.617808219178084,730
GARA,31.614155251141554,2190
EKC,31.61195416537628,6458
AMGA,31.600500417014178,2398
GKM,31.583791208791208,728
PATM,31.568111016709146,3531
DRQ,31.562962962962963,3645
GBN,31.56180031985378,4377
TPF,31.556030913607508,7246
HOD,31.54994124559342,2553
MHUL,31.54636820465966,2189
CDGR,31.536619718309858,8520
ERN,31.51269059129788,21512
BUP,31.51141247962057,13494
MAHM,31.511371467953136,1451
NLV,31.48418024928092,5215
DBEC,31.458271787296898,5416
TKI,31.443526170798897,363
COO,31.43672910004568,2189
DCP,31.428154205607477,1712
TOK,31.41882673942701,733
BHT,31.41470588235294,7140
GXG,31.389041095890413,1825
MRZA,31.374061718098414,2398
GOH,31.36737491432488,5836
DRSN,31.364776119402986,3350
GED,31.364203454894433,4168
STLI,31.357366771159874,638
LKBL,31.337584396099025,1333
GRE,31.334467120181404,882
JRKT,31.33118556701031,2328
KLJ,31.330523426779063,5101
MCVM,31.32575460603685,2551
KRG,31.3193213471765,3949
KPHH,31.318721461187213,2190
KSHR,31.29698216735254,1458
KPTO,31.288181439866833,4806
BOI,31.276052449965494,1449
GPT,31.275985663082437,279
JAB,31.27425614489004,3865
PNB,31.26027397260274,1460
TIK,31.23945205479452,1825
CCH,31.233846861347438,4349
PDD,31.23264540337711,1066
DHE,31.21999145664246,2341
MKMN,31.21034482758621,1450
PPRH,31.201923076923077,2912
VEN,31.195890410958903,730
MSR,31.174727779184604,3949
BQI,31.172159193228886,5553
SRP,31.16169476869866,4626
BRLF,31.15934065934066,728
BHNS,31.157205240174672,458
BPRS,31.1510989010989,2912
TTLA,31.146575342465752,730
BLSN,31.138760407030528,2162
AN,31.135505411006218,8686
TDO,31.125606095589934,4331
NGD,31.10795847750865,1445
BMPT,31.089648798521257,2164
BURA,31.089186691312385,2164
KYH,31.07287593316744,2813
SLY,31.072775098640946,4562
BZM,31.0707618187293,3321
SM,31.06941632928475,11856
KAMG,31.066483516483515,3640
BIQ,31.02922374429224,2190
RAHA,31.016438356164382,2190
SVM,31.014265668849394,4276
KQA,31.011893870082343,1093
AABH,31.0105421686747,1328
SSCR,31.0032154340836,622
GRHI,31.002758620689654,1450
PGU,31.001011122345805,1978
NSP,30.990997229916896,1444
MLKN,30.98828394210889,1451
SSDT,30.984848484848484,924
LEK,30.98181818181818,660
TLN,30.977303988995875,1454
CNO,30.960917144346013,3838
CHBT,30.959887403237158,4263
NED,30.950595304328473,17974
RJLA,30.947523892267593,5755
VNE,30.946531395667673,3647
BSRI,30.926829268292682,1066
CJA,30.918956043956044,728
KKGT,30.896882494004796,1668
KEY,30.882191780821916,1460
KPLE,30.873013130615064,5788
MGKM,30.8508655126498,1502
SATR,30.850763807285546,2553
SPLE,30.83525754884547,4504
JUC,30.819083531437002,36597
PQD,30.809115832762167,2918
CATA,30.808087731322825,1459
SNT,30.803205328338016,19218
RHW,30.8026706231454,674
HMY,30.785714285714285,4998
MTU,30.78016453382084,2188
PDL,30.760416666666668,3648
MFJ,30.76025791324736,1706
CHKE,30.756130790190735,2202
TLB,30.75297022064496,6481
LMO,30.75071496663489,2098
MYM,30.73982056590752,1449
SJNP,30.73569701853344,1241
BLNG,30.73015873015873,882
HTNL,30.717377466581794,1571
ERL,30.71170754280426,8644
PNSD,30.706164383561642,1460
TKBN,30.680676576114813,1951
MZA,30.6770140428677,1353
BSPR,30.674979446423677,3649
JOK,30.66468707172225,2189
DST,30.65774278215223,1905
BAT,30.647847014439964,7687
PRDP,30.647127442403033,3429
SGZ,30.634491517735643,11023
NZR,30.61566888396157,1353
BXN,30.6080165750259,12549
SNSI,30.596846846846848,2220
BDCR,30.580888183980967,2522
BELA,30.575720091889025,11318
YADD,30.566380789022297,2915
SLF,30.560932218466466,5621
BGQ,30.559307359307358,2310
GKD,30.55710102489019,1366
PNV,30.555709342560554,1445
PUNE,30.548162538449084,43239
DRH,30.543166121410398,11004
AMPA,30.538597525044196,6788
BDBP,30.52446633825944,3045
JWP,30.52150863374735,6602
FBD,30.512170611880304,8956
DVJ,30.50479780671693,2918
GRBH,30.493827160493826,1458
KFP,30.456674473067917,1281
MPML,30.456674473067917,1281
PASA,30.43896135860202,8126
RVG,30.436301369863013,1460
NYY,30.431975937066174,8644
MLU,30.430522565320665,1684
CPA,30.429388876173036,8738
BJY,30.427376637858934,3587
TOP,30.39871382636656,622
KITN,30.393654524089307,2553
KDPS,30.393654524089307,2553
OEL,30.393654524089307,2553
LGTR,30.388681529304954,9913
PARH,30.382191780821916,1460
MLP,30.379872018615472,3438
CGI,30.379839471199244,4236
MCO,30.378021978021977,3640
OSN,30.37639751552795,2415
URGR,30.359801488833746,403
DAE,30.323246217331498,1454
KXE,30.303642039542144,4805
CIA,30.30032243205896,2171
JUDW,30.270036019810895,8884
KTH,30.268377555458894,6897
KJM,30.2421028448903,26117
HW,30.23773428170915,19261
BCHL,30.236344537815125,952
WADI,30.230554001119195,16083
AA,30.230036297640652,2204
CHNR,30.226430298146656,1241
DPA,30.223343108504398,8525
JKP,30.213866039952997,2553
PMM,30.213866039952997,2553
BUGN,30.213866039952997,2553
BHRB,30.213345864661655,1064
SWM,30.19471354601637,23948
PER,30.165087129318252,22897
GILL,30.152628892291986,1959
SC,30.137912071125232,32731
MKH,30.13113087674714,3935
UMD,30.121641791044777,1340
TR,30.105263157894736,2337
MHQ,30.10190763052209,3984
MFB,30.096468959150705,4333
YLK,30.090177133655395,1242
MAEL,30.08843537414966,882
PQU,30.070539419087137,723
DML,30.062328767123287,1460
TNGL,30.058400836164097,7654
KCG,30.05577406056011,21103
NHT,30.055420602789024,11115
KK,30.046680812367384,3299
MRE,30.035714285714285,1820
MDVL,30.00098212531919,5091
KURV,29.978052126200275,729
MYJ,29.97439446366782,1445
MADR,29.96986301369863,730
DQL,29.96712328767123,1460
JHD,29.96707208543459,13484
HA,29.939993908010965,3283
TLJ,29.93777315296566,4805
TGP,29.91062801932367,2070
KRD,29.908125958249794,8479
BLA,29.904186795491142,1242
LSR,29.903203909856096,7366
BBMN,29.894524959742352,1242
SL,29.8925702811245,5976
CKS,29.889423076923077,1456
BXT,29.879812695109262,1922
HLDR,29.8693967902601,3614
TEA,29.861720329755794,12858
MTDI,29.853037230568255,1531
UBC,29.84750786353738,16532
CJN,29.834485335325986,10706
KRT,29.834370512206796,2089
KYND,29.82685512367491,566
ULT,29.820002315082764,8639
GBA,29.814871553146357,8486
GAO,29.8100481761872,1453
DRSV,29.799185463659146,3192
SKDG,29.784246575342465,292
LMT,29.781942585155438,6723
AMLI,29.75521405049396,3644
HPT,29.75256075517172,9958
RUI,29.742944651061038,4571
CT,29.70221535291087,7764
GBD,29.699030288519094,8353
PIRO,29.694880546075087,4395
VJP,29.680497925311204,723
MKX,29.67869101978691,6570
KD,29.676741130091983,3805
BGK,29.67621178225205,6705
ATP,29.66458658346334,16025
NGO,29.664264264264265,8325
MSMI,29.663013698630138,1460
PPN,29.65924895688456,11504
QRP,29.658047493403693,1895
MVD,29.65721649484536,2328
GOE,29.61541095890411,2920
BRKP,29.614512471655328,882
TMUR,29.608133086876155,2164
NKM,29.60562928082192,9344
HRNR,29.597720797720797,5265
BKRD,29.594065077910173,8728
KTF,29.587731811697576,701
BS,29.58383766464934,2809
SLB,29.583531368821294,8416
MINA,29.57174589071524,2251
GGN,29.56379665952198,24727
CROA,29.56225296442688,1012
KKET,29.56111111111111,1980
CV,29.551724137931036,2320
MUGN,29.54841093865484,1353
MDPR,29.548158640226628,706
NI,29.537024221453287,1445
BJRI,29.532108764824994,6914
LRU,29.531185743660043,2918
MEW,29.493649449618967,3543
IDG,29.48804322832835,8698
KHRI,29.48394495412844,2180
AHN,29.481793960923625,4504
KSA,29.46565934065934,1456
MZC,29.465242669362993,7912
DANE,29.45382766906969,2913
KADL,29.45382766906969,2913
MUE,29.44889149045145,13667
EKI,29.436275092053688,8419
NJN,29.428571428571427,728
DAJ,29.425,3280
SZR,29.419463897609273,4141
BGAR,29.412393162393162,3276
SD,29.35817677856483,3247
BWK,29.34505226007873,7367
CHA,29.339294585196225,2013
KBSN,29.333333333333332,1467
TUP,29.329726381753925,27447
RJW,29.329218106995885,729
RJS,29.32557077625571,2190
HLK,29.313803019410496,2782
KJT,29.299893780243124,8473
BGMU,29.291782086795937,1083
DEE,29.28130540416311,15229
CSDR,29.276167471819647,1242
BLQR,29.271857619577307,4495
MPLE,29.27102803738318,2247
NNW,29.25730121509273,4691
MLTI,29.254716981132077,212
KHT,29.251819708846586,7144
LMP,29.247491638795985,3289
BSR,29.244074634392334,17847
RDF,29.241459990641086,2137
TUVR,29.227900552486187,6516
HAD,29.22067510548523,7110
HLN,29.217277486910994,6112
NR,29.211501485754237,5721
MRSH,29.20511649154865,2189
SGAC,29.19345238095238,3024
KNNK,29.187051792828687,5020
KPRR,29.16814814814815,2700
BLH,29.15412844036697,1090
JML,29.152838427947597,916
SIW,29.14639175257732,1455
SAJH,29.133995887594242,2918
DWG,29.132841328413285,813
GNT,29.125790844808336,24183
GDG,29.12279288351796,14895
SVA,29.115111914361183,7193
MGZ,29.114206128133706,1436
SAHI,29.113846153846154,3900
BJO,29.097399003873825,3614
VRPD,29.09543378995434,2190
TCR,29.077470757755552,35394
BDWL,29.058447488584473,2190
JAA,29.05203844879019,12068
KMP,29.04491833030853,2204
MBY,29.033717834960072,6762
BLHR,29.030505243088655,1049
RMB,29.02015503875969,5805
RMA,29.017941321325548,14213
DEC,29.015240099781728,25656
BMI,29.010121804769256,5829
TKLE,29.008605163097858,4997
TIS,29.005561385099686,9530
BFD,29.000835421888052,2394
MRB,28.994966715375874,6159
DSR,28.993389423076923,1664
KZT,28.992933234890835,9481
LKA,28.991683395468886,6974
MHL,28.97723704866562,2548
KARR,28.964806256665483,2813
MUG,28.95637769188294,1811
KPD,28.94550899604595,42741
RHG,28.944141689373296,8808
MEQ,28.943835616438356,1460
CHNN,28.94162087912088,1456
XBKJ,28.932914046121592,4293
SKPT,28.930727023319616,1458
BAZ,28.918312559923297,5215
DDE,28.9123947972456,7842
PHI,28.8832,1250
LGH,28.877427052825688,9219
SNGN,28.871402877697843,2224
USL,28.867565159278236,8978
CNGR,28.86612444488798,20041
MWC,28.849840255591054,5947
CHR,28.846277021617293,2498
RDRA,28.836379460400348,4596
KNJJ,28.836301369863012,1460
NBA,28.834800146681335,5454
RGG,28.8298755186722,723
JHJ,28.827665896335425,3029
VJPJ,28.81980602348137,3918
KLM,28.804374240583233,823
TTB,28.794050343249427,2185
BDH,28.787776412776413,6512
KTCH,28.764867086873117,3649
RVK,28.755822159491885,1417
GQN,28.747917687408133,4082
SVKD,28.74785510009533,2098
KAMA,28.730650154798763,1292
PNE,28.723977419035357,10097
KB,28.720961887477316,2204
BSRA,28.711229946524064,748
NIR,28.709513435003633,8262
KPLL,28.708349666797336,2551
HWX,28.696153846153845,520
SURP,28.670347874102706,1811
GDW,28.666073335706656,2809
PTA,28.643620364550596,6364
HCR,28.6425,10400
BYS,28.6390760346487,1039
DO,28.638068685844633,15782
MJP,28.63587182688306,4806
BHDH,28.63372093023256,516
MANW,28.622958257713247,2204
MNPR,28.610800223838837,3574
NDON,28.607762557077624,2190
PCQ,28.593814789219074,5788
NKOT,28.589601769911503,2712
MALK,28.58614051973051,1039
YPD,28.581527936145953,877
UA,28.58027079303675,2585
KMME,28.57023964704703,9973
BNP,28.565563969709046,5018
PDA,28.524019878520154,1811
SGRR,28.50966183574879,1242
LKG,28.493194555644514,1249
JDPT,28.492502343017808,4268
BCQ,28.48534406843628,7949
IKRA,28.482315112540192,622
RKB,28.481400654696955,10081
CKW,28.476038338658146,626
KRH,28.474306269270297,9730
RPHR,28.47099132023755,2189
DWZ,28.45300462249615,1298
BKT,28.451451905626133,2204
RJK,28.449504532995995,4743
BLNK,28.447945205479453,730
SNKR,28.440853658536586,4920
MDE,28.43595484653419,10719
NRX,28.426226675881132,5788
CHUA,28.4257788637752,3274
PRDG,28.42371050499595,3703
KMLR,28.403930131004365,458
MKSR,28.402486069438492,4666
NNU,28.402407786885245,3904
RAK,28.39428141459744,1329
TGN,28.39,2900
VJD,28.38579795021962,1366
CPS,28.38295517432208,3614
URI,28.38142274580879,11035
JNNA,28.37853577371048,1202
MHRG,28.375990675990675,8580
PJLE,28.375915750915752,2184
NYP,28.37211303973605,6971
LKDM,28.367954911433173,1242
ATT,28.358688066992325,1433
BKI,28.341285268304176,16977
NBUE,28.32785388127854,2190
SMZ,28.324168270552654,3637
DOA,28.316443119721807,2013
JPP,28.301958090003435,2911
KJNC,28.301958090003435,2911
STD,28.29043969342477,7437
KXJ,28.288532675709,3244
MNWL,28.264895330112722,1242
KNLS,28.262743628185905,2668
SAG,28.22072072072072,6660
TMH,28.220670391061454,716
RPAR,28.220452131694735,6591
RNT,28.20493488690884,2918
HRNG,28.204212454212453,3276
MASK,28.203994293865907,701
IJ,28.155172413793103,2204
KJH,28.14659090909091,10560
SQE,28.144475920679888,2118
LNL,28.13874329407412,16217
MSDH,28.130589849108368,3645
TPTY,28.115782522562185,22715
PKD,28.114599465014784,7103
MANA,28.11355815554026,1453
RUPC,28.108284409654274,4599
FAB,28.104570637119114,1444
TRBI,28.103418803418805,1170
PHQ,28.094809688581314,1445
CKH,28.093150319829423,7504
BR,28.072146118721463,2190
JNO,28.067450495049506,3232
DNH,28.056572379367722,1202
BNM,28.052054794520547,730
BSS,28.033800096571703,2071
KSX,28.033033320566833,10444
LT,28.01923076923077,728
SII,28.014580801944106,823
JKHI,28.01305316778096,3141
KPK,28.008069220299436,10286
GWP,28.00068704912401,2911
MNMU,27.997938852627964,2911
MBT,27.994467496542185,723
ROI,27.98830796382087,4533
FKG,27.987157534246574,7008
MLDT,27.98082961493968,24204
LLU,27.97837993658115,3469
NAM,27.919232042370076,3021
ZP,27.909579918032787,3904
NCA,27.90684931506849,1460
DHN,27.90433990682686,28549
SRUR,27.90092699884125,1726
RBH,27.874363143631438,9225
ACH,27.86447931526391,1402
MGN,27.858691788126556,11252
DGBH,27.84504641030498,5279
RWJ,27.819154774972557,3644
DBU,27.8173440842521,6077
RUSD,27.801157742402314,3455
PUX,27.800433168316832,3232
MANU,27.794332723948813,2188
MON,27.788635385277658,4646
PS,27.77701307639367,1453
LDM,27.775862068965516,1450
IDP,27.773396115361976,5097
STNL,27.772004652966267,5158
MNDR,27.77006087437742,3614
NBX,27.76986301369863,1460
GIF,27.752108716026243,4268
THA,27.747604580509464,8558
BJE,27.746144430844552,8170
PD,27.745205479452054,2555
SFW,27.738085702843414,2497
DHD,27.73601226993865,16300
RZN,27.723287671232878,730
DIA,27.68670520231214,4325
SJM,27.683287671232875,1825
LJN,27.682716049382716,9720
BXY,27.67852722772277,3232
BWL,27.673444976076556,4180
TIHU,27.66453528202786,4379
JMRA,27.657730116175156,1119
KXRA,27.657509157509157,3276
PBA,27.645031490552835,5716
DPE,27.63839811542992,1698
KWP,27.624694973157638,4098
GNK,27.61200980392157,4080
GK,27.600182426269384,3289
BHLE,27.599507157944146,8522
DJG,27.579278384640848,3021
ED,27.57539522851394,34790
RTA,27.55499438832772,8910
GTU,27.527764815678953,2143
SBG,27.526059820053497,12337
QTP,27.511232876712327,1825
BNA,27.504373974849646,3658
MRND,27.501695437731197,6488
KDKL,27.500805152979066,1242
RGM,27.5,2920
UDK,27.497925311203318,723
HSDA,27.488274945409664,10533
HML,27.487671232876714,1460
SSZ,27.479315263908703,701
DHNA,27.47308228730823,3585
HNS,27.472370559554214,8614
DZB,27.468247895944913,5228
ANMP,27.46530612244898,1715
SZE,27.4469320066335,1206
ALLP,27.443142043142043,12285
NDM,27.43538699159087,5827
KURO,27.422967189728958,1402
GHGL,27.422513089005236,1910
HPGM,27.420647453612318,5066
NPX,27.413694721825962,701
MLC,27.412328767123288,1460
PBL,27.409682575930578,4379
JDH,27.40154738878143,2585
SFMU,27.400991080277503,5045
GKH,27.400166005717974,10843
BVU,27.39306784660767,2712
SNTD,27.392520522955305,6578
DD,27.387102786320007,21462
KTYM,27.37864124649182,20666
BPS,27.377850725639252,5788
RGJ,27.376384392571136,5869
SCE,27.375370292001694,2363
YSI,27.367043847241867,1414
SKDM,27.366834170854272,2189
MTKR,27.358490566037737,212
KIGL,27.345782885286273,4873
RAA,27.345315549772284,6148
VDD,27.344093406593405,1456
BJNR,27.319270909892694,6803
DHRR,27.315175097276263,1799
PRLI,27.299094552471427,6737
LKB,27.29714874613535,2911
BAWA,27.28896551724138,1450
NGAN,27.272435897435898,1248
GADJ,27.272091041869523,16432
MDVB,27.270854788877447,2913
NFK,27.247166613706174,18882
TKRP,27.229671897289585,1402
DNHK,27.225216994061213,2189
BAHP,27.2225392296719,1402
PUQ,27.215068493150685,730
SMGR,27.215068493150685,730
LKT,27.21413634462568,4782
BISH,27.212413793103448,1450
CMU,27.205498472646486,7202
JPRD,27.192968595694254,5063
JJR,27.18578497525866,4446
BPMH,27.174791086350975,1436
NDU,27.171713772992373,8916
MSDN,27.163452566096424,6430
SPO,27.15917602996255,1068
GHX,27.156129741616272,1819
TDV,27.141342756183747,1698
KULH,27.141226818830244,1402
WLH,27.138356164383563,730
KHDP,27.137066300240466,2911
KUG,27.11806596701649,2668
MXL,27.099725839616177,2918
NLBR,27.098082595870206,2712
BRMA,27.0960219478738,729
BIPR,27.083448275862068,1450
SYK,27.075342465753426,730
MBP,27.06806282722513,3247
MXJ,27.05586592178771,716
RZJ,27.05518590998043,2555
BFV,27.05518590998043,2555
MZGI,27.053113553113555,2184
MJBT,27.051826484018264,4380
KTP,27.048176187198898,1453
BMSN,27.026206896551724,1450
RWTB,27.014794520547945,3650
NOK,27.00973539690464,8012
PAJ,27.008781439722462,9224
ADR,27.00552995391705,6510
DXG,26.99888232476449,6263
BPKA,26.99644633972992,1407
DDX,26.994045403796054,5374
SY,26.99161703066402,9066
BHTL,26.982942430703623,1407
GLI,26.97885949696444,9224
CNDM,26.975550122249388,2454
GRZ,26.972602739726028,1825
NBR,26.966829608938546,5728
BRKH,26.95862607338017,1281
KKTA,26.953372023213927,4997
BSRL,26.940934065934066,1456
BGRM,26.940904236383055,2809
GIN,26.913234706117553,5002
KTA,26.90954773869347,2189
DKT,26.903734707018675,3106
MEP,26.90285938112025,5106
DTW,26.901569186875893,701
BMH,26.900793650793652,3780
RHI,26.897241379310344,1450
UREN,26.894867807153965,6430
KMJ,26.877579643358043,4991
DGU,26.869125821121777,1979
DNRE,26.868740279937793,6430
DELO,26.864383561643837,730
BWT,26.852260034254225,26858
KJJ,26.85116598079561,1458
STNR,26.835172659309364,2809
MNQ,26.82125930941097,2954
PCKM,26.810769230769232,650
OYR,26.80881571959639,13181
KAGJ,26.80622837370242,289
TCNR,26.798165137614678,436
ATRU,26.797424201770863,3727
SKPR,26.795472287275565,1281
MNAE,26.791390240306647,13566
LLBR,26.787310098302054,1119
SWF,26.785564120532587,1427
SAA,26.78523251686191,2817
BVQ,26.779802581624907,3951
OEA,26.77870613511578,4189
MKHR,26.778699861687414,723
KAP,26.777146367685454,6511
STR,26.772953121624543,9258
BTTN,26.75890410958904,365
HAB,26.75154730327144,1131
NVG,26.736386138613863,3232
CKM,26.733686067019402,3402
PAKI,26.71280276816609,289
GVH,26.71138428647782,3742
VMA,26.705352480417755,7660
DBI,26.686641697877654,3204
DGHR,26.684462151394424,7530
BYNR,26.681896551724137,6960
FKB,26.673276676109538,2118
BHGJ,26.66021867115223,1189
KHBV,26.659192027051077,5619
KRLI,26.650137741046834,5445
SAWN,26.64831460674157,3560
DNJ,26.646575342465752,730
SKTN,26.63879003558719,562
TVCS,26.620860495436766,3835
PTKD,26.608031674208146,1768
TKP,26.601381796335236,3329
BDAG,26.592576607682346,2317
SPE,26.550886220697542,10494
BINR,26.541956173169428,3742
DING,26.539788732394367,5680
SNPU,26.538119911176906,2702
TNL,26.537341555327167,5838
KYJ,26.536687788234413,26671
SMKT,26.534246575342465,730
SLJ,26.5316112716763,5536
ABLE,26.527422303473493,1094
PGA,26.516181229773462,3708
MGLE,26.510815307820298,4808
SUIA,26.50907441016334,2204
CDM,26.50646718146718,10360
MDGR,26.50043365134432,3459
CNJ,26.48816878424059,8579
HBS,26.47431571053618,2667
PGT,26.461619824720458,26472
HVD,26.453839869281047,2448
ORH,26.439929328621908,1698
JOR,26.43367043426532,5043
KAGR,26.432239657631953,701
UDL,26.417679315639393,22795
DKJR,26.413698630136988,3650
WOC,26.410420475319928,2188
BRGM,26.410247933884296,3025
MKL,26.408127208480565,1698
ANVR,26.406492298149487,9673
OTR,26.39929328621908,2547
RTP,26.39888229130283,2863
NWU,26.38157134604275,6924
JGJN,26.378846153846155,520
AL,26.365330093155123,4938
GUDM,26.35609756097561,1640
DWO,26.355295784626286,2823
NRSD,26.346575342465755,2190
BIGJ,26.342560553633216,289
HRSN,26.34,3650
JMK,26.33626901521217,1249
LHA,26.330695308083662,5307
WTR,26.32974018794914,3618
NDW,26.326940331987437,8916
GTJT,26.322090592334494,7175
LD,26.321124361158432,9392
KLSP,26.321107266435988,2890
KOV,26.307250755287008,6620
BSRX,26.306186648025164,5722
CPPR,26.304043545878695,2572
BJLP,26.294010889292196,2204
JBO,26.292847124824686,3565
SSA,26.292842251563584,7195
VVG,26.289497716894978,2190
MABN,26.28689200329761,3639
NSGR,26.285896617740907,3134
PTLI,26.283561643835615,2190
BUM,26.282709081580297,1949
VKA,26.281511236564977,9211
PRBZ,26.27938950554995,7928
KUP,26.27827897293546,1441
FZL,26.26227247655819,3626
GMU,26.26164383561644,730
TGCH,26.249134948096884,289
KGF,26.24299634591961,3284
BWBN,26.23425605536332,2890
GLKN,26.23425605536332,2890
KARO,26.216402481047552,1451
CLD,26.208892025405788,1417
SBJ,26.20248724489796,3136
TNGN,26.175718849840255,626
KTRK,26.17421124828532,729
DHRY,26.173076923076923,520
BABH,26.165403170227428,1451
MGC,26.1575117370892,4260
BGNR,26.149891383055756,4143
PDZ,26.14497122499315,3649
SLRP,26.143835616438356,730
MLZ,26.139104613978986,4378
KVDU,26.126543209876544,2916
KRND,26.12275233756893,4171
BRNR,26.12121212121212,1353
MKDD,26.108996088657104,3835
NRR,26.107707509881422,1012
JTL,26.102798894263994,5788
SOR,26.093163301452357,2823
KHRK,26.090563165905632,3942
LXMP,26.086505190311417,289
AJIT,26.08121546961326,3620
BCB,26.06900420757363,3565
MGAE,26.04975855553223,4763
BENL,26.025109170305676,916
IP,26.013812154696133,1086
DMM,26.010916631091053,16397
JNN,26.005629838142152,1421
SHIH,26.002785515320333,1436
BXL,26.000769941484446,6494
KWM,26.0,2705
BVB,25.9986301369863,730
KNSR,25.993150684931507,1460
RA,25.988668555240793,353
SPSR,25.975342465753425,730
DEO,25.971037181996085,2555
KEN,25.962703962703962,2574
HPLE,25.943396226415093,5618
DKY,25.925742574257427,1414
NTZ,25.922602739726027,1460
RNV,25.921739130434784,4715
HGJ,25.921703296703296,2184
SA,25.916507137778265,36566
BXP,25.907575757575756,1980
NAVI,25.906195462478184,2292
MMY,25.902124919510623,1553
YNK,25.90037169302529,13721
DZP,25.898928737773637,2147
RDHR,25.88957475994513,1458
SNKE,25.88719371243643,2163
MAG,25.878956455016304,10426
DWLE,25.877299578059073,5925
BPTP,25.87317073170732,1640
ROHA,25.8724652254064,5967
PIGT,25.869469634514978,3639
DMZ,25.86731843575419,716
KWPR,25.865051903114185,289
KW,25.860207612456747,1445
RAH,25.860200487672717,3691
MWD,25.85121107266436,1445
MTA,25.8484393757503,3332
GNHI,25.846816364195632,3251
KTRA,25.843260188087775,638
BU,25.83233256351039,4330
BHW,25.832283591731265,12384
GUG,25.826703426545883,5078
IPPM,25.811385459533607,2916
SHN,25.800057290174735,3491
RHMP,25.79584775086505,289
JUNX,25.792465753424658,1460
BXC,25.7864296444667,3994
KRKH,25.78497587870434,1451
SUW,25.773972602739725,730
THO,25.771795827123697,5368
GDO,25.770447906523856,4108
SMR,25.770090698164942,9482
BLY,25.76742479823918,1363
MBNL,25.761054927622446,5043
ANGR,25.752126366950183,823
ODUR,25.750348675034868,2151
PLCJ,25.74480394257553,4667
RNN,25.733215547703182,1698
MPLR,25.710245812486406,4597
MOBD,25.707417582417584,728
BRDV,25.704524469067405,1083
NSBG,25.701277955271564,626
BEJ,25.69525959367946,1329
CGR,25.691711517761032,4645
UKN,25.686860940695297,3912
UPL,25.678501628664495,6140
SDHA,25.672570607946387,2089
TLKL,25.67200854700855,936
MGF,25.659358728418745,3649
DNA,25.65646074993256,14828
MYX,25.65482874789444,7124
KRBA,25.652243876273914,5593
KGQ,25.648614834673815,16785
LHLL,25.634140127388534,3925
JRU,25.61898395721925,8976
IDM,25.615549215406563,1402
SDI,25.612090680100756,4764
ATRI,25.60733695652174,2944
METR,25.59556786703601,1083
WLGN,25.58397312859885,2084
MDS,25.583013584983927,9643
JOA,25.57022865142324,2143
VYA,25.570096989545284,7939
NGM,25.55939226519337,724
GALE,25.556791569086652,5124
BCOB,25.550249861188227,5403
GSK,25.549242424242426,2640
KALM,25.544080604534006,397
RDG,25.542258522727273,2816
BXG,25.53808752025932,1851
DEEG,25.537430450177037,3954
KTKL,25.529243937232525,701
SDY,25.50192821121329,3371
NGR,25.501099155385862,8643
RMPR,25.499607689289917,5098
PTE,25.47984886649874,794
MTD,25.47843049827221,17942
SFPR,25.475530932594644,1083
MDW,25.469089673913043,2944
HG,25.456497675448308,4517
KPZ,25.454594888526373,5517
DGLE,25.45259026687598,6370
MANI,25.447727272727274,2640
LAT,25.444511097780445,1667
TLSI,25.442906574394463,289
TIW,25.441988950276244,1448
BGAN,25.434682080924855,3460
BKLE,25.429227097484855,5447
PATL,25.403311465167135,3201
TIR,25.393578231292516,18375
AMC,25.376068376068375,1638
PLGH,25.3757778841551,2089
BARA,25.36480686695279,699
KUPR,25.36084175778832,4847
MZM,25.357826439578265,6165
MIQ,25.346575342465755,2190
SZB,25.344948884247554,9097
MCQ,25.329032258064515,465
BIY,25.316509115462527,5924
GLH,25.307443365695793,2163
BLMR,25.306318681318682,728
NWMS,25.295885509839,2795
TRVL,25.295849311978344,17732
JTDM,25.292404507536954,6833
HSD,25.276967930029155,3773
LAU,25.269364161849712,4325
SRBH,25.264827586206895,1450
BZG,25.262317643820534,3633
BOP,25.25890410958904,730
GMDN,25.254673366834172,4975
JRNA,25.25091407678245,2188
GMAN,25.250600305610128,4581
JMS,25.243150684931507,1460
PFT,25.236464873830116,8441
LHL,25.231629392971247,626
SHIT,25.228658536585368,1640
BYZA,25.21875,2944
PDR,25.21184971098266,3460
PNGR,25.210045662100455,2190
PYA,25.208740120874012,2151
PVR,25.20501319261214,3790
BAKT,25.20035046728972,1712
PTK,25.200233996322915,11966
CNDB,25.17836894897514,2293
KBY,25.169520547945204,2920
MID,25.164184952978058,5104
BRMX,25.163280662151994,1329
JAC,25.15716657443276,3614
KVN,25.15076923076923,650
KSAR,25.140829694323145,916
UGU,25.132963988919666,1083
JTJ,25.12947448591013,31512
JTK,25.114086471408648,3585
BGHT,25.112116991643454,1436
WNG,25.106282271944924,4648
HSI,25.104610951008645,3470
NRV,25.097723704866564,2548
MKJ,25.096774193548388,124
DUO,25.08656818962556,2911
KEV,25.086301369863012,2190
PYI,25.078319686721255,2809
BNN,25.07819453273999,6292
NON,25.056418023475956,2641
NIRA,25.05279283525807,4243
PKB,25.04230769230769,520
NTT,25.027932960893853,358
GHNA,25.0237651444548,6438
RMV,25.023167200121932,6561
RRB,25.01752565432953,17346
RIKA,25.01511404231932,3639
KAJ,25.01243823479298,5869
CBZ,25.002997601918466,1668
DNK,24.99976580796253,4270
NMD,24.99643640350877,3648
MAKM,24.99145101663586,4328
AV,24.990384615384617,728
JKB,24.985576923076923,1248
SRAS,24.981456043956044,1456
MGV,24.973972602739725,730
KLZ,24.9730665640631,2599
CTL,24.971805638872226,1667
DDDA,24.96940418679549,1242
KJV,24.962207558488302,1667
SS,24.960553633217994,1445
NRL,24.951657458563535,724
BHPI,24.948072634597004,3139
SRJM,24.94439230408259,8524
BSWA,24.943651925820255,1402
HDW,24.942678227360307,4152
MDA,24.93692198245198,4217
KUM,24.934618031658637,1453
SGE,24.930073126142595,4376
SASN,24.927326880119136,6715
KUDN,24.925729442970823,754
KGM,24.924406779661016,2950
SNAR,24.919067215363512,1458
JRTB,24.917038927887685,3134
CSMT,24.91376046596287,27470
DLC,24.887671232876713,1460
IJK,24.887569603668524,12212
DELI,24.886699507389164,406
TET,24.877400295420976,6770
KMI,24.8715916296766,9462
DAS,24.843570843570845,3663
DME,24.842773954473266,1889
VYS,24.825221238938052,1356
NGIM,24.786146858440574,2642
JBN,24.78600512743176,6631
BBRI,24.785467128027683,289
JNX,24.78,1450
JNRI,24.767489711934157,1458
KDGO,24.7439446366782,289
BDBR,24.7439446366782,289
BJKN,24.722999641191244,2787
KXH,24.710882163554412,6212
DEP,24.70875665215288,4134
ARNA,24.696527777777778,2880
MHSA,24.69501133786848,1764
VGM,24.666153846153847,650
NILE,24.65933651671274,7958
AFK,24.65707702435813,15190
JAUA,24.650802139037435,1870
PKY,24.63996273870517,2147
CRQ,24.63752983293556,3352
KARI,24.630222841225628,1436
NAS,24.61558627264061,4196
NSD,24.611010127239677,7702
RNGG,24.60989010989011,728
JSC,24.60821917808219,1460
JAQ,24.59156378600823,2916
BLPR,24.589285714285715,728
KUTI,24.589285714285715,728
DGHL,24.56760847628658,1982
GVR,24.565638985579312,4022
PUKS,24.56155507559395,926
AI,24.55847427132062,2779
TLY,24.557204700061842,16170
GAJU,24.55379984951091,1329
ASI,24.55379984951091,1329
SJJ,24.538191190253045,4268
DY,24.534490634993148,2189
FTC,24.51892890120037,1083
SBGA,24.482741974414676,4143
HAS,24.48215938303342,9725
KETI,24.474390243902437,1640
SRRG,24.468837209302325,2150
DKMN,24.467573221757323,2868
MDAK,24.462436177972283,1371
BNWC,24.45495905368517,4396
JDL,24.45,1460
MBGA,24.444137931034483,1450
SHIV,24.44307270233196,729
JOM,24.440927077444883,1769
NDGJ,24.431506849315067,730
SWAR,24.42146118721461,2190
BSKH,24.41965930018416,4344
PHY,24.418038654259128,1397
TRWT,24.409774436090224,798
RGO,24.407064426511443,7559
ATW,24.402558314522196,1329
WFD,24.3947261663286,17255
JOH,24.394291243347848,4134
SJA,24.393864013267,1206
BAI,24.384615384615383,3510
NGWN,24.381003777657853,1853
CDG,24.35285666924522,18098
PAX,24.340373961218837,2888
KOTA,24.337450091358193,29554
JCU,24.335616438356166,2190
KPTN,24.321938392186325,5324
KOLA,24.315753424657533,2920
SKEN,24.30841121495327,1712
AUI,24.30841121495327,1712
SKHK,24.30607476635514,1712
BOW,24.301950235373234,1487
BARJ,24.29276473406804,4174
RJT,24.27945264058157,14031
BNVD,24.278744455817126,2931
WJ,24.26536312849162,716
CAT,24.26396648044693,716
KBI,24.246575342465754,730
LDU,24.244728434504793,1565
SIPT,24.244402985074625,1072
SOQ,24.241666666666667,1440
ASJP,24.23090277777778,576
PRH,24.226907073509015,3605
KDHN,24.224221453287196,2890
KASR,24.223727113117633,7974
CKI,24.204427936785375,13731
KGX,24.199305555555554,1440
ADH,24.17387371087389,5527
ANCR,24.173076923076923,6396
SDMD,24.16674595623216,4204
FSP,24.166704727106644,4379
GGKR,24.158156911581568,803
KRNR,24.153807192301198,5923
CLW,24.15313145216793,2906
JGN,24.14808429118774,5220
BNLW,24.14399565296142,5521
RAM,24.142048838594402,3358
BGPA,24.141414141414142,2178
PAY,24.130618969169216,12747
DKM,24.129392971246006,626
VD,24.124645892351275,353
KDN,24.111541902773634,3353
BADA,24.093425605536332,289
AWR,24.074123135402868,17363
KDKN,24.05918810040285,3227
GRMA,24.049493554327807,4344
BK,24.039310344827587,1450
YY,24.036331673014942,3413
WKI,24.036161867406488,10453
TKB,24.026507276507278,1924
NMGA,24.025810513062638,3177
BNPH,24.00974930362117,1436
INCI,24.004134366925065,1935
BAO,24.002530044275776,1581
ISA,23.99835255354201,3642
MLW,23.99815327793167,1083
GADM,23.996915695681974,2918
MKGD,23.99524456521739,2944
CLT,23.990868694760486,20479
CUR,23.989372059062145,12326
JKDP,23.987161761801303,5063
MROA,23.975899406217255,2863
DAU,23.975301381946487,3401
KRKP,23.973972602739725,730
BSPN,23.95947219604147,3183
IPG,23.94808743169399,366
DHNE,23.946549835706463,13695
HSR,23.936818880791602,14957
CYI,23.930678466076696,8136
BDJ,23.909710610932475,15550
SNL,23.909587888982337,2378
KNDP,23.90572759660181,3649
GBPM,23.904109589041095,1460
BMGR,23.90041841004184,3585
NLH,23.898961937716262,2890
SHTT,23.896663078579117,929
PPR,23.88355217691776,5788
KXL,23.88130968622101,733
TBH,23.881278538812786,2190
GOTN,23.88051922509588,10169
KXF,23.865411116214975,2177
GPZ,23.845205479452055,2920
LNN,23.8449433487201,4766
GANL,23.840903124179576,3809
KDG,23.838178180534307,8497
SJER,23.83679312813171,1397
SQR,23.82154618159009,6377
MVLK,23.81847096923433,17292
CHB,23.81629392971246,626
DPZ,23.811813186813186,1456
MXH,23.807077448393606,6443
RSG,23.80597474591931,6494
GBB,23.80136027205441,4999
BELT,23.794876926155695,4997
BCHT,23.786301369863015,365
MTBH,23.776712328767122,730
GKL,23.774466087772822,4261
HDP,23.773607566431465,6661
BKTS,23.749227069735486,2911
SWT,23.74599542334096,874
RSKA,23.727921195652176,2944
AT,23.715244487056566,2086
UDN,23.69421296296296,17280
CGY,23.679405894094163,17034
HJLI,23.674885844748857,2190
TMP,23.665753424657535,730
ABX,23.65912208504801,1458
DHRN,23.65804066543438,2164
PUL,23.65368722186904,6292
BXJ,23.651338366506522,2914
CGF,23.651145602365116,1353
KTX,23.643856447688563,3288
TAPA,23.64200477326969,4609
SOLR,23.63716814159292,1356
RENH,23.633561643835616,1460
PNT,23.624600638977636,626
BIZ,23.62054794520548,2920
LTI,23.610769230769233,650
NGZ,23.61046111493462,1453
TDLE,23.608352515619863,3041
MIO,23.60812772133527,4134
MDLA,23.601384083044984,2890
JPS,23.591023339317776,2785
JUP,23.584553928095872,3004
HBSH,23.58412887828162,3352
APJ,23.57502329916123,2146
KNL,23.57475764354959,5364
BUDI,23.573057733428367,4209
NRM,23.56041838700798,3633
BNJL,23.56007393715342,2164
SLON,23.553424657534247,730
CAS,23.543897732754463,4146
GIMB,23.527694361027695,5994
CCR,23.525723472668812,622
MVC,23.524423337856174,2948
HMH,23.52315525741534,12373
HPKA,23.510579829623524,3639
CAPE,23.50810921781975,4871
AKK,23.498492737736367,3649
NJT,23.498168498168496,6552
MBL,23.495686999383857,3246
OTD,23.491790148177813,2497
PGI,23.490230233262647,13204
NMK,23.483921432296192,5753
AQG,23.477000630119722,1587
HRLT,23.471246006389777,626
PLJE,23.458394160583943,2055
DNX,23.437405731523377,1989
DSO,23.42769891053153,6058
AAGH,23.414652567975832,1324
UNDI,23.408382959230416,4366
BEU,23.39856065798492,2918
BGO,23.391590275009964,5018
SYL,23.388524590163936,3660
ALAT,23.387610619469026,565
SPV,23.387214611872146,2190
GSL,23.373685440523488,4279
SND,23.365079365079364,882
ALN,23.363511659807955,729
PRDT,23.362727272727273,2200
CTKT,23.35907514450867,4325
CNPA,23.358677286990105,4143
MLO,23.350665386198383,14578
DUI,23.342049210429675,13615
CWA,23.337031900138697,5768
SKLR,23.326142949130716,3106
JBS,23.32358830596716,2497
SPGR,23.321466714133145,2809
VAK,23.320931737301844,18546
BGD,23.319624620480266,3623
SLHP,23.315277777777776,2160
KXG,23.3123915307185,2881
MSHW,23.302378774016468,2186
BYPL,23.29361133783483,13477
PAS,23.289839944328463,2874
SRGM,23.28042251483143,6911
SMBR,23.270891364902507,1436
MSTH,23.2686230248307,1329
TKO,23.258760107816713,371
MRQ,23.254795117698343,4588
FSG,23.248285322359397,729
ORR,23.236328661720254,3639
UMED,23.23533495314127,2881
AEL,23.220427005193308,5199
KKV,23.21355728854229,1667
SSW,23.213375796178344,2512
JKZ,23.19359430604982,4215
VLDE,23.187671232876713,2190
DBW,23.177397260273974,1460
BNDP,23.170731707317074,4592
MKN,23.166864988558352,10925
RMH,23.14623955431755,1436
BYQ,23.143107067879637,2858
RAKD,23.133426475724765,2863
BLND,23.129408960915157,4196
PYHT,23.12885106382979,5875
DWL,23.113698630136987,730
JCH,23.10926694329184,723
KWJ,23.105337078651687,4272
KUL,23.10521861777151,3545
NNHT,23.10297202797203,5720
KGL,23.09680365296804,1095
QLN,23.07752133253566,31759
MBV,23.073159366262814,2146
NLE,23.07079487409266,11159
HYB,23.064088085827215,7084
GOT,23.062328767123287,1460
TAV,23.056824838898653,3414
DGW,23.05674418604651,2150
RCF,23.051724137931036,6264
SEW,23.051369863013697,1460
MPH,23.04931506849315,730
BDBS,23.04819888381532,1971
DUM,23.04566210045662,2190
MIKD,23.04556074766355,1712
RBN,23.04556074766355,1712
GRMP,23.04551393728223,4592
GNVR,23.022222222222222,720
PUSA,23.012345679012345,1458
DHBI,23.01098901098901,728
RTWS,23.008518823852707,3639
SMPR,23.007914175167077,5686
SLGH,22.995750708215297,2118
KMNC,22.992248986405915,8386
SSHT,22.983983286908078,1436
SABD,22.98173515981735,2190
RKS,22.95561918396564,1397
SJP,22.938134810710988,10830
TDW,22.927340475081508,2147
SAC,22.922973427514297,2973
TDPR,22.92145204193397,6391
FDK,22.919671877418356,6461
BDHA,22.910518053375196,637
SNRA,22.909732016925247,1418
DLP,22.90821917808219,730
MWW,22.906511627906976,2150
KAN,22.90114431023522,15730
SHV,22.896662387676507,3116
PI,22.89010989010989,728
JU,22.88698678455533,21263
HSQ,22.882256554307116,4272
GMTO,22.875342465753423,730
KEMR,22.86849315068493,730
MLKP,22.86774304362762,2911
MOMU,22.858764759309718,2202
KYO,22.853424657534248,2190
RPRL,22.84636488340192,2916
KES,22.846153846153847,1183
DOR,22.843606401521154,6311
GVB,22.83951635064578,3639
MCPE,22.83910196445276,1069
LBN,22.838588074023303,2918
REWA,22.837612323491655,4674
NAC,22.83243887895051,6708
BNW,22.828355862936185,12724
CRW,22.81624500665779,3004
NNKR,22.805870744943267,4054
NWDH,22.803854875283445,1764
NDL,22.791539245667686,7848
GOD,22.778141820734845,4273
ADI,22.7658556417313,31976
BRK,22.762052877138412,2572
SIOB,22.758414932680537,6536
DDNA,22.758208955223882,1340
JREA,22.756507809371247,2497
BWZ,22.753451131971286,3622
AJL,22.74099654662062,4054
SCQ,22.738798856053386,4196
KN,22.729122807017543,4275
JITE,22.728,5000
SDLP,22.727266792871596,15319
BORT,22.7265625,2944
SWNI,22.722209054278267,4219
AJP,22.71301369863014,4380
CHWT,22.712898751733704,2163
NNL,22.699163394229128,5857
SAPD,22.69735054347826,2944
KZE,22.68731754784301,12332
RTM,22.687029495248673,32412
ASLU,22.679193400549956,3273
KLDI,22.67372182517867,3638
KXB,22.67243748282495,3639
DNWR,22.6482869379015,1868
SUJH,22.64601156069364,4325
VDL,22.63973897389739,4444
SNKG,22.572642967542503,1294
FK,22.566403081914032,9864
GZKA,22.553864637565077,2497
SLI,22.54296377207355,10986
FRDH,22.542537313432835,1340
SUH,22.540816326530614,196
BHL,22.534886183165696,9445
KGIH,22.533414337788578,823
RLP,22.530442804428045,2168
LMD,22.520904729266622,2918
TA,22.519316880141623,9603
KVU,22.518046441191316,7924
GPB,22.516573033707864,7120
DBLA,22.510655247958574,5021
TII,22.498402555910545,626
CLN,22.496575342465754,2920
AJJ,22.493337069556013,32118
BLSR,22.488430046279817,2809
CKB,22.473059360730595,4380
PJR,22.47222222222222,684
SRWN,22.455496780128794,8696
MLFC,22.455242966751918,1955
GHRI,22.45522949586155,1329
JGW,22.448067963825707,3649
KSJ,22.445585785674623,10806
PEC,22.44228356336261,1594
SLP,22.434246575342467,730
CUPJ,22.433709796219002,8146
BZS,22.432835820895523,1206
REN,22.432408121305578,7782
KPJ,22.426573426573427,572
TKTB,22.42099949520444,1981
TPT,22.41556313993174,7325
MLAR,22.41368165903582,3713
NTR,22.41288160833954,2686
BGTN,22.407656859269764,2821
KAWT,22.40669189404501,5021
SLTH,22.398630136986302,1460
HAH,22.39518317503392,2948
KARD,22.385435168738898,5630
NYM,22.38515205724508,5590
KMU,22.364863482973718,9779
JGKS,22.357545839210154,1418
KOF,22.317931034482758,1450
WH,22.31640625,2816
KDY,22.310769230769232,650
MNSR,22.272391505078485,2166
SJV,22.2556566970091,3845
BEY,22.251141552511417,2190
GYM,22.250603304250976,5387
BSKR,22.250346740638,2884
BKTB,22.242345997786796,2711
PUM,22.240834743372815,3546
PMPE,22.240596764026055,4759
TCL,22.239846992756572,12287
OTP,22.225197064419678,14716
PEL,22.22279069767442,2150
KAPE,22.219583946207187,4759
DULP,22.216255442670537,689
NIP,22.21217197096594,3582
MOGA,22.208036915977697,5201
AWG,22.193150684931506,730
JCNR,22.182368655387354,5615
PMH,22.172278778386843,2554
SRKI,22.166804067051388,3639
YAG,22.151494331844727,2911
JA,22.139619883040936,1368
BRPS,22.13545347467609,5094
ADB,22.126590538336053,3065
SGRP,22.120233596702164,2911
TBDM,22.120206489675518,1356
BRBL,22.120032885722114,3649
ETR,22.11044034090909,2816
DVR,22.11018131101813,2151
BEM,22.10881392818281,4595
MBW,22.102758620689656,1450
ALU,22.092691400918227,8059
HSB,22.091662351113413,1931
RES,22.089041095890412,730
MLGH,22.08890147225368,3532
KGI,22.086958834166577,18802
TASA,22.07669616519174,1356
SHRM,22.074285714285715,525
VC,22.069940476190474,1344
VKT,22.06372809346787,3766
KURN,22.05452865064695,2164
MGKP,22.04189944134078,716
OKD,22.035947712418302,306
SANK,22.031347962382444,638
CFG,22.028846153846153,728
SKA,22.02870508186264,4703
RGS,22.028651237031124,12530
JRLE,22.02608358382624,10313
RSMN,22.014089468122577,5678
VAPI,22.00922651492994,37609
MADA,22.008375209380233,3582
KKK,21.992332268370607,1565
RRAL,21.991018998272885,2895
PHS,21.984714873603764,3402
DARA,21.977764240024367,6566
VJ,21.975384615384616,650
BILA,21.958057395143488,1812
TVC,21.937220621833713,20134
QG,21.932155074116306,5262
BAHI,21.927789934354486,1371
PALR,21.910614525139664,716
NDRT,21.904428904428904,4290
NWN,21.903496503496502,4290
VPH,21.90068493150685,1460
SLJR,21.8872225554889,1667
DJD,21.880372492836678,1396
RGI,21.875342465753423,2920
BHK,21.864095500459136,2178
AVLI,21.859263331500824,3638
HRW,21.859242509892596,1769
SEH,21.849056603773583,8745
PJA,21.846711912005617,4273
RNW,21.84002904162633,4132
RTGH,21.837575086942778,12652
CHTL,21.831624392876417,1853
NM,21.830699774266364,1329
PMB,21.83013698630137,2190
KJW,21.828767123287673,1460
MKHI,21.8264081255771,1083
GAD,21.82295271049596,1734
BYD,21.82183908045977,4698
CMA,21.817442719881743,1353
KTU,21.809559597174207,13306
LUNI,21.807714003666618,14182
BHN,21.806100217864923,4590
OND,21.801670146137788,2874
RKK,21.79900607399227,3622
TNM,21.789819376026273,4263
DRO,21.779661016949152,4366
KSG,21.776692740770265,20071
MAJN,21.77020574702665,11519
KCZ,21.75958549222798,2895
BVRM,21.74884962267624,10866
KAC,21.748241912798875,711
DKX,21.736633058356247,3273
GKB,21.722704431247145,2189
KAW,21.71780821917808,1460
MHRI,21.711402623612514,1982
MSQ,21.70689655172414,1450
DOKY,21.700070571630203,1417
KOAA,21.697351090297087,6833
DKNT,21.688198253097706,4923
GSGB,21.67872470876763,3262
MLX,21.676122348297977,4054
CTTP,21.671232876712327,730
RNI,21.670391061452513,716
PPDI,21.667994376757264,4268
BARL,21.66613924050633,2528
VVM,21.65196282424747,7209
MNHL,21.64923646459972,2161
HBN,21.64488854727133,1301
DQN,21.638312586445366,4338
YT,21.62917439703154,4312
JP,21.628798053774613,39461
PTRJ,21.62517353077279,2161
TVL,21.624564893088017,2011
AAS,21.619478260869567,2875
BLT,21.618964767290127,4598
DRU,21.618669513578435,14987
LMA,21.60821917808219,730
DLJ,21.598629161474097,11234
PH,21.5979492714517,1853
TUA,21.5977549111319,4276
JTS,21.595989002102538,6183
SHRN,21.586720187322296,11958
TKT,21.572088068181817,2816
PKO,21.56280353200883,9060
PSL,21.559797608095675,2174
NHR,21.55647171620326,5215
PYV,21.55586592178771,358
TZR,21.554864253393664,1768
ERS,21.549645552252457,21865
GRKA,21.546853146853145,4290
BJWS,21.546386946386946,4290
BMLL,21.542652552926526,3212
MAP,21.520281153902474,6829
IRA,21.509944751381216,3620
BDC,21.508585030828065,25626
KSW,21.506430309350016,2877
SEI,21.502923976608187,684
ASK,21.49577207648698,20814
THM,21.49100968188105,723
ENB,21.490124640460213,5215
APTA,21.4836,5000
UJN,21.48184325442427,26106
JTKN,21.46927374301676,716
RBG,21.46881040238974,5691
VDV,21.467906418716257,1667
TSD,21.46692233940556,5215
NDE,21.459422283356258,727
NGNT,21.45064935064935,1540
JMDG,21.449537037037036,2160
NDZ,21.44490358126722,726
SCL,21.435178165276724,3957
BDRI,21.424581005586592,716
BASR,21.424581005586592,716
MAKP,21.424581005586592,716
MDVK,21.42071997801594,3639
MHRL,21.41986301369863,1460
KZW,21.41928721174004,1431
SMTL,21.41849529780564,638
CNDN,21.416,1250
NDAM,21.411337209302324,1376
KUH,21.410144798791862,11257
RLA,21.40982824427481,2096
KTWS,21.395688456189152,2876
DAKE,21.386489119844104,3079
PTI,21.385707741639944,4366
CDMA,21.382876712328766,1460
BNLY,21.380255941499087,2188
GRN,21.38006396588486,1876
CHRU,21.35753424657534,730
TKR,21.353707725721378,3223
LAP,21.343045959747673,3329
KCVL,21.33812949640288,139
KII,21.337899543378995,2190
NYGT,21.32201086956522,2944
PNSA,21.31755072979708,5618
BAND,21.304424432263115,5108
NPJE,21.28030303030303,4224
DBN,21.268532918610678,1929
NSL,21.265179677819084,5649
SMU,21.265170556552963,5570
LNK,21.257308027923212,9168
URML,21.247599451303156,1458
DIVA,21.229930624380575,8072
DWR,21.225856555504798,10945
PJGM,21.21605716687684,4758
JLLO,21.2047983310153,2876
KLGM,21.204794520547946,1460
QLD,21.203792309055466,11286
MDB,21.200276243093924,724
MAKH,21.195890410958903,730
LKZ,21.18421052631579,722
ANT,21.17917537526126,5263
RNR,21.174498886414256,8980
KDS,21.1701244813278,1205
LHU,21.15397096498719,11710
KTJ,21.150120233596702,2911
MLDE,21.145563770794823,2164
NARA,21.145563770794823,2164
KSDE,21.145563770794823,2164
DKN,21.141264367816092,8700
CMMG,21.139942880456957,2451
DEIA,21.138763197586727,663
KGMR,21.13662316476346,2452
SXB,21.136363636363637,2596
PRAR,21.126478988168095,2451
SMLT,21.11867862969005,2452
PNUG,21.099960015993602,7503
TPH,21.09550648548487,12952
KUT,21.095403899721447,1436
BEDM,21.09320066334992,3015
BBY,21.08812856402281,1929
PPB,21.085135599038793,2913
VG,21.084837122099835,17068
DDN,21.0807216022015,6541
ML,21.072410632447298,1091
SBBJ,21.064471879286693,3645
AMPR,21.061977715877436,1436
DOX,21.052059408972593,6531
KIW,21.04931506849315,5110
ALP,21.042922374429224,2190
SIGA,21.04059040590406,1355
JW,21.036211699164344,1436
PUC,21.030593607305935,2190
LWR,21.030287733467947,5943
KGRA,21.029733959311425,2556
KRQ,21.028257456828886,637
BZ,21.014749262536874,1356
MHUR,21.013472549680028,2969
DRN,21.00788804071247,3930
KNDL,21.00610432852386,1802
PKBS,21.004439511653718,1802
KTI,21.0,2911
PBR,20.9931812221348,3813
PLMX,20.991001564945226,2556
KNZ,20.974640743871515,1183
KQW,20.97056786703601,2888
BAGA,20.96630295250321,3116
PEN,20.951640033641716,4756
BGY,20.947271612507663,1631
KAKI,20.936986301369863,730
ACG,20.93241379310345,725
KPQ,20.914861960654655,6049
BIX,20.909117475160723,3422
BDO,20.890531502991905,2841
MDL,20.881726158763986,1877
GKX,20.87118245888802,2554
BKTU,20.869918699186993,2460
PRK,20.86687548942835,2554
ANP,20.861986301369864,2920
KPY,20.859959408524208,17245
BJBA,20.85456073980664,4758
GWA,20.85323709536308,4572
BIRD,20.848827992299853,8831
NSKL,20.843406593406595,364
DSVS,20.84070796460177,1356
KISN,20.837687216997562,2871
OSA,20.835926449787834,1414
KRON,20.83399209486166,5313
ARE,20.82758620689655,2842
BWF,20.82625376815566,3649
PLHW,20.81796577946768,2104
BLRE,20.811415525114157,2190
PAE,20.799812909260993,1069
KZK,20.7994023160254,8031
LLH,20.796014067995312,853
AKD,20.7948682766191,7288
ASAN,20.793900184842883,2164
HRR,20.785136446985224,9271
JRL,20.783832879200727,7707
PTB,20.770905032090038,10751
BMPR,20.764452113891284,2318
GOA,20.76051126807938,2973
HISE,20.754554170661553,2086
RJMP,20.753878702397742,1418
GCH,20.750944692545517,2911
CKD,20.75016804839794,8926
GAMI,20.744107744107744,4455
PNM,20.743835616438357,2190
CHV,20.736810334419896,8283
MQE,20.734246575342464,730
PVU,20.71151032352463,12302
DABN,20.710452961672473,2870
VVD,20.704794520547946,1460
RE,20.70256019849997,35466
CMX,20.692801467216874,2181
MQP,20.680897475849175,3209
MHNR,20.671546961325966,3620
JHIR,20.66643454038997,1436
MQS,20.6504266446463,3633
MAHI,20.638247282608695,2944
SUNR,20.63541827145278,12982
SWW,20.624657534246577,730
BSM,20.61644212262854,3637
BAW,20.612118034751347,13352
KKNA,20.608897126969417,2158
DDY,20.599747474747474,3960
SURI,20.599523241954707,6712
BTZ,20.594974131559496,1353
DDGA,20.586107091172213,691
RKR,20.578082191780823,2190
KUD,20.57788309636651,6330
CJE,20.56564245810056,716
BAK,20.558495821727018,1436
KMAE,20.555129434324066,2086
GSI,20.554195804195803,572
AIA,20.551308539944902,2904
BEQ,20.550351288056206,854
KART,20.53939393939394,5445
DLX,20.53528591352859,3585
DKRA,20.53013698630137,2920
EDN,20.53013698630137,730
PMY,20.527350952673633,8135
NUB,20.526645768025077,638
HET,20.525969275786395,1367
SIKD,20.523510971786834,638
BEHJ,20.522878099895216,2863
CAN,20.520844029161104,19478
AZA,20.505421184320266,2398
WADO,20.501720578114245,1453
MRX,20.495887191539367,1702
JTP,20.488975356679635,1542
JAMA,20.485773054508055,2917
NGRT,20.48180039138943,2555
NYH,20.46798780487805,6560
GJUT,20.457883865044757,8714
JHDC,20.457243053682223,7414
MMU,20.455507013106462,4349
KKP,20.454949046513974,9911
VN,20.447765363128493,7160
RDN,20.426248282180484,4366
ABKA,20.41985787603632,5066
KRYP,20.413306451612904,496
PUK,20.39399901623217,6099
KRC,20.386468952734013,2158
MGD,20.384246575342466,1460
BNOD,20.384087791495197,1458
SDUA,20.37970161798697,4759
ATPA,20.367471024130722,5263
TVG,20.363013698630137,1460
VARD,20.350208365488502,6479
BHNE,20.328296703296704,1456
GKG,20.32808280828083,2222
BZE,20.317578772802655,1206
KTOR,20.303170920340293,1293
RMN,20.301515449714625,5081
JLR,20.292420027816412,8628
BOR,20.28969107948629,14405
MAHE,20.282033898305084,10325
SLM,20.27465152297367,1937
RYT,20.27371695178849,1929
NNE,20.27216174183515,1929
NOLB,20.266524520255864,938
BNDI,20.266117969821675,1458
NCJ,20.259262301815493,12173
OBM,20.256582343830665,1937
GSA,20.238013698630137,2920
BMT,20.216807738814992,16540
BSAE,20.21034282393957,1721
MQU,20.20135363790186,3546
ANSB,20.2002216987668,7217
PASG,20.17421124828532,1458
KWW,20.171917808219177,1460
PAA,20.164192949907235,4312
TML,20.149478079331942,2395
LHN,20.14502404735479,2703
KKPM,20.140753424657536,2920
CAG,20.137856055664276,4599
KMKD,20.13764624913971,1453
MRYA,20.136163982430453,1366
KRDN,20.124301675977655,716
DTVL,20.1192,6250
RKZ,20.11614730878187,706
KPP,20.093441273326015,7288
RPAP,20.0910501810657,1933
KHAA,20.083067092651756,626
SSR,20.076712328767123,730
LLI,20.073424657534247,3650
BSA,20.06969459671104,2554
GDL,20.063556362620478,7159
ETK,20.061607507139943,2451
HHT,20.060146923783286,2178
HLZ,20.059071729957807,711
TKE,20.053633720930232,6880
HSY,20.04731281580156,2177
ADE,20.044273339749758,1039
CAM,20.04391814210163,4349
PAQ,20.042465753424658,1460
LSE,20.038414634146342,1640
LSMP,20.037215713301173,1451
KNP,20.02361791462561,5716
NBL,20.02169811320755,2120
PGR,20.020405008502088,6469
JOB,20.017651458489155,6685
KUND,20.015912897822446,3582
OCH,20.01106500691563,723
PEH,20.00438596491228,1368
JIT,19.99137104506232,2086
DLD,19.9837528604119,4370
JMBL,19.982853223593963,1458
BGM,19.976150084821874,10021
TNGR,19.971232876712328,1460
TWB,19.964598168870804,4915
BVRT,19.956697751753055,13833
HLP,19.946403385049365,1418
KORI,19.94268406337372,2146
TBAE,19.93972746331237,1908
FGSB,19.933333333333334,2580
UDMR,19.93169533169533,2035
MUGA,19.924372636644897,2909
BMHT,19.92080333459644,2639
NGA,19.917073170731708,3895
KMD,19.91316470822545,5021
RNL,19.904391582799633,2186
PDP,19.897893772893774,2184
KTPR,19.882191780821916,1460
KMNP,19.87977632805219,2146
JLY,19.876027397260273,1460
HYL,19.871371830125266,3273
BOM,19.861189801699716,706
BVI,19.860557417533958,34014
NAD,19.85806026675449,24292
PTTN,19.856377636424508,5974
HRLI,19.85635359116022,724
PAV,19.85525666337611,8104
SBH,19.85169491525424,2596
KUCE,19.848469387755102,1960
JAO,19.846688412991064,7051
BH,19.83735786380478,31308
AAY,19.826689774696707,2885
BHHT,19.82054794520548,1460
GNGL,19.797912005965696,1341
SBHR,19.79369560103505,4251
LM,19.7934374382289,5059
HVR,19.791824375473126,10568
BNSL,19.783264746227708,1458
DMGN,19.778772378516624,1564
BHTA,19.777120315581854,3042
HME,19.775862068965516,5974
RPI,19.77260273972603,730
SXQ,19.759424263193967,1459
BWO,19.757653061224488,1960
KAO,19.75557599448149,4349
YDV,19.750186428038777,1341
BCH,19.7466208204885,8434
RRP,19.742083040112597,2842
MJR,19.741411327762304,2154
KHTN,19.73972602739726,1460
SSD,19.73817381738174,3636
MAYR,19.737744257799108,2917
RPB,19.692239072256914,1121
MWX,19.686337267453492,4999
RKN,19.685553346587145,3018
BVZ,19.675,1640
SOG,19.673745173745175,12432
RJLK,19.647959183673468,1960
BRC,19.6391171344218,56226
NYK,19.63899253731343,1072
MDVR,19.621733149931224,727
MTPR,19.61167279411765,2176
KOG,19.610675039246466,637
MSSD,19.602699144173798,3038
ANQ,19.602475928473176,727
SUT,19.597513812154695,3620
GTQ,19.59388946103673,2913
MUGR,19.583941605839417,685
KLSX,19.575949367088608,1264
JWL,19.573780677228953,3219
MYA,19.56974618197462,18596
KVP,19.56313834726091,2154
JXN,19.561042524005487,1458
DXK,19.556164383561644,2190
MNHA,19.54986020503262,2146
BMK,19.542479108635096,1436
FL,19.540765324483186,25009
LKU,19.537769784172664,10564
HSX,19.53672680412371,4656
CVD,19.536363636363635,1430
BNKJ,19.523287671232875,2555
DVG,19.51806239737274,13398
CGX,19.517395182872434,1121
RDT,19.502739726027396,5110
KSI,19.487547078119306,8231
TTR,19.482861514919662,13070
GJW,19.47422680412371,1649
AII,19.471088366845308,24817
SIKR,19.465729993891266,8185
UJ,19.452282157676347,3374
SEP,19.45214521452145,1818
SINA,19.44395752570369,5933
BKC,19.43646408839779,724
DWK,19.42217175887696,4844
MFR,19.420209488601355,1623
LTD,19.413382899628253,2690
GCAB,19.40919540229885,4350
DUR,19.40502283105023,2190
KHRA,19.38490959666203,2876
UPA,19.378335949764523,637
PRWA,19.373799725651576,1458
KLMG,19.37191977077364,6980
STSN,19.37154696132597,724
SBBP,19.365068493150684,1460
CLO,19.363013698630137,730
KDBR,19.36076817558299,1458
KRKD,19.354794520547944,1460
MHA,19.350054824561404,3648
UJH,19.34532699705816,4419
SNR,19.33103448275862,1450
GZO,19.32512315270936,3857
BDHL,19.322715842414084,2386
SIA,19.31994459833795,722
KJU,19.318791946308725,2086
JRMA,19.318181818181817,1496
JMV,19.315915627996166,2086
AYR,19.30958904109589,730
CJL,19.309099437148216,2132
CBE,19.30722930978083,30570
RLR,19.306318681318682,1456
JLG,19.30384087791495,1458
PHOP,19.287338893100834,1319
DAVJ,19.279962546816478,4272
TIT,19.27067368561338,15007
SOA,19.26447688564477,4110
SGUT,19.258843830888697,1159
BBN,19.246930422919508,733
SVJR,19.246675358539765,3835
PON,19.24382946896036,2674
KNNA,19.240547945205478,3650
JHH,19.2400548696845,729
SFDE,19.239833641404807,2164
DVN,19.237997256515776,1458
ALJ,19.237534246575343,3650
PNGM,19.235392320534224,599
SGA,19.233848702374377,3622
KAI,19.21074964639321,707
NEMA,19.20812946932631,5314
PYD,19.20566037735849,3180
ALMR,19.205097806757557,3374
BNG,19.204633204633204,5698
AKV,19.20354605765279,17033
DKWA,19.19920562175374,3273
ADT,19.198957904840256,7293
RMGM,19.195121951219512,16974
LUR,19.19311415997929,3863
PAZ,19.192041748206133,7665
AJE,19.17787913340935,3508
ALNI,19.177495107632094,5110
IZN,19.175146498000185,10751
BWS,19.16780821917808,1460
NHF,19.161651504548637,2858
LTKR,19.161341853035143,1252
TNW,19.155438031731432,4349
NAWN,19.154596100278553,1436
BAA,19.152552552552553,3330
KARJ,19.148,1250
TNRI,19.1476450612727,6773
NDN,19.143910500889906,3933
DSPN,19.143514965464313,2606
MKC,19.134126300962517,12779
SUL,19.134052388289675,2596
DUK,19.133977900552487,3620
KNBR,19.124733475479744,938
DOC,19.123705722070845,1835
NMH,19.11792138574284,10507
RIS,19.116169544740973,637
BDVT,19.10886627906977,6880
PHRH,19.1068515497553,2452
NMGY,19.10576923076923,728
SCV,19.1018492961634,3623
SNSL,19.0989010989011,1456
HMO,19.088258317025442,5110
NGLT,19.08675799086758,2190
VVV,19.08199121522694,1366
BHI,19.080883729638643,5341
KTGG,19.07277628032345,2597
BMY,19.06793802145411,2517
GGVT,19.06779661016949,2596
HLDD,19.067123287671233,730
TLI,19.065479452054795,3650
SMAP,19.047553411440386,1451
BLNR,19.04236317838333,4367
GKK,19.02100962941348,3427
LONI,19.014850566177834,5387
NGRH,19.012841091492778,1869
RPO,19.002113792496036,5677
GLNA,18.99953488372093,2150
UMM,18.991773308957953,1094
SFE,18.97949673811743,2146
PCMK,18.9762348555452,2146
ATH,18.974405850091408,4376
AUS,18.95958904109589,4380
KRTL,18.93206197854589,2517
JATP,18.90223463687151,716
LP,18.894121691302853,2909
TK,18.89102793239034,19583
DPLN,18.889383561643836,2920
SRSL,18.88787045523984,3273
DEV,18.883561643835616,730
SBLT,18.878048780487806,1066
MZMA,18.875146443514645,5975
AMSA,18.869309518623393,4591
PUT,18.866856291480428,7383
SDMK,18.866438356164384,4380
MYU,18.866277071158475,2909
MAH,18.865189289012005,1083
DAVM,18.861175921605227,4286
IPL,18.860118071498853,6098
BER,18.859765123852757,10133
COE,18.854570637119114,722
SCN,18.851736651114567,1929
BVR,18.851591760299627,4272
BID,18.838874485282904,13114
MLK,18.83139136394791,1459
KLGD,18.82099596231494,1486
BILD,18.818873668188736,3285
MMM,18.816438959894228,4538
MMC,18.814917127071823,724
MLHA,18.80174777244688,5836
SHNX,18.7921568627451,1020
OREH,18.79214228829307,3767
JLQ,18.78982387475538,2555
HOH,18.78930131004367,916
KRDL,18.78720787207872,813
HOL,18.783882783882785,2184
BMNL,18.776712328767122,1460
UBL,18.771216306314887,20998
NERH,18.763531590862318,4859
HEB,18.75768535262206,3318
PMD,18.752420470262795,723
RHN,18.744613767735157,3806
JGD,18.74244604316547,4170
DMC,18.73525138041267,3441
LOL,18.734931506849314,1460
MDCR,18.729814692256785,6044
BOG,18.70958904109589,3650
GNA,18.705264506212373,7807
KTM,18.69693737619991,6563
DNDI,18.68780487804878,2870
BRTK,18.683150183150182,2184
GTP,18.67383761276891,2882
SMNN,18.67029511369134,4134
MHU,18.666337025316455,5056
DTRD,18.633744855967077,729
SWRT,18.633531836921666,4366
SIDG,18.632896764252695,2596
SEU,18.626567164179104,3350
MOT,18.61304294023017,8081
TPW,18.609860248447205,2576
HMZ,18.607535321821036,637
SRR,18.607493037274427,26211
CID,18.607224508459076,2187
BLRI,18.601604278074866,748
SMNE,18.59463276836158,3540
BSN,18.58193668528864,3222
NRI,18.581239530988274,5970
TAN,18.57949421682023,5101
TRT,18.57153284671533,8220
UHL,18.55011037527594,4530
NIIJ,18.5456,6250
JLF,18.54200913242009,2190
NDKR,18.524723247232473,2710
DBY,18.523095380923817,1667
BNO,18.520399666944215,3603
VNR,18.511707988980717,4356
JARI,18.51103448275862,1450
PALM,18.509695290858726,722
TVCN,18.5087002372792,7586
DPK,18.50123839009288,3230
KHH,18.497243660418963,5442
SGD,18.492031538332494,5961
BNC,18.48797413166691,27524
DTAE,18.484601975595584,1721
GLTA,18.47858197932053,1354
BSC,18.46064814814815,3024
TADA,18.454749439042633,2674
KVM,18.453733394411362,4366
MNL,18.451019393336647,2011
DPDH,18.44378427787934,2188
DOD,18.439593629873695,3642
JMQ,18.43924805135259,2181
IDR,18.417104731095836,4946
PLG,18.413146540243968,18773
SULH,18.410567514677105,2555
SOAE,18.407478427612656,2086
JJA,18.39406392694064,2190
SGW,18.39178082191781,730
BPR,18.39040959040959,10010
SMAE,18.38872748402092,1721
GJMB,18.386888273314867,1083
KCR,18.382876712328766,1460
MQW,18.38259833134684,2517
PIP,18.380939488290238,7387
GPAE,18.36577181208054,2086
SARY,18.36569579288026,927
PDF,18.35595567867036,722
SHE,18.35493482309125,5370
SUI,18.34590332533425,2917
AUL,18.344756682659355,2918
MEU,18.33755997258396,2918
SGDN,18.33638928067701,1418
MNDH,18.335031538088305,4122
SOB,18.33082191780822,1460
KJL,18.324845147969718,1453
MSS,18.322374429223743,2190
TMLP,18.307262569832403,716
HRSB,18.305216659655027,4754
STE,18.295793758480325,2948
BAPR,18.292741658066735,2907
SPD,18.29041095890411,730
MMH,18.288637751985338,3274
HTCY,18.2880658436214,243
HYA,18.25759577278732,1514
AMA,18.25207526286663,3614
YLG,18.249840255591053,4695
ENR,18.240482822655526,2154
BEW,18.240384615384617,2184
AIP,18.23769730733519,2154
KMSI,18.23297604035309,3172
KRLS,18.221575342465755,2920
HGL,18.21824686940966,1118
PMKT,18.205649717514124,885
KYG,18.20360110803324,722
THEA,18.201507882111034,1459
KSAE,18.19272976680384,1458
DBZ,18.17808219178082,730
DIU,18.17808219178082,730
RDI,18.173371306514774,2809
DGX,18.165753424657535,730
TRBE,18.165753424657535,730
BTDR,18.165753424657535,730
BKS,18.165753424657535,730
JRX,18.165753424657535,730
AMD,18.16083916083916,572
RUP,18.15890410958904,730
PNPI,18.149064171122994,1496
BUBR,18.14681440443213,722
CNPI,18.14670932358318,2188
SDS,18.14175803039046,5199
RMD,18.1396586816972,6387
BRSR,18.136996336996337,1365
Y,18.136388583973655,3644
GZM,18.12975699220541,2181
KZTW,18.126053042121686,3205
DXR,18.123229461756374,706
NDAE,18.11359660084979,8002
SFH,18.108256880733943,1090
KSD,18.10818858560794,6045
BKN,18.104824527869102,13079
SSV,18.101329500538988,2783
TRL,18.099559538274605,13168
HPA,18.09693417493237,2218
ARNH,18.09648331830478,2218
SKW,18.089392133492254,2517
BBHT,18.083112055231016,3766
URL,18.081818181818182,1430
RAKL,18.081389320891653,1929
RJB,18.07555898226677,1297
WKND,18.068242166755176,3766
PCH,18.065844858689115,3326
BTRO,18.064770390678547,2918
BDW,18.06241426611797,1458
SONI,18.056288715324534,3713
MOHR,18.05380927011188,1877
GPX,18.05139318885449,3230
JSP,18.04010438126631,7281
ELR,18.03992571959146,2154
NXNR,18.0339789330615,2943
MFM,18.032763866136204,4273
VRQ,18.023071625344354,2904
BKTL,18.017123287671232,1460
BLLI,18.013013698630136,1460
KKU,18.01110029211295,5135
JCY,18.006185056902524,4042
RTI,18.00376712328767,2920
SBR,18.003433279926757,4369
BJUD,17.99621785173979,1322
BJP,17.992341966026178,7182
CGS,17.984937786509494,4581
BGNP,17.98308184727938,2187
SPBK,17.959334565619223,2164
TPND,17.95872,6250
SXE,17.957948243992607,2164
BKDE,17.957948243992607,2164
PKDE,17.957948243992607,2164
SWDE,17.957948243992607,2164
BNF,17.957592339261286,1462
MAD,17.955364511691883,14540
RKX,17.952402957486136,2164
BASN,17.952402957486136,2164
JSS,17.952402957486136,2164
MKLI,17.952402957486136,2164
RMR,17.94910435029855,3517
SOJN,17.934561626429478,11018
KNO,17.9324200913242,2190
KAHL,17.928770949720672,716
ABS,17.925790615367053,8759
ANMD,17.9209065679926,2162
SONH,17.920665387076134,3126
BOUH,17.902853260869566,1472
MBAH,17.891304347826086,3036
VRB,17.88547869903802,2183
GVD,17.878583927850315,7429
CPT,17.86645880323736,15074
KLYT,17.864651773981603,1522
KOLI,17.864383561643837,1460
MG,17.86159169550173,4046
BHMW,17.856762513312034,1878
UCP,17.855090832277146,2367
SBLJ,17.852054794520548,730
RR,17.848493226430744,3617
BHTS,17.839228295819936,2177
PUE,17.834818368745715,1459
RT,17.831683168316832,707
DAD,17.83155530600786,1781
KUMM,17.822213343987215,2503
SWG,17.81771369721936,2913
TSS,17.817484242258153,3649
BWB,17.801393728222997,1435
ICG,17.8,1460
WAB,17.79154768703598,1751
YPR,17.781144781144782,30294
BCU,17.775323686214776,3939
HTGR,17.774122807017545,1368
ANND,17.768295457418034,39559
HNK,17.767002134797195,3279
SOS,17.763693270735523,3195
PCT,17.75877192982456,1368
BHR,17.739403453689167,637
PBW,17.732644349584362,4451
SMPA,17.73126142595978,2188
BAMA,17.730470534490635,2189
KQRT,17.730184147317853,1249
JJBR,17.72876712328767,1460
CVR,17.72243554580362,3646
HAPR,17.722433460076047,526
ND,17.72048969072165,31040
KLKA,17.71668219944082,2146
SRNK,17.716428084526243,4401
GJN,17.703703703703702,729
RSJ,17.693835616438356,1460
AXK,17.68118195956454,1929
AAH,17.68118195956454,1929
SNH,17.679908675799087,2190
RJPM,17.67869780608634,4239
MKBH,17.677526228602982,3622
BNLS,17.677526228602982,3622
MRG,17.669466106778643,1667
NNWH,17.668,1250
CS,17.667207792207794,2464
RGX,17.666538756715273,2606
AKM,17.65413184772516,2154
MRN,17.637181996086106,2555
KHSN,17.63270899954317,2189
GEBL,17.62889658584859,2021
VKH,17.622252747252748,2184
MLSA,17.6173787806049,2083
VGN,17.593477144324602,7788
RRU,17.591560835723065,2441
BL,17.590545938748335,31542
RPM,17.589238845144358,762
NKRA,17.587105624142662,729
BBGN,17.582704186684968,1457
NANA,17.57268112598062,2167
LATH,17.56549520766773,1252
RBHR,17.56549520766773,1252
BGRA,17.561946902654867,1356
MSN,17.558944482522275,2918
LSGS,17.542594013814274,2606
KHDR,17.54073482428115,1252
BUTN,17.54073482428115,1252
ISRI,17.53993610223642,1252
SURL,17.535714285714285,1456
DMSR,17.51396648044693,716
BGAE,17.513902205177374,2086
BJG,17.51095890410959,2920
KTGM,17.496610169491525,1770
THDR,17.48470319634703,4380
LWS,17.482191780821918,1460
NLDM,17.47738612586512,6213
BOBS,17.473496976165066,2811
KCU,17.45212554628526,2517
VSG,17.44787168414559,3242
PV,17.44408945686901,626
MYK,17.426940639269407,2190
FPS,17.42481299974207,3877
SNKL,17.423920736022648,4239
DUMK,17.416345316581666,8039
AADR,17.41380250954719,3666
TTO,17.41278375149343,5022
VWA,17.402306648575305,1474
ALAI,17.4,730
TRK,17.394486380045947,3047
UKL,17.39074550128535,3890
SRPJ,17.39060340856748,2171
PDWA,17.388010700389106,8224
BJM,17.383561643835616,730
PPDE,17.37902028698664,4042
PLS,17.373401534526856,3910
CLI,17.36849315068493,2190
SQD,17.35483870967742,2170
ANF,17.353231106243154,3652
VRR,17.35277818287881,6857
GDB,17.348595470857568,8081
MOL,17.343490304709142,1083
NAL,17.31687242798354,729
ETAH,17.31549295774648,1420
DJI,17.313986295848448,2481
RQJ,17.297520661157026,2178
IKR,17.29683972911964,1772
CJW,17.295205479452054,1460
SPL,17.294722412611378,2918
VDH,17.290234089246525,5468
AB,17.285198106154997,8026
TKHE,17.284798534798536,2184
HJL,17.282277642904436,4531
NWH,17.282213600163367,4897
JGZ,17.27787934186472,2188
RAMP,17.27787934186472,2188
DTAP,17.276051188299817,2188
AGR,17.270890410958906,2920
LNBI,17.268060836501903,526
MJO,17.265328874024526,2691
BDPA,17.262471220260938,2606
DBL,17.252255639097744,7980
MHMB,17.247599451303156,1458
PRB,17.24486301369863,2920
CNS,17.22854954034729,3916
DRL,17.22802237200631,6973
MPI,17.22761692650334,2245
SIRD,17.21536351165981,729
BTD,17.20142326732673,9696
KDMR,17.193967517401394,4310
BRY,17.180943025540277,5090
BAY,17.175840288743515,8866
BVNR,17.17433081674674,1457
SNDT,17.149815498154982,1355
FRD,17.144474948524365,2914
SOD,17.141654978962134,5704
KNKT,17.141643059490086,353
MHI,17.136496350364965,2740
MOI,17.12654614652712,1051
TVT,17.114670380687095,2154
VMU,17.113286713286712,5005
THMR,17.112328767123287,730
KKBA,17.1072,1250
KASU,17.10332103321033,2710
SNGR,17.09581881533101,2870
TKPY,17.092669432918395,723
BOD,17.08478062157221,4376
VLT,17.078389830508474,2360
BVP,17.066075594960335,10715
SGF,17.058346333853354,3205
KRNH,17.05662100456621,2190
KSH,17.0561863743148,5108
JBGD,17.05352241537054,2186
KLT,17.045854163075333,5801
SHX,17.03720716582453,2177
VPU,17.02747252747253,1820
GODA,17.017068730086482,4394
BLX,16.993150684931507,1460
CKR,16.99285009861933,4056
PCN,16.991232876712328,3650
AIPP,16.99025069637883,2154
PED,16.971898560657984,1459
APRD,16.951266308518804,2606
THN,16.95068493150685,2190
BAH,16.94202247191011,2225
PVRD,16.938513841670712,10295
MTDB,16.93170234454638,981
THAN,16.925719120135362,5910
BAF,16.91769547325103,729
DKBJ,16.914977834072197,6316
CHLK,16.91346153846154,2184
JRR,16.911926605504586,1090
JON,16.898766700924973,1946
SMWA,16.894843962008142,1474
RLG,16.88882101405009,3274
PRDL,16.883898305084745,1180
ARH,16.877998629198082,1459
DWX,16.870674070247933,15488
KTT,16.860568878973787,3586
CE,16.860426929392446,609
ALAL,16.85997357992074,1514
NVRD,16.857773251866938,5892
RDP,16.85578262888992,4306
TLNR,16.855479452054794,1460
SJPA,16.85418265541059,2606
HVL,16.853684585261657,2809
BHET,16.847773401999394,6602
SISN,16.834642032332564,2165
NNN,16.833900969347656,3817
STLB,16.81926323867997,2606
GUNS,16.81241743725231,1514
RANI,16.803775664875293,7257
VTJ,16.801486988847582,5380
APB,16.785051067780874,2154
SNLR,16.7833223900197,1523
DDV,16.77964774951076,5110
JAL,16.765876777251187,1055
YLBA,16.76425855513308,526
HTK,16.763676688023658,8116
KVGM,16.762847222222224,2880
SAKD,16.756164383561643,1460
BDGM,16.746195580256714,7557
NGTN,16.733948339483394,2710
BOMN,16.73377097009482,1371
AUN,16.725695400716056,3631
DAL,16.716827656329436,1967
PLV,16.715068493150685,730
SICY,16.713857998289136,2338
MTUR,16.701826484018266,2190
UNK,16.69961977186312,1052
NVS,16.697324615939994,24931
RGA,16.69646968534152,2606
NWSI,16.6952,1250
GDI,16.693150684931506,2190
KLCR,16.693150684931506,730
LAA,16.678670360110804,722
KRR,16.675346983647106,14554
HEN,16.67344589409056,2606
LNH,16.672816373594696,3469
NMDA,16.67182222222222,5625
SVNR,16.670319634703198,2190
POR,16.656986301369862,1825
TMV,16.65132963458963,10454
ROS,16.649315068493152,730
PRT,16.645076481835563,4184
ST,16.639811424001348,47514
BBAE,16.631083202511775,637
JACN,16.615997229916896,2888
BHA,16.612097935669706,2083
SJL,16.609173304037352,3641
SRVN,16.591368227731863,2178
ANC,16.588154269972453,2178
NG,16.582587749483828,2906
BZL,16.572727272727274,220
BFW,16.570950857807503,6878
KDTN,16.568321249302844,3586
BANE,16.56751467710372,5621
SVPR,16.561042183622828,4030
RNJ,16.555403181568842,3646
MJS,16.55068493150685,4745
BNCE,16.52649826646855,2019
TVP,16.52391916091072,7818
SVO,16.523169601482856,2158
PO,16.520890410958906,2920
FTD,16.516589057043074,6872
MBSK,16.5129749768304,2158
NCN,16.506139677666923,2606
STM,16.502392344497608,627
SVKS,16.49728709601321,4239
SID,16.494614747307374,4828
KOPR,16.493960923623447,5630
JWS,16.49041095890411,730
SDRA,16.48259493670886,5056
GGWA,16.482505643340858,3544
PYX,16.471523858388917,1949
UGR,16.46868836291913,4056
KHJA,16.460601719197708,1396
PLI,16.45985603543743,3612
MSH,16.455742189169552,23397
PUO,16.454794520547946,1460
JPG,16.453726708074534,3220
BLSD,16.43975903614458,2158
SPTR,16.4140625,2816
MESR,16.412645590682196,2404
UKA,16.40466392318244,5103
NHX,16.39963252181902,2177
WKR,16.381376267512966,12919
HTJ,16.37637061403509,3648
MEH,16.368115942028986,1380
MNS,16.357977991746907,2908
BJPL,16.348062953995157,3304
MAAR,16.34567901234568,729
CKMI,16.345006485084305,3855
SSNT,16.34339001645639,1823
SRPN,16.341802492809204,2086
BDI,16.33813525410164,2499
KAL,16.33429256594724,2085
MHPR,16.33321870701513,2908
BRNI,16.332533972821743,1251
PCLI,16.330135440180587,1772
SVUR,16.327671232876714,1825
HKL,16.326355525051476,2914
SAU,16.310407569141194,2748
FA,16.30496607477985,13854
SHRG,16.2986301369863,2920
PMK,16.290525966484154,6027
PVN,16.28904109589041,730
BRNA,16.2880658436214,2916
MMD,16.287557402143012,4573
JSV,16.286301369863015,730
KDNL,16.286152394432648,4239
GM,16.28393351800554,722
BLK,16.274180214935242,3629
DOY,16.27141568981064,2218
NCR,16.26700942587832,5835
KWB,16.26662097326936,1459
JRTR,16.2659355723098,1459
JKA,16.254515599343186,609
TUG,16.25404220334338,3649
SET,16.253598355037695,2918
ABFC,16.23732321490169,2899
NGT,16.233634912187334,7516
IAM,16.227296866702073,3766
NZP,16.226500265533723,3766
PAW,16.22135670236936,6162
STKT,16.220492006957674,12073
BHLA,16.21976401179941,1356
JUCT,16.198204419889503,1448
CNC,16.196331930246544,3326
SVHE,16.195623342175065,6032
SNDI,16.19269406392694,2190
FRH,16.191135734072024,1083
DMP,16.18995835261453,4322
WJR,16.18945868945869,9828
KMQ,16.18317025440313,5110
GHL,16.18114537444934,5675
MCN,16.173795435333897,5915
OTK,16.171232876712327,1460
NGW,16.16849315068493,2920
MJ,16.162172723720204,15354
BWC,16.159446022727273,2816
BAHL,16.150244231093144,5937
MUU,16.148902821316614,638
ALGP,16.117808219178084,730
SNPR,16.117351598173517,2190
GNJ,16.112785388127854,2190
MJN,16.10533578656854,2174
RUR,16.099183197199533,4285
ACL,16.080833942940746,5468
APK,16.074168797953963,1564
EDU,16.073597056117755,1087
MPG,16.07286606523248,2882
SNNR,16.056651814131126,1571
PFL,16.05540166204986,722
BLD,16.05323352048243,9618
BTRI,16.039902845246356,2882
BHV,16.034648187633262,1876
VLR,16.03439349112426,5408
JWB,16.021925366632786,6887
BHAU,16.0104,1250
VSPR,15.997260273972604,365
AGT,15.992465753424657,2920
KHR,15.98492117888965,1459
DUJ,15.984351027922676,6518
SHU,15.98215196328404,7844
ABKP,15.979377577802774,2667
PW,15.978220574606116,2158
BLYC,15.97716894977169,219
TQM,15.974431818181818,2816
TDOK,15.971751412429379,177
BGKT,15.9615963100371,9973
VRG,15.956601187756966,2189
KVC,15.942837465564738,2904
NSRH,15.942123287671233,2920
KQK,15.931963470319635,4380
MLG,15.93168433451119,5094
PAO,15.930053145894052,5833
PTYR,15.925,1080
CBCC,15.920185974428517,2581
PCR,15.912288716308817,4378
KKRL,15.911144578313253,664
SUPP,15.905479452054795,730
ANAS,15.903561643835616,3650
MNM,15.898801771294607,7678
MKS,15.891756452017038,3991
DRD,15.886969773939548,15748
SMCP,15.8828125,2816
HMRR,15.882203389830508,3540
CDA,15.877608772550406,2827
KGBS,15.87440664556962,5056
PGN,15.871433482296322,2909
PMP,15.866391184573002,726
MLMR,15.861378463923518,15481
GNW,15.854401805869074,1772
TBMS,15.848254931714719,659
RXN,15.844827586206897,1450
SOL,15.84432933478735,3668
DGQ,15.837241379310345,1450
VMP,15.83458904109589,2920
SVGA,15.83143618309518,4129
MRDP,15.826923076923077,572
PZA,15.824561403508772,627
MN,15.824561403508772,627
KTHN,15.823081264108351,3544
MCLE,15.823076923076924,3640
LKW,15.796792783763468,3991
BRRD,15.773983739837398,1230
PARD,15.760093896713615,4260
GQL,15.75779376498801,2919
PBKS,15.756067205973864,3214
KAG,15.751141552511415,2190
SBIB,15.745749613601236,10352
PDV,15.742974640164496,2918
AKAT,15.73816155988858,2154
KONY,15.737671232876712,1460
CPLE,15.736686390532544,4394
KUC,15.721156305960603,3909
MKK,15.708133971291867,627
AMVA,15.70754716981132,3180
BHID,15.70388349514563,412
KAD,15.695890410958905,365
APDC,15.695890410958905,730
BSW,15.695890410958905,730
SNE,15.689087165408374,1457
BMGA,15.68752855185016,4378
MV,15.670397929472662,15455
SUX,15.666359447004607,2170
PUKK,15.663785652549697,1157
NKH,15.662328767123288,1460
MJBK,15.647795823665893,4310
KDZ,15.642335766423358,2329
MAS,15.638760306668596,27652
BDLN,15.63260582010582,3024
SLU,15.623287671232877,1460
UDPU,15.614013521819299,3254
DMLE,15.606042998256827,1721
BDHN,15.60071301247772,1122
LLKN,15.597260273972603,365
BRW,15.585964912280701,3990
RDHP,15.574760516451478,2401
JLWC,15.552911931818182,2816
KJLU,15.550115473441108,2165
VJA,15.548844657973003,4371
JJN,15.546865427812946,4897
NOSM,15.542465753424658,730
GDA,15.539283274330787,16101
TZD,15.503457814661134,723
CLDY,15.502410606669345,4978
BUT,15.49895178197065,4293
HTD,15.487671232876712,730
BTI,15.463756507809371,24970
KJME,15.461397898583828,4378
CKOD,15.458219178082192,1460
GUB,15.455495978552278,3730
PLSN,15.453424657534246,5110
SWX,15.439138943248532,2555
DDK,15.438356164383562,2555
PTRL,15.430316490838424,1801
RNH,15.430301645338208,4376
JBX,15.423287671232877,1460
KLK,15.415261871059066,7771
HLD,15.39780469341408,2642
BHY,15.394520547945206,2190
GO,15.39423076923077,728
KLV,15.38644107625426,8511
TO,15.382732967893501,5108
BDGU,15.382433668801465,2186
SDHS,15.381529144587434,2642
JNRD,15.374209860935524,1582
GTX,15.3504,4375
VRX,15.347645429362881,722
KVL,15.344839857651246,2810
KOK,15.34338747099768,2155
SURR,15.332876712328767,2190
DKGN,15.33122140091517,2841
JWNR,15.299039780521262,1458
SKAP,15.294924554183813,1458
GOM,15.288690476190476,3024
NPKM,15.278087279480037,2154
SMTG,15.272831926323867,2606
KQN,15.267945706081964,7662
SNO,15.264948084496957,2793
ACPR,15.252636625119846,2086
SHYP,15.25065963060686,1516
BOF,15.246182322998612,4322
OSRA,15.245205479452055,2920
RIBP,15.228767123287671,730
VRI,15.227921923351582,16804
GDP,15.217589264318237,4173
MPLM,15.209090909090909,1430
SRKN,15.206392694063927,2190
PSAE,15.200464846019756,1721
PLT,15.195151515151515,1650
BDYK,15.182890855457227,678
KLMR,15.182819383259911,3178
ADST,15.178817056396149,727
TISI,15.177574370709381,2185
BMRN,15.166982922201138,1054
NDV,15.159960584660864,6089
BKDR,15.156153296834088,4201
NPMR,15.135616438356164,730
NMKL,15.130956711531466,5498
UTL,15.128612716763005,3460
CPD,15.119798811156835,4374
MBU,15.117862037460027,2189
CMP,15.114327062228654,691
KU,15.106552863436123,3632
SNMY,15.100427350427351,1872
BSWD,15.099415204678362,1368
ACLE,15.09515570934256,8092
KDI,15.089988751406075,1778
KLI,15.080903490759754,2435
EDP,15.07945205479452,730
KTHY,15.07945205479452,730
EL,15.079064970780337,2909
BSKO,15.078139534883721,2150
PTAE,15.077433628318584,1356
GGG,15.063965037743346,2517
SGNL,15.051330798479087,526
SXZM,15.044358888516907,5974
KDU,15.037908496732026,3060
TWL,15.030875576036866,2170
GSW,15.026480836236933,1435
SJSM,15.02283105022831,2190
VAY,15.02283105022831,2190
STH,15.022197862428062,3649
GA,15.019917582417582,1456
WC,15.015181332583637,3557
TRTR,15.006166022455366,10866
BJL,15.001369863013698,730
SKVL,14.99949005609383,1961
MAN,14.996778647031753,8692
MRJ,14.983271919050125,17097
PUW,14.96954595791805,3612
KFC,14.968493150684932,730
ULL,14.954225352112676,2556
MRL,14.937333977300169,8282
CRG,14.922374429223744,2190
GBP,14.906849315068493,1460
SP,14.905901116427433,627
MOP,14.89664676159853,2177
KIM,14.889789303079416,8021
VU,14.885041551246537,722
DADN,14.882974707436768,5298
HRG,14.882662835249041,2088
SRW,14.875990042996152,4419
PKA,14.860939520183882,6961
SEPR,14.857274826789839,2165
KHN,14.856946354883082,727
SAH,14.847544968400584,10285
KDMD,14.845205479452055,730
TKRA,14.841903300076746,2606
GND,14.833991273633908,4813
UBR,14.819320712694877,10776
MDPA,14.819178082191781,730
SYZ,14.817340644276902,2918
KPV,14.815098189237439,7842
MQQ,14.794379712131597,1459
SGPA,14.794004796163069,4170
PRU,14.780645161290323,2170
JND,14.775402224381816,9261
SCA,14.767897513187641,1327
TLZ,14.760730593607306,2190
SCH,14.760041043682204,6822
NBH,14.750168048397938,8926
PLE,14.73545706371191,722
NPM,14.730470534490635,2189
FAN,14.723330832708177,6665
BMZ,14.719911259012756,1803
KJC,14.699642431466032,2517
AUWA,14.698727015558699,707
SAPT,14.69568345323741,4170
LKX,14.694248234106963,991
FN,14.682977257064094,1451
MPK,14.677830940988835,627
VNTD,14.675938803894297,719
KCO,14.670677112479016,3574
SHH,14.659963436928702,2188
BRAM,14.659357470678225,3922
AML,14.654781779155735,8386
KRRI,14.654557916381084,1459
BOYA,14.654557916381084,1459
GNGT,14.654557916381084,1459
CKBK,14.652790484903933,2186
DOTL,14.651577503429355,729
SEQ,14.64824526018556,2479
KJG,14.647945205479452,2190
TBX,14.640724946695096,938
CHBN,14.640724946695096,938
SXR,14.640475102786661,2189
PLMD,14.636674259681094,3512
DHAE,14.635693215339233,1356
RMPB,14.632437619961612,2084
LAL,14.632084095063986,2188
HP,14.63197794624397,2902
CCAB,14.628512679917751,1459
DBNR,14.62054794520548,2920
MDPJ,14.612482853223593,1458
KANR,14.600760456273765,526
IGR,14.597101449275362,2070
NMJ,14.58630991037797,7699
VJK,14.580409356725147,684
AED,14.575799086757991,2190
WST,14.572802197802197,728
HHL,14.569162995594713,5675
MPUR,14.56672760511883,4376
LHM,14.566181127295756,1579
VAPM,14.565479452054795,3650
TUY,14.5623572407492,2189
THUR,14.56027397260274,2190
CSM,14.552779194288629,1961
CTRE,14.548354935194416,4012
GVMR,14.538356164383561,730
SYN,14.531973255614606,5833
RSNR,14.521384928716904,4419
KOX,14.516674280493376,4378
UOI,14.510989010989011,2184
TSK,14.490884985084522,3017
DOKM,14.486884413606363,5909
SDN,14.486256948733786,6476
RTRA,14.475342465753425,730
HDA,14.47340051558472,4267
MNCR,14.465753424657533,730
TBM,14.460941713337482,24105
PLJ,14.460655942137423,8019
KVJ,14.442715700141443,707
KBSH,14.43525179856115,4170
AAR,14.432164634146341,1312
KBT,14.425690229097317,5107
GRAK,14.413872301332109,2177
NIU,14.407450980392158,5100
CTW,14.39273474982865,1459
KTY,14.391069012178619,1478
STVA,14.387820512820513,2184
PRNG,14.384246575342466,2920
JIR,14.381578947368421,1368
NRO,14.377462060058122,6194
GOLE,14.376958525345621,2170
CRWA,14.374923422503574,4897
BIWK,14.372602739726027,3650
RSYI,14.369209039548023,3540
ETM,14.358766695083832,7038
JKT,14.353402208763805,2807
JBD,14.343099977633639,4471
KRCD,14.343055555555555,720
KSB,14.326478384059959,10941
CASA,14.325484764542937,722
TJ,14.31699143601837,16114
KALN,14.315981735159818,2190
TRG,14.312425089892129,2503
JHK,14.29659413434248,2114
KRPP,14.28656340057637,5552
TIBI,14.284246575342467,4380
LMU,14.283234353586112,2189
AROR,14.281735159817352,2190
BIV,14.279579716765646,2189
SAKA,14.279579716765646,2189
BGRR,14.27944572748268,2165
PNQ,14.27472665577479,7957
MADU,14.26849315068493,730
DUTR,14.263578274760384,1252
TVI,14.25063078216989,2378
EZP,14.239269406392694,2190
PSLI,14.227367542761785,2397
MWAD,14.22153635116598,1458
PEM,14.20418624519436,4682
LMY,14.191754554170661,2086
REMA,14.188649080735411,1251
MKDN,14.182844243792324,1772
JWO,14.177330895795247,6564
AGAE,14.160766961651918,1356
VGA,14.15625,2176
BKKA,14.147488584474885,2190
SUU,14.13365617433414,2065
DSL,14.131506849315068,730
KGZ,14.131474103585658,753
BDTS,14.121175867373099,11702
TLC,14.116899224806202,3225
BDT,14.110864745011087,1353
CLKN,14.110392609699769,2165
VJR,14.09784283513097,2596
SMP,14.089122486288849,4376
SALE,14.079216488357458,12712
IGRL,14.076754385964913,1368
FZR,14.0430936842673,18541
SDLK,14.039041095890411,1460
PGDI,14.038461538461538,728
BVV,14.038356164383561,730
SK,14.028803545051698,1354
BLKR,14.015068493150684,2190
BOKA,14.012784090909092,2816
SRB,14.011457378551787,2182
BLGT,14.00478163850813,3137
GRF,13.99417808219178,2920
KXK,13.991775188485263,1459
UJA,13.990866141732283,6350
BC,13.990112446684762,10316
BJK,13.98904109589041,1460
BKNA,13.987528868360277,2165
JAPN,13.98559670781893,2916
PIH,13.978494623655914,2883
BMQ,13.977880184331797,2170
LOGH,13.975202429149798,3952
PLA,13.97323879231473,4372
VTN,13.970452209660843,7784
GPD,13.964158767772512,3376
PANP,13.957852240613645,12385
MPRA,13.953424657534246,730
VR,13.952801593487486,11547
KPDH,13.948594928032898,1459
SMSR,13.945167923235093,1459
DEOR,13.941584731058414,1729
WDLN,13.93978419770275,2873
NRWI,13.93013698630137,2190
THL,13.924088791449712,3649
STKW,13.903010033444817,1495
GIBP,13.89275893675527,2182
RPZ,13.891629360587887,11839
GMDP,13.886008522727273,2816
NKI,13.884975989023554,4373
RCP,13.881929445644348,1389
LLD,13.880225988700564,1770
KSM,13.879413884218112,4163
SRF,13.875136911281489,3652
RKJE,13.872060581905142,2509
TVR,13.8696316262354,11130
MTIP,13.865411931818182,2816
BQY,13.858728557013118,991
RAYA,13.855037697052776,2918
BFZ,13.852674066599395,991
KIJ,13.850853889943075,2635
MSC,13.850079744816586,627
NBK,13.850079744816586,627
HPUR,13.847301136363637,2816
PWBN,13.839285714285714,2912
BUGM,13.829545454545455,2816
CVP,13.821739459541291,13211
KSE,13.821682328672932,4363
JTTN,13.818534315626211,2579
TRVZ,13.817351598173516,2190
PPG,13.815001143379831,4373
NLQ,13.810274994670646,4691
SED,13.810092449922958,2596
BRLY,13.803394625176804,707
NPU,13.789978678038379,938
MZV,13.784771573604061,1970
BKNG,13.773389950460015,7065
VAL,13.760511882998172,2188
SML,13.749932341001353,3695
BWA,13.727015558698726,707
UNL,13.71667047793277,4373
KDHA,13.712131596984236,1459
PLD,13.711996336996338,2184
KDE,13.70386761593227,5197
UVD,13.68453660386901,7909
GNTR,13.679593721144968,1083
MFCK,13.676136363636363,2816
RKD,13.671785468714187,4363
IGU,13.668935342732134,2057
SRT,13.662645218945487,11190
PDNR,13.625066102591221,1891
BNS,13.620933521923622,707
AJN,13.620768526989936,4372
ODC,13.609990691901954,3223
NUD,13.602349533311877,6214
BIO,13.594178082191782,2920
GHB,13.594146880176698,3622
AZ,13.574731812854953,22186
SNBD,13.574657534246576,2920
BRML,13.570959944751381,5792
KEB,13.55039637599094,7064
SJMA,13.535616438356165,730
ATKS,13.530009233610341,1083
CNR,13.528811830698624,1961
KLL,13.527945421149305,7622
GJS,13.526704405611618,4063
VRLR,13.50943396226415,3180
BLO,13.494063926940639,2190
KWAR,13.483226837060704,1252
TI,13.481401722787783,5108
HWT,13.480009244280101,4327
JNE,13.476958525345623,2170
SJN,13.474434495758718,8488
VLY,13.472797124798612,8069
MEKM,13.472,625
PRV,13.471232876712328,2190
PNGI,13.4704,625
BRLA,13.457534246575342,1460
TDK,13.450367647058824,2176
BIM,13.445406002577794,16293
SVB,13.444566813509544,2724
JNZ,13.442068965517242,1450
GHA,13.429752066115702,2178
SZ,13.42777906170557,4327
PLM,13.408303103587263,2481
AHO,13.402739726027397,730
DAVC,13.39819128528364,3649
BVW,13.397369142230747,3649
KGLE,13.388924478610578,14049
BTIC,13.382032667876588,2204
DCAB,13.37861429350791,1833
COM,13.374461979913917,6273
SDBH,13.36374501992032,2510
SKK,13.361565836298933,2810
LKQ,13.359540636042404,1132
MNTT,13.35934520025429,6292
BHUJ,13.356521739130434,3105
KESR,13.352941176470589,4063
ASL,13.332723530756917,4373
PKK,13.327688787185355,4370
KCLA,13.32626538987688,1462
BUGY,13.321917808219178,2190
KBU,13.303489439853076,2178
OLR,13.296634161686065,3179
MVJ,13.288552811519589,12431
KIN,13.286159990016223,8013
TNRU,13.27998902003843,3643
SDWR,13.272727272727273,462
TCH,13.2672,625
OKHA,13.252232830304896,3247
JAKA,13.249571477545423,2917
IMR,13.246787479406919,3035
GSGJ,13.239150507848569,1083
BYCH,13.234567901234568,162
SMM,13.231315910132967,4362
KTLA,13.228440890919474,1751
PJK,13.227817745803357,2919
NLI,13.226149622512011,2914
MWZ,13.223783413296779,2918
API,13.213698630136987,730
NVU,13.209125475285171,1052
KZQ,13.196605374823196,707
JASH,13.187699680511182,1252
AYVN,13.178082191780822,730
WAAD,13.174094707520892,718
HLV,13.173297966401414,1131
PLW,13.169491525423728,2183
KDX,13.160312356453835,2177
MDG,13.160312356453835,2177
DCK,13.159936658749011,3789
KSBI,13.159853008727607,2177
CHM,13.151508844953174,4805
KLHD,13.148657949070888,1453
ABR,13.147451337803528,15361
DLPH,13.145404663923182,729
KGKD,13.144867833848267,2913
SDZ,13.144867833848267,2913
MLKH,13.144867833848267,2913
VDM,13.128865979381443,2134
TLO,13.125171939477305,727
KNRI,13.115953947368421,3648
NZH,13.102739726027398,2190
DMD,13.10250737463127,1356
MTL,13.088347826086956,2875
SVS,13.0776,1250
BON,13.058904109589042,1460
HSWS,13.058447488584475,2190
LMK,13.041823504809702,4782
SMV,13.032168607875763,1803
MSF,13.030303030303031,627
GMGM,13.01917808219178,1460
BAL,13.006631299734748,11310
SBT,13.003504043126684,3710
SIHI,13.0,718
BENA,12.988196721311475,3050
APE,12.984697508896797,2810
BGND,12.983435047951177,2294
KBH,12.97713763145862,4374
TPC,12.974193548387097,2170
SALI,12.972527472527473,728
MYG,12.972244072367682,8899
GRD,12.970944309927361,2478
TSI,12.964443939566056,8803
LKD,12.945778997940975,2914
BCRD,12.932279909706546,1772
LDY,12.892607683352736,3436
CGL,12.885149276043224,23413
SDAH,12.883462888665997,15952
MSRP,12.881278538812785,2190
DOK,12.863204913456169,3582
IDT,12.862509992006395,1251
ABD,12.8624213836478,2544
KON,12.858552631578947,1824
HDIH,12.853001570237952,8279
SNSN,12.850682593856655,1172
PDKN,12.845394073775449,4961
KUMT,12.842778793418647,2188
SBC,12.834948458505535,42102
DYP,12.831050228310502,2847
PTN,12.823595505617977,5340
UMS,12.823287671232876,730
JPO,12.821963394342761,1803
CHMG,12.81868131868132,728
JIBI,12.816453621763356,3051
BLRR,12.805576116456946,4053
BTSD,12.8,3650
TT,12.789924605894448,2918
PJH,12.78972602739726,2920
ETP,12.783561643835617,2920
PDKT,12.782593739250085,5814
MPLI,12.778082191780822,2190
BLGA,12.773821634452357,2949
SWI,12.772104180945853,2918
NAU,12.771386430678467,1356
KASH,12.768911917098446,1930
PKZ,12.763544536271809,2178
HAT,12.751576638332876,3647
VPT,12.747308423052566,18948
ETMD,12.74263468013468,4752
JTO,12.735960591133004,2030
CNA,12.723959679503748,7738
JKDK,12.705835331734612,1251
MRHA,12.69833641404806,2705
KRMP,12.686409550045914,2178
BHMA,12.683195592286502,2178
CTRD,12.666169895678092,2684
CVJ,12.66197666437886,2914
BQM,12.661399548532732,1772
GLGT,12.658888126286891,1457
MLNH,12.657064471879286,729
BOTI,12.654794520547945,2190
TJP,12.651855245075584,2183
KBPR,12.649865332820315,5198
TMU,12.633810572687224,3632
ARV,12.633684779670181,3699
KHNR,12.602833638025594,2188
CMY,12.590727418065548,1251
KKY,12.58275703088981,4338
KLNT,12.56709265175719,626
SLIA,12.559105431309904,1252
MUKE,12.556047197640117,1356
CRKR,12.554794520547945,1460
SRVX,12.552211073950204,2691
DDCL,12.550684931506849,365
DZKT,12.543130990415335,626
SAHA,12.531219980787704,2082
POI,12.528033088235293,2176
MJNL,12.52770083102493,1444
MMK,12.51487098680323,5077
HNH,12.512328767123288,1460
VRE,12.511592434411225,3278
OLA,12.507167235494881,1465
NRGR,12.501028101439342,1459
BFE,12.48710897215538,2909
DRB,12.460091743119266,4360
KLYH,12.457619477006311,2218
NLNR,12.449315068493151,730
EVA,12.437855113636363,2816
DSM,12.43385880740233,2918
RKG,12.428472462764114,2887
WLA,12.427086941461726,2887
JOX,12.418181818181818,220
VEI,12.415637860082304,729
BXO,12.407343262902668,2887
GYL,12.407343262902668,2887
BNTH,12.406721536351165,1458
MFC,12.401369863013699,730
AVD,12.389626907857547,7076
GAL,12.38573407202216,1444
KOQ,12.382562277580071,2810
CHRM,12.37864077669903,2163
BHX,12.375972540045767,4370
MTPC,12.371232876712329,2190
PLNI,12.36597458940192,3227
AYM,12.361921708185053,2810
DVGM,12.349030470914128,722
RASP,12.342516330587902,3521
GNB,12.339236717385882,4009
GNC,12.337682570593962,5135
COD,12.336529680365297,2190
OV,12.333333333333334,1455
MTNL,12.333218825145998,2911
KHPR,12.327298050139277,718
BLHI,12.327176781002638,1516
SNYN,12.324657534246576,730
HPHI,12.305611899932387,1479
KPLR,12.30342577487765,2452
MRT,12.287079434600836,5023
AXA,12.271954674220963,353
BMSB,12.267313019390581,722
PCM,12.264516129032257,4650
PAD,12.262359002924384,7181
SLGE,12.259172521467603,1281
SHTS,12.251942286348502,901
AMI,12.251703328791123,5137
WRA,12.249579124579125,4752
MHD,12.239966694421316,12010
BDRL,12.236508810572687,3632
UDM,12.226182316655244,1459
CPL,12.219121140142517,1684
NXR,12.213699607563324,2803
ITA,12.20434131736527,4008
PLL,12.190046565774155,3436
CHNU,12.184060721062618,2635
VV,12.181312807355143,4677
JTH,12.18032337626747,3649
ABI,12.176580359225566,4287
KJS,12.168169522091974,2218
SRGT,12.16,5525
MSWA,12.158636897767332,2553
DGI,12.151387992253067,6196
VPJ,12.141986879100282,2134
VONB,12.137119113573407,722
LNR,12.135616438356164,2190
INDB,12.131634232640424,18088
NHY,12.122650160476846,4362
SHWL,12.118493150684932,1460
MKRH,12.108516483516484,728
NYI,12.106571936056838,2815
GHS,12.09729367031984,4471
VM,12.090520452116461,30877
PTJ,12.08203269472594,13519
KFI,12.076222435282839,2086
KRSW,12.075363113181693,3649
RAGM,12.071395670198065,2171
JSI,12.058171745152354,722
MADM,12.055517477724468,1459
SKPA,12.054794520547945,1460
KNAR,12.047783933518005,1444
KASA,12.047353760445683,718
TTL,12.046359676415682,3214
STRB,12.042164441321152,2846
TIC,12.035665294924554,1458
NH,12.0313058518305,17345
CHSM,12.026653821451509,3114
WSJ,12.021089630931458,5690
BNTL,12.01869335347432,5296
CRY,12.01751332535625,9193
BLGH,12.015806111696522,2847
CHIB,12.012465373961218,722
DOB,12.00845665961945,4257
JSM,12.004205467107239,3329
SGS,12.002901353965184,2068
KNVH,11.99381868131868,1456
NMGT,11.992853216052776,1819
GIO,11.991780821917809,2190
TVN,11.991701244813278,2169
DDJ,11.985511284480356,7178
MNGR,11.976680384087791,2916
LMNR,11.976203576341128,7270
DHND,11.969064998262079,2877
CQS,11.964824120603016,2189
ABGT,11.964383561643835,730
TNPR,11.950442477876106,1695
RBR,11.950257289879932,1749
GPSA,11.937671232876712,1460
MSU,11.929745889387146,4014
PLMG,11.929496761335326,4014
RPSC,11.920013166556945,3038
HMG,11.91990975747321,1773
HDB,11.908896492728829,2338
CHPD,11.90871196331805,2399
VDA,11.908445603360857,6903
UIH,11.908219178082192,1460
HMK,11.896755994358251,3545
NZT,11.887605042016807,4760
MLN,11.869068162208801,4636
NTW,11.865774453847667,5081
BHM,11.862176165803108,1930
KHTX,11.858986175115207,2170
BMN,11.84016973125884,707
TELY,11.826617375231054,2705
LDK,11.825509503091368,4367
TNP,11.818012999071495,2154
MYO,11.817808219178081,730
KAVR,11.815525114155252,2190
SJDA,11.813360530341662,1961
BHRM,11.806111696522656,2847
KLS,11.79623287671233,1752
CBF,11.795121417632902,9142
DXD,11.787671232876713,2190
PPTR,11.784931506849315,730
SLR,11.779013539651837,2068
ARU,11.773959646910466,3172
GZS,11.762626262626263,2178
KSPR,11.759437199725463,2914
ASD,11.75763440860215,4650
BLDK,11.749771271729186,4372
OCR,11.749365079365079,6300
KHTG,11.745270085001371,3647
RKSH,11.743547044129892,2402
KAVM,11.742339832869082,2154
BPZ,11.738821859474804,4227
RHBH,11.7304,1250
DLCR,11.72975929978118,914
LHBK,11.718954248366012,2142
BKD,11.717877094972067,1432
WCN,11.711786372007367,2172
UKE,11.70958904109589,730
TMPY,11.706849315068494,2190
ANY,11.700420168067227,4760
RY,11.68860877684407,2142
BXB,11.686528497409327,1930
SSC,11.67004658810633,3649
MGK,11.667983074753174,3545
TLGI,11.662979351032448,1356
BZLE,11.662087912087912,11284
RNIS,11.647031963470319,2190
HLB,11.642390289449112,2142
IDJ,11.612328767123287,730
BJV,11.609482049876679,3649
DG,11.606532343584306,23575
SAMT,11.600730927364094,2189
DISA,11.592985318107667,2452
CHP,11.590678357175818,2167
ATU,11.590558766859345,3114
MOAR,11.58904109589041,730
VSR,11.587671232876712,730
BHBV,11.586301369863014,730
MYP,11.58148631029987,767
URN,11.577376821651631,4323
UMRA,11.574770642201836,2180
UDT,11.573287883483111,3227
DIT,11.571678321678322,572
SWJ,11.57123287671233,730
SUZ,11.57123287671233,730
RIM,11.563894523326573,493
TID,11.562091503267974,2142
PSO,11.552938486165104,4373
HBI,11.55277401894452,1478
BUTA,11.550231839258114,647
GGLE,11.54639175257732,8730
KHMA,11.533611599297013,4552
SRPR,11.526299694189602,6540
MEJ,11.520624593363696,7685
KDSB,11.506394884092726,2502
VLA,11.502708192281652,2954
MXO,11.48939179632249,707
SMD,11.487956989247312,4650
GGR,11.480592236894758,2499
NLS,11.48056904927134,2882
JRJE,11.471539002108223,2846
RNO,11.470736745467065,4357
TPG,11.441095890410958,730
MCF,11.434859154929578,568
TJM,11.406392694063927,1095
BLDI,11.397407304153889,7174
NIDI,11.391414141414142,1980
PUDI,11.387408088235293,2176
TY,11.387186629526463,359
CUE,11.37928669410151,1458
MAF,11.377428998505232,4014
SPAM,11.377428998505232,4014
ZPR,11.37716894977169,2190
CTM,11.371134020618557,1455
VNJ,11.368731563421829,1356
MAM,11.328814627994955,3172
KXO,11.326266519823788,3632
CKE,11.315500685871056,1458
ILA,11.298156682027649,2170
TRB,11.296193945484235,7961
JKS,11.27094972067039,1432
DTJ,11.268854748603353,1432
BWPL,11.266114180478821,2172
MJZ,11.254967814161768,3573
KEJ,11.253861652115514,1489
TYAE,11.252034308335165,9094
KKZ,11.243838193791158,5315
KHLL,11.243413830954994,3644
DHJ,11.2422494592646,2774
PEI,11.239831697054699,713
SKL,11.233072316904652,2171
KDGH,11.22929292929293,1980
PASR,11.212096774193549,1240
KJKD,11.210016835016836,4752
ATUL,11.201956673654786,5724
PGTN,11.194750969281241,3353
BSJ,11.180887372013652,3223
GOC,11.18074902945878,8758
KTOA,11.172222222222222,720
SXT,11.151369863013699,2920
BUB,11.14853195164076,2895
RET,11.14606341289633,2807
SZK,11.145833333333334,720
LW,11.141666666666667,720
JES,11.138075313807532,4063
KWI,11.135785007072135,707
MBO,11.131147540983607,549
MPA,11.12925574030087,5052
AMT,11.127477973568283,3632
KM,11.118816930137685,1961
KYV,11.107929515418503,3632
BNSR,11.107436506486387,5473
FTH,11.10691114245416,3545
AZP,11.098012337217272,2918
FZP,11.08884817952828,4367
VLU,11.087214611872145,2190
BCGM,11.07945205479452,365
MXM,11.06986301369863,730
PRL,11.062639821029082,3576
GWSB,11.050359712230216,2502
PVL,11.040095956134339,2918
TUJ,11.03972602739726,730
SGLM,11.024657534246575,365
USD,11.016460905349794,4374
MDKI,11.012071938901208,4059
JWN,11.008769525897506,3649
PRSR,11.003196347031963,2190
BBAI,10.99067726898821,3647
VND,10.988320164891789,2911
NKK,10.9856,625
UMG,10.977625570776256,2190
BDSW,10.959737827715356,2136
KFF,10.957225116534138,3647
SBNR,10.951986754966887,3624
PPD,10.940276406712734,4052
UMN,10.931025439286651,3813
SBRM,10.929656969170647,2303
AVS,10.9234098607452,5314
KQS,10.904357066950054,941
BBQ,10.903442485306465,8337
PRND,10.898736059479553,6725
VELI,10.897152818128994,1721
JDD,10.893203883495145,1442
KLH,10.886238532110092,4360
JTN,10.886173184357542,1432
BNH,10.860410830999067,2142
KFQ,10.85848252344416,2346
JDN,10.858449687048628,2077
JJ,10.85003657644477,1367
NVF,10.847945205479451,730
DKW,10.844875346260388,722
JVN,10.844860608640136,4699
NVL,10.830593607305936,2190
PRUR,10.821673525377228,2916
KJPD,10.820091324200913,2190
AGM,10.811872146118722,1095
VRM,10.806451612903226,2914
VVN,10.7966573816156,2872
KWAE,10.776089088107579,14278
GI,10.76186089359742,2171
OHV,10.745179063360881,726
BRT,10.7353515625,1024
BRDT,10.727756015668719,3574
KDTY,10.710144927536232,2346
LBI,10.702054794520548,1460
AVC,10.701327433628318,1356
JWK,10.7,730
PNPR,10.68528553563985,2399
BEHI,10.685103244837759,1356
SMET,10.661778618732262,6342
LCH,10.659217877094973,1432
NEC,10.658444672833163,2919
BIR,10.656692913385827,1270
KTGD,10.65452847805789,2142
MMDA,10.653424657534247,730
QDN,10.639943741209564,711
TNI,10.632876712328768,1095
SEJ,10.629717603589338,3789
DIPA,10.628767123287671,730
MOTA,10.628082191780821,1460
SXD,10.625822368421053,3648
RMSR,10.623068432671081,3624
MGG,10.6223440712817,1459
BLAX,10.606579849211789,1459
MXP,10.590673575129534,1930
BUGL,10.589497459062676,1771
USRA,10.586422725084256,2077
SRGH,10.579635684259692,4282
MUBR,10.577098700386372,2847
PAB,10.569715656046592,2919
RWO,10.5437031028189,4931
DHL,10.539551357733176,2541
DHR,10.539269406392695,2190
NNM,10.530219780219781,3640
RDK,10.523480662983426,2172
JRKN,10.518351214003388,1771
HLW,10.518351214003388,1771
SVV,10.516596638655463,4760
KOZ,10.516438356164384,1460
UKH,10.51637630662021,2870
PDQ,10.501388888888888,720
NUA,10.499540863177227,3267
KDLG,10.493055555555555,720
LTR,10.486986301369862,1460
DBS,10.478747714808044,4376
HPH,10.465753424657533,730
TTP,10.456384323640961,3164
RNGR,10.43658969804618,2815
HGY,10.435736677115987,638
DBO,10.425767918088738,1172
PUD,10.421917808219177,1460
FSW,10.405985319028797,1771
BME,10.39765625,3840
SME,10.395672624647224,5315
KGV,10.387140902872776,1462
HNHL,10.387140902872776,1462
MQA,10.38608776844071,2142
RKH,10.38566552901024,1172
MITA,10.385041551246537,722
PCC,10.370422535211267,1420
BEB,10.36171581769437,9325
DLPC,10.36,1875
DWD,10.35481217438991,3647
DNW,10.348413631022327,3404
ABU,10.335595667870036,6925
CMC,10.325958702064897,1356
JGE,10.322725418196654,2451
MPR,10.312971859986273,2914
VZ,10.300884955752212,1356
VOC,10.297585886722377,2154
PDGM,10.291780821917808,730
PNWN,10.28972602739726,1460
JO,10.289290681502086,719
SRZ,10.287354352296093,5836
MDU,10.275777380010823,24023
MDLL,10.248400365630713,4376
NDH,10.24187832250443,3386
PVI,10.238888888888889,900
FKA,10.234743875278397,6735
MC,10.234418091560949,1813
EGT,10.222775978071269,4013
CNN,10.215564738292011,1452
BAKA,10.214453125,2560
GGAR,10.207019468055936,3647
BYR,10.198360655737705,610
TMQ,10.198008694432758,7131
BHAS,10.186301369863013,730
TAS,10.181664791901012,3556
VLK,10.173541757128383,6909
NJA,10.158201784488675,2914
SLG,10.147945205479452,365
KXP,10.147727272727273,2816
CWLE,10.125902165196472,8729
KDO,10.12225776965265,4376
GS,10.108309990662931,2142
JHBN,10.10271109518691,8373
CPN,10.099781301257519,3658
KMM,10.095613433858807,2918
KHHJ,10.086528497409326,1930
KMTI,10.086318261890781,1703
KRUR,10.079928952042629,2815
KYY,10.076683937823834,1930
KTRD,10.071969696969697,1584
JGNR,10.069926873857405,2188
NYDO,10.06957928802589,618
ATQ,10.069235064209938,1791
RSH,10.062224669603523,3632
KNSN,10.057165769274832,8729
JFD,10.056164383561644,730
TGU,10.05362821624747,6918
ELM,10.04958904109589,3650
MAQ,10.038536132894848,11859
VS,10.034771527398506,5493
BNKH,10.02794964796245,4687
RUJ,10.018835616438356,3504
SPWI,10.006472491909385,618
MP,10.00556586270872,1078
TAY,9.994567901234568,2025
USLP,9.994241842610364,1042
TLS,9.99041533546326,1252
TKQ,9.987945205479452,3650
GNBA,9.986301369863014,365
GNST,9.985737794843665,1823
BGMR,9.982191780821918,2190
MUQ,9.962962962962964,1458
THTW,9.93572181243414,2847
DJL,9.930511182108626,1252
RSLR,9.926027397260274,365
GHLU,9.900138696255201,721
ZPI,9.897481376374602,2819
AEX,9.897400820793434,1462
GWS,9.896731054977712,2692
ANK,9.88659793814433,1455
SKX,9.882484611080022,3574
SGM,9.874254393035628,6203
RLS,9.872193024366938,4186
NLSF,9.872043813791386,4017
GUMI,9.867481203007518,1064
SRBZ,9.867140319715809,2815
COA,9.862230919765166,2555
MPC,9.852739726027398,1460
SKKE,9.848612574639972,2847
BP,9.836945184841813,8629
BJW,9.8354802259887,4425
KUV,9.832361241768579,5315
YEAM,9.831506849315069,2190
PIS,9.815417444651906,3749
MIA,9.814191660570593,1367
UM,9.8107167710508,1437
GSD,9.79896907216495,2910
VGE,9.7986301369863,2920
CBDH,9.798543689320388,1236
MMP,9.796347031963471,1095
JUL,9.79406580493537,3404
BRMT,9.79021636876764,2126
MMNK,9.776632302405499,1455
SMLA,9.763328454944595,4783
KRAN,9.755595026642984,2815
ULU,9.745205479452055,2190
VTK,9.737735849056603,3180
KVTA,9.728667305848514,2086
KEMK,9.727650727650728,2886
ALK,9.723031157037733,6387
MS,9.722552427946619,17834
VKM,9.715068493150685,1095
SER,9.71027397260274,1460
KIQ,9.707317073170731,3649
DODH,9.707317073170731,3649
MORA,9.706349206349206,2142
TP,9.704403637011945,5609
MSSN,9.697508896797153,281
ANM,9.689041095890412,730
SHZ,9.68768472906404,2030
TZH,9.687440076701822,2086
NRD,9.686170212765957,2632
KBRV,9.684867724867726,4725
VTV,9.683222958057396,1812
PDKM,9.681278538812785,2190
POTI,9.676975945017182,1455
SEV,9.654006099251456,3607
SUC,9.638386648122392,719
SDVL,9.625510747912596,5629
TDN,9.624933874096278,5671
CWDA,9.620569840166782,1439
LKKD,9.614203454894433,3647
HAG,9.61089494163424,1028
SGNR,9.602878916172735,10629
REJ,9.599413418061836,8183
PNU,9.597887992406266,16856
OKL,9.591780821917808,730
ABE,9.589572933998891,1803
DINR,9.580106571936057,2815
SVL,9.576771653543307,3556
NLKT,9.564471879286694,1458
PRM,9.55980570734669,1647
VDR,9.557388316151203,1455
PRJ,9.542173252279635,2632
AMNE,9.538631346578367,453
SRMP,9.536585365853659,1230
GTE,9.534108289996942,3269
PLY,9.524212556245983,9334
LOHA,9.523632993512512,2158
HPM,9.520648967551622,1356
TBA,9.518472135253601,3194
MHTR,9.514674659672787,8007
JIL,9.512605042016807,2142
MPJ,9.48329519450801,2185
VNG,9.4817843866171,1345
PDX,9.481024234110654,2187
VEU,9.464209564422784,3283
SVR,9.464209564422784,3283
COR,9.443302454527013,14789
AJTM,9.440817571690054,3278
TPJ,9.437789908806916,31691
MVRD,9.423287671232877,730
LCAE,9.421971027216857,9112
SPJB,9.421662669864109,2502
PXR,9.420860018298262,1093
KLWL,9.414246575342466,1825
LSD,9.405172413793103,928
PMO,9.390721649484536,2910
BHAT,9.386577925679424,1803
SVT,9.385892116182573,723
AMY,9.385822196397443,1721
HC,9.377869133264817,2919
KKDI,9.374596836123484,6511
NRKE,9.368238557558946,1442
TBV,9.35957696827262,2553
SAT,9.357930449533503,3537
MDDG,9.356648199445983,2888
PTLR,9.353227771010962,3284
MMI,9.338742393509127,1479
NEP,9.338381057268723,3632
CBX,9.326803631151456,4186
NSS,9.323059360730594,1752
KJY,9.318867062585655,2189
TLM,9.317109144542773,1356
SSI,9.306440443213296,2888
SMRL,9.29965457685665,2316
FSR,9.299209893507387,2911
GTT,9.299039780521262,1458
CDH,9.298978502820551,6559
DBP,9.2986301369863,365
BGF,9.2986301369863,365
FGH,9.297855440826053,2518
EKM,9.275648736896374,5819
MLYR,9.267123287671232,2190
RDV,9.26474622770919,1458
DPT,9.262100456621004,2190
POY,9.258728962572219,3981
JBB,9.230985915492958,1420
BSSL,9.228201919065498,2397
PBE,9.195527766002543,9436
MWM,9.193205602962486,6211
HLR,9.192549019607844,2550
HEI,9.171387421987518,2083
NGRS,9.169539219134716,2843
LUA,9.169520547945206,2920
JMKR,9.169216061185468,3138
KDRI,9.166666666666666,1236
VDP,9.164360819037078,1807
TVS,9.162557077625571,2190
AVP,9.161378059836808,1103
SNTH,9.160730593607306,2190
DOZ,9.156336725254395,2162
LGI,9.143589743589743,390
VKP,9.139789858382823,2189
PY,9.138643067846608,1356
SAPR,9.132586367880485,2142
NRY,9.132191780821918,2920
SGV,9.127114093959731,7450
KFH,9.12707756232687,2888
TOM,9.126927029804728,5838
CGKR,9.12564543889845,2905
CHPT,9.10958904109589,730
BUBT,9.095890410958905,1460
NUPR,9.09376225970969,2549
NAHT,9.092233009708737,618
PML,9.08323012137726,8074
TNK,9.081782289904117,1773
BIYA,9.078274760383387,626
AON,9.07123287671233,1460
TKHA,9.07123287671233,1460
APN,9.070890410958905,2920
CDS,9.070833333333333,720
DSPL,9.069122098890011,1982
KRAI,9.068493150684931,2190
PSF,9.060056858564321,2814
KANO,9.049911920140929,1703
LNS,9.032128514056225,2739
PGZ,9.030796048808831,1721
DK,9.0247990815155,4355
GULR,9.015828350334154,2843
SDNR,9.01017369727047,4030
SMX,9.004704037632301,2551
KTLR,9.00050658561297,3948
KIZ,8.995368721054506,2807
KRMG,8.994316163410302,2815
VEL,8.993960923623446,2815
KKRD,8.993145050726625,3647
GRHM,8.992253521126761,1420
KYI,8.98521116023784,6559
BNXR,8.972881355932204,3540
PKT,8.970316301703162,2055
VER,8.969178082191782,1460
TRPL,8.967506389193137,2739
BKRL,8.967253376995497,2443
CDRA,8.953424657534246,1095
KNDV,8.953105512596657,4009
SASG,8.942995529061102,2684
UBN,8.91358024691358,1458
DDR,8.913564260278408,6178
DEB,8.913176211991695,8189
TNUE,8.908904109589042,1460
KANJ,8.908590308370044,3632
KVA,8.9,2170
BIML,8.899770642201835,4360
NUJ,8.896878901373283,4005
BOTR,8.89251040221914,1442
KLAD,8.866666666666667,1095
ZW,8.836189369735695,3443
ALAU,8.833800186741364,2142
TGB,8.833333333333334,2916
NDR,8.831955922865014,3630
PWU,8.83024054982818,1455
KQD,8.819012797074954,1094
BFR,8.809436834094369,3285
KMRL,8.808880994671403,2815
BTRB,8.808880994671403,2815
JRS,8.789088692471807,3281
MCLA,8.78886756238004,1042
BTY,8.761971076593465,9335
PP,8.761021587108544,3289
INS,8.758792184724689,2815
SPAK,8.750798722044728,626
BSDA,8.74147465437788,2170
SHKL,8.737122557726465,2815
PRKL,8.732191780821918,1460
NMF,8.726027397260275,365
KIA,8.711604095563139,1172
PCW,8.705859221392057,5086
PEW,8.703499803381833,5086
JTNU,8.6875,240
SNX,8.682316655243318,2918
GSQ,8.680284191829484,2815
MONR,8.673363095238095,2688
AVN,8.66986489132563,5107
BWCN,8.66891651865009,2815
TL,8.668854415274463,1676
SHJ,8.665364120781527,2815
ARCL,8.66025641025641,1716
ADPT,8.649712092130518,1042
MUC,8.646530612244899,2450
KYB,8.64404973357016,2815
IRP,8.6328125,2816
NDBT,8.617378605330412,2739
LKSH,8.614835164835165,1820
SES,8.61429945495351,3119
KTTR,8.613013698630137,1460
JGDL,8.612637362637363,364
HRDR,8.611171960569552,2739
KVS,8.601369863013698,2190
BRHL,8.599853961299745,2739
MYY,8.593288054334797,5006
MSB,8.59030303030303,1650
KGD,8.582921665490472,2834
RSWT,8.58005674908796,2467
MCL,8.569406641262928,1837
RAU,8.560493343774471,5108
CDSL,8.554109589041095,1460
TVNL,8.547260273972602,1460
VJM,8.52398741643728,5086
MGRP,8.521358159912376,2739
MBB,8.515604849110137,11631
HTLA,8.51048951048951,429
BUJA,8.505586592178771,716
GVL,8.499814929056138,8105
SKHV,8.49443561208267,629
KMNN,8.490410958904109,365
BGLI,8.485623003194888,626
MES,8.47188940092166,2170
TOD,8.464665653495441,2632
RGQ,8.461206896551724,928
JYM,8.443281707827543,2389
TENI,8.439539347408829,1042
DHPD,8.432088744588745,3696
DYK,8.429354207436399,2555
BRPA,8.4,220
SONA,8.376107546593339,3273
BJMA,8.374479889042997,721
SHMR,8.357371225577264,2815
GOR,8.357371225577264,2815
IGL,8.35693215339233,1356
KOY,8.356655290102388,1172
KALI,8.34681288553804,1459
CIV,8.345915717994806,5007
RJQ,8.343382928739233,5108
KUKA,8.342599027102155,1439
NHM,8.341921030523663,3571
AYN,8.332742221505724,6203
MTHP,8.322636902685733,2867
NLP,8.319714834110227,3647
LHW,8.310045662100457,2190
AP,8.301981300089047,8984
RCJ,8.2986301369863,730
SRNM,8.297804208600184,2186
MIAN,8.294570446735396,7275
NRWN,8.276357827476039,626
BKWA,8.264109589041096,1825
BSGR,8.262325015216069,3286
MKSP,8.257534246575343,2190
VKZ,8.255974264705882,2176
LLST,8.255591054313099,626
CBU,8.228152654867257,3616
BDDR,8.226234003656307,2188
UDZ,8.22607709750567,8820
SZA,8.221990257480863,1437
DB,8.219175719951716,5799
CGV,8.215144621384466,3077
DZL,8.212867355043686,2518
CCP,8.2056151940545,3633
BICI,8.199449793672628,727
GDY,8.180111265646731,1438
CHRG,8.1608118657299,1281
CDAE,8.159090909090908,220
KALS,8.158904109589042,2190
JVT,8.143698468786807,7641
AGCI,8.142575928008998,3556
SIM,8.129436325678498,1437
KTK,8.127946127946128,1188
KOWN,8.12300319488818,626
ACK,8.122153209109731,1449
KLQ,8.115499254843517,4026
KPTM,8.100331980818886,2711
AKLA,8.099797160243408,2465
MGM,8.098257372654155,7460
CWR,8.096269982238011,2815
SVH,8.08707280832095,6730
MMCT,8.080663795819767,9521
CYN,8.077989913544668,5552
KTPK,8.074520547945205,1825
CSZ,8.070896254167485,10198
DET,8.063698630136987,1460
MDJN,8.062653228003269,3671
PVM,8.060743070572046,5087
KOTR,8.05995675250639,5087
LAE,8.058279370952821,2162
BNSA,8.053553719008265,3025
BBLK,8.052739726027397,1460
RAL,8.051097084460475,3327
SHBL,8.050974512743629,8004
KYNT,8.049657534246576,2920
BMAE,8.045454545454545,220
MAA,8.043145441892833,1437
PKNA,8.039041095890411,1460
ANNR,8.03577747198742,5087
JBW,8.029558286283626,3011
CWN,8.029558286283626,3011
IQG,8.029227557411273,1437
BGWD,8.022007042253522,1136
SRVT,8.020547945205479,2190
TMVL,8.01926479260861,5087
KHDB,8.008261494252874,2784
BPC,8.008044030482642,9448
PUU,8.005278310940499,4168
DHU,7.989142091152815,7460
SHLT,7.965229485396383,719
KRSA,7.964461454346638,3658
JRAE,7.963636363636364,220
SBHN,7.96105702364395,719
MRLA,7.959263611437525,2553
MRC,7.958904109589041,730
JYK,7.950684931506849,730
PLVA,7.934523809523809,2184
PUMU,7.931468091795033,3181
CNKH,7.929102422907489,7264
MDKM,7.928767123287671,730
MDRA,7.919795221843003,1172
BDBG,7.919322709163347,3012
MNUR,7.909863317325453,2707
VXD,7.898071625344353,3630
RKY,7.897119341563786,1458
BFT,7.892080536912752,7450
SG,7.8540117416829744,2555
ADD,7.834159779614325,3630
VNB,7.816026465723213,5441
KTW,7.809843400447427,1788
MYS,7.789202098170498,23449
KOP,7.783747481531229,5956
UPM,7.777319587628866,1455
TQL,7.77665113729789,3649
VMD,7.774047899489595,5094
SIPI,7.7695530726256985,716
PTF,7.763736263736264,364
DGJ,7.759150805270864,1366
JJG,7.756726582561125,8957
TYM,7.733570159857904,2815
JWKA,7.729542302357836,721
DBM,7.728199898011219,1961
AAM,7.721895664952241,5444
WTWI,7.711974110032362,618
PAVI,7.7101568951279935,3633
BNOI,7.706070287539936,626
PCX,7.705858694194932,7459
JWLS,7.695040450228632,2843
KLGN,7.6884576098059245,1958
KTKS,7.686868686868687,2178
CMGR,7.680523479599692,1299
SRJK,7.666895133653187,1459
BQE,7.662328767123288,1460
WDJ,7.660882800608828,3285
MALA,7.650489236790607,2555
EKN,7.64945155393053,4376
NBPH,7.643207855973813,3666
BILK,7.622626582278481,2528
TEN,7.622057798509463,18651
MJTA,7.615305067218201,2901
KPA,7.605885043451746,6559
VNWI,7.604166666666667,240
SNDY,7.584735812133072,2555
FGCN,7.584281282316443,2901
RGNH,7.580821917808219,2920
JTY,7.572720946416145,1437
VEK,7.571216617210682,1348
MALR,7.569458631256384,1958
TGH,7.5576923076923075,364
BQG,7.556206088992974,8540
TORA,7.5474683544303796,2528
QMRS,7.504604051565377,2172
CBP,7.4972133757961785,2512
GZA,7.484366428963248,1823
OML,7.4771689497716896,2190
HDWL,7.467953135768435,2902
TLRA,7.4644030668127055,2739
SHI,7.447106690777577,2212
KANS,7.444485842026825,2684
KIC,7.437023756163155,4462
SNHR,7.434646118721461,3504
PIO,7.42204042348412,2078
BPUR,7.416201117318436,716
JCN,7.414161392405063,2528
STDR,7.405365126676602,2684
LKMN,7.404267815191856,5108
SFNR,7.40407204385278,5108
KLNP,7.402143359100492,5692
RCR,7.37698139214335,2902
RDS,7.37698139214335,2902
SEPN,7.3706070287539935,626
MHKT,7.3706070287539935,626
ORKI,7.367123287671233,1825
MOX,7.365814696485623,626
TXM,7.3638025594149905,4376
SJPM,7.345292504570384,4376
TRM,7.344650205761317,2916
BEML,7.335765418502203,7264
GDH,7.334932054356515,1251
MCRD,7.331506849315068,730
RDD,7.31697247706422,2180
BPD,7.301791889342974,6362
ICGH,7.292465753424658,1460
LO,7.290849673202614,2142
JLM,7.26962457337884,1172
KNNT,7.267123287671233,1460
MVY,7.2619926199261995,1355
DIM,7.2593250444049735,2815
KMN,7.246009906439186,1817
UTD,7.244111349036403,3269
BTYA,7.2416201117318435,716
YDM,7.241219008264463,1936
KSVR,7.236986301369863,730
PPLA,7.228434504792332,626
DTRA,7.207417582417582,728
TDR,7.203360768175583,2916
LPK,7.196485623003195,626
GEK,7.196428571428571,728
VTP,7.195142378559464,3582
LEDO,7.187090739008419,1069
UAA,7.183219178082192,2920
MDWI,7.182108626198083,626
MNDP,7.164963503649635,685
BNK,7.1608257321171385,2083
SHLV,7.1589611872146115,3504
AMM,7.157018813314037,1382
GRAE,7.1454545454545455,220
AEJ,7.142390289449113,2142
PYOL,7.137435077906512,5006
TPM,7.119469026548672,1356
NID,7.113356164383561,2920
DIBL,7.106442577030812,2142
KHUT,7.105691056910569,615
BZGT,7.093869731800766,1044
APU,7.093869731800766,1044
PKGM,7.093869731800766,1044
RTBR,7.093869731800766,1044
ELL,7.093869731800766,1044
PYK,7.091603053435114,655
KZPE,7.0885054272195935,3593
KRP,7.087238848108413,7084
KRJD,7.075156576200418,1437
LR,7.053571428571429,728
DDWA,7.05111821086262,626
BIJ,7.044336960902862,4962
TIP,7.043513295729251,1241
SRJN,7.029301608283763,4539
PRKH,7.029049295774648,1136
CKA,7.024041387705417,3286
CKLA,7.024041387705417,3286
RRW,7.023128423615338,3286
NRJ,7.016012396694215,1936
TPU,7.008279337652988,2778
OD,7.006446067898582,4654
TRSR,6.98914223669924,3684
PBM,6.982573726541555,2984
KIAD,6.96084226080532,2707
JJW,6.95926231764382,3633
DGF,6.9545293072824155,2815
MWR,6.945672191528545,2172
VSW,6.941901408450704,2840
RCA,6.927591881513988,1823
CGHD,6.9251234229292375,3646
AMLP,6.919350399119185,3633
NS,6.9062288422478,5908
VAN,6.89925681255161,3633
CKK,6.895205479452055,2920
COL,6.875275330396476,7264
KRYA,6.872015655577299,2555
BMWS,6.845047923322683,626
TCT,6.8366412213740455,655
CNV,6.835682641965365,2483
NLNI,6.831715210355987,618
CTT,6.83089770354906,1437
SAK,6.823011285439031,3633
BRMR,6.81416575392479,2739
VVR,6.810762651461155,2806
NBU,6.7805814591332965,3646
BDZ,6.77428456267634,4962
KIAT,6.77004170528267,8632
TTQ,6.759624128523795,3299
JMD,6.753510140405616,3205
AYI,6.749235474006116,654
KYZ,6.729864575908767,2806
KRNU,6.724355458036204,3646
KVE,6.723258365331871,3646
BLDL,6.705732018985031,2739
BVC,6.684466019417476,8446
MPUE,6.682191780821918,1460
HUN,6.678657074340528,1251
BDGP,6.6785518376302795,3646
OGM,6.668502202643172,7264
TLMG,6.656378600823046,1458
BHG,6.648858447488585,2190
SDH,6.6304945054945055,1456
PLAE,6.619178082191781,365
KIF,6.607876712328767,2920
TKRU,6.598630136986301,1460
ARGP,6.597721609113564,2809
MVP,6.587589236683141,1821
BDE,6.579410955133499,3633
KARK,6.578047042052744,2806
AKZ,6.5627450980392155,2550
CII,6.545205479452055,730
BJD,6.544322132097335,6904
HBB,6.542465753424658,730
AYV,6.529452054794521,1460
CDD,6.520775623268698,2166
NPK,6.491780821917808,730
CTND,6.490167865707434,2085
PRGL,6.490034364261168,1455
MZS,6.483698873740368,1687
BFPA,6.4788298691301005,2598
BAWD,6.472527472527473,728
BSUR,6.4661277906081605,2598
SBGN,6.457534246575342,730
KNB,6.436529680365297,1095
PNDM,6.415678333815447,3457
VPG,6.391065635138507,4007
SKG,6.358904109589041,365
PPNS,6.353881278538813,2190
NPT,6.328532235939643,2916
AWT,6.315462894018367,4029
AVT,6.2977465829331365,2707
DBNK,6.268528093760772,2901
CCL,6.261489134307089,2807
BQU,6.241758241758242,5005
BODG,6.239339752407153,727
KVLK,6.227397260273973,730
BWX,6.221229817931982,2911
CHU,6.213518722466961,7264
DTT,6.212629896083134,1251
GRI,6.212309820193638,1446
CDK,6.182562620423892,2076
NDNR,6.173139158576052,618
SSNH,6.168987037926068,2083
AGP,6.167582417582418,364
NDY,6.1640192094569635,2707
KTYR,6.161989342806394,2815
CAZ,6.1604426002766255,723
VTE,6.159955670483931,2707
SSKL,6.153316818056703,3633
VLI,6.14344262295082,6100
VT,6.142464678178964,2548
AHJU,6.142222222222222,1575
VXM,6.137005649717514,3540
BAGD,6.135616438356164,1460
JBU,6.134599504541701,3633
KDAA,6.131067961165049,618
CMJ,6.13091323045788,7906
SCT,6.123415811707906,6628
POA,6.114685314685315,5005
KHA,6.103833865814696,1878
CNL,6.0795297372060855,1446
PNTR,6.071820175438597,1824
THP,6.065296251511487,4962
RLK,6.063698630136987,1460
PSLP,6.061784897025172,2185
GUK,6.061784897025172,2185
MVN,6.043338683788122,1869
GDN,6.035488958990536,1268
SDPT,6.0349554489376285,2918
OPM,6.030157642220699,2918
UDKN,6.03013698630137,2555
SMDT,6.01986301369863,1460
KRHT,6.019169329073482,626
GJT,6.004,1250
VLDR,6.001408450704226,1420
SGKM,5.999174917491749,3636
TUWA,5.988415779586725,3194
GKV,5.9704,1250
DNU,5.9704,1250
MCJ,5.964981729598051,6568
KLPM,5.950040290088638,1241
BHWA,5.93299678751721,2179
KFE,5.9075021312872975,2346
MLI,5.896291208791209,1456
MTE,5.883107626514612,2806
HKH,5.875293657008614,5108
BQN,5.872752420470262,1446
JDNX,5.829426030719483,1237
GOP,5.825779036827195,706
TPTN,5.81541095890411,2920
SAHP,5.812286689419795,1172
PLLD,5.786063569682152,818
PDY,5.783067421513124,3886
KRU,5.777777777777778,621
CMNR,5.775260804769001,3355
MASS,5.749935417204856,7742
KAPU,5.748603351955308,716
PCU,5.7260232131948685,3274
KFN,5.725342465753425,1460
VKG,5.721665623043206,3194
DPD,5.702727439136006,5463
ITKY,5.678669410150891,2916
KRW,5.666208791208791,1456
BNGM,5.657967032967033,1456
PRTL,5.645036463759488,6719
KNYR,5.627582644628099,1936
RMOA,5.6125,240
KNJ,5.608348613957502,9271
MQO,5.595550642531435,7237
MKM,5.58675971331573,5302
SW,5.580430528375734,2555
DKO,5.563593539703903,2972
KDBA,5.56095041322314,1936
POM,5.556701030927835,2910
DSX,5.541533546325879,626
AND,5.536073059360731,1095
SSKI,5.522435897435898,936
BHNG,5.515580736543909,353
UDS,5.507994518044769,2189
DUS,5.506624029237095,2189
KLYN,5.506624029237095,2189
KHW,5.501369863013698,1460
MELH,5.499771585198721,2189
GOZ,5.4883508451347645,2189
NOA,5.48698035632709,2189
SJS,5.4853901684427635,2909
TLGP,5.465795541890853,2602
KIB,5.442979330007128,2806
KCHV,5.4281459419210725,4029
LKK,5.4273474982864975,2918
JME,5.4273474982864975,2918
TYK,5.4273474982864975,2918
SQK,5.4273474982864975,2918
BEED,5.420512820512821,195
NRKP,5.418038408779149,2916
KZC,5.412626020163226,4166
NTWL,5.411340206185567,2910
MTM,5.403827566209163,5173
RMM,5.384953161592506,3416
DYU,5.3808777429467085,2552
PRSP,5.379256360078278,2555
S,5.373165137614679,4360
RVS,5.343905915894512,2806
SHF,5.330015552099534,3215
VRT,5.324657534246575,2190
AZK,5.321097647897362,2806
BAJE,5.295971074380165,1936
ADHL,5.255400864138262,2083
APH,5.254075546719682,2515
NBKH,5.225484551909422,5211
CKV,5.221967963386728,2185
BXS,5.211978465679677,1486
LBP,5.208448117539026,1089
MBM,5.194359367023992,7836
BAR,5.170816044260028,1446
VPZ,5.155662439877569,4574
DRS,5.155601659751038,1446
CQA,5.151934916446789,4548
NRF,5.129878869448183,1486
RJIN,5.1125,240
LKDU,5.111467889908257,2180
AYD,5.099543378995434,1095
UMH,5.0835326953748,5016
GUV,5.076620825147348,3054
TJH,5.071841453344343,3633
BROR,5.03972602739726,1460
RHA,5.008194905869324,9030
CXA,4.995205479452054,1460
BDME,4.993453679825431,5041
KHTI,4.963815789473684,304
VLL,4.960914454277286,1356
SSNR,4.960168134507606,4996
KIK,4.95,4180
UDKL,4.8861788617886175,615
DNGI,4.867924528301887,583
MNY,4.865853658536586,2706
DNRP,4.8454835898925355,3443
BFJ,4.844014510278114,2481
NRK,4.833119383825418,1558
PQT,4.82411230388109,3633
RLD,4.819645732689211,621
PDGP,4.819645732689211,621
SDGM,4.797815737888547,3571
BNNR,4.793150684931507,1460
CQL,4.791551882460974,1089
UGP,4.747945205479452,1460
JSA,4.745798319327731,1428
UKV,4.721917808219178,1460
GUJ,4.698872785829308,621
LGL,4.692076545943381,6323
PKQ,4.675863478438585,4893
PUF,4.642802155504234,2598
PTPR,4.642802155504234,2598
KNHR,4.639118457300276,1089
SNZ,4.637798306389531,2598
RM,4.636801928485336,2489
BPJ,4.636655948553055,622
MLTR,4.626813815655018,4893
HNR,4.586816720257235,622
CKSR,4.57852193995381,2598
MIW,4.57852193995381,2598
VZPH,4.57852193995381,2598
ZNP,4.57852193995381,2598
MWK,4.564885496183206,2489
CLU,4.563455263609823,5823
DUT,4.556270096463023,622
KNH,4.5461647727272725,1408
RPY,4.540192926045016,622
MHV,4.536775106082037,1414
TLL,4.533762057877814,622
GER,4.529843893480257,3267
VDKS,4.52931506849315,3650
VI,4.501935840707965,3616
SKR,4.463527239150507,2166
JVL,4.45,1420
KZB,4.44442109686909,4759
KNAD,4.4420062695924765,1276
MDHA,4.4420062695924765,1276
VDG,4.434962717481358,1207
CDV,4.415499533146592,2142
SRDW,4.409589041095891,1460
TGLN,4.404170008019246,1247
APA,4.394190871369295,1446
NRNR,4.3561643835616435,1460
STZ,4.354595336076818,2916
DRBR,4.354595336076818,2916
SSGR,4.354595336076818,2916
GNND,4.331496786042241,1089
PNDI,4.303030303030303,1089
PEA,4.276193870277976,2806
BIC,4.244571428571429,875
TYT,4.237704918032787,2806
NMN,4.225830258302583,1355
RNBD,4.224376731301939,2166
VTA,4.214174696922599,3217
MDUN,4.190822426886411,6189
TWV,4.1727460426703376,2906
TAM,4.170880557977332,1147
EKNR,4.163257429563875,2591
BPKH,4.159183673469387,490
KFV,4.141552511415525,2190
MNLI,4.138489208633094,1668
VRL,4.128382731958763,6208
HUD,4.112709832134293,1251
PCO,4.104218362282879,4030
ABGM,4.101010101010101,1089
MARD,4.092326139088729,1668
KMPR,4.0918273645546375,1089
NXL,4.0918273645546375,1089
SRDR,4.087284482758621,1856
MAX,4.077937649880096,1668
BILP,4.058499655884377,2906
TMPT,4.057344632768362,3540
PIT,4.0504587155963305,872
BTGH,4.050397877984085,1131
VLNK,4.034758102395491,2129
JPM,3.9993124785149536,2909
HRM,3.9788732394366195,1420
ATB,3.968824940047962,1668
MOPR,3.9243835616438356,1825
KMDC,3.8999081726354454,1089
DLM,3.8999081726354454,1089
AMNR,3.8842925659472423,1668
KKTI,3.8767123287671232,2190
CTPE,3.8598173515981733,2190
SWLN,3.858861267040898,1247
PCY,3.8450899031811896,723
NOH,3.8287143956889915,2598
SBNM,3.8194805194805195,3080
GG,3.806828811973807,2138
ALNP,3.783953033268102,2555
SIMR,3.7781109445277363,3335
BAJ,3.7666523420713367,4654
HAM,3.760119940029985,3335
VBN,3.7486301369863013,1460
GEG,3.7359154929577465,1420
KDHL,3.721266345492085,2906
TUV,3.6922561928141038,4481
TDPM,3.689333698930628,3647
MU,3.655454333099743,4281
IRN,3.6473093302361597,2583
BDPR,3.6374812593703147,3335
BBC,3.612044817927171,1428
NOB,3.608095952023988,3335
TPE,3.604747162022704,2907
REAI,3.596590909090909,176
MTDM,3.5870535714285716,448
BEX,3.583208395802099,3335
GRP,3.5707196029776673,403
ACN,3.5621004566210046,2190
BKNO,3.553223388305847,3335
RBJ,3.5387994143484627,683
GDD,3.525910364145658,1428
UNA,3.5204225352112677,1420
GYJ,3.5123626373626373,728
SILR,3.508990318118949,723
KQZ,3.507487520798669,1803
DHI,3.4856150793650795,2016
KZY,3.4683757091826015,4759
PUG,3.4506849315068493,730
KEP,3.4194769442532693,2906
CNRF,3.4014992503748127,3335
BZC,3.3997001499250374,3335
KAY,3.3840116279069767,3440
BIK,3.34624145785877,878
KADA,3.330123796423659,727
PLK,3.2482915717539864,878
SWO,3.2287179487179487,975
PRTN,3.2145727297080096,3733
TME,3.2096096096096094,3330
MVI,3.194012665515256,3474
MIN,3.0322108345534406,683
GIHT,3.0263543191800877,683
VLE,3.006868131868132,728
KARH,2.979502196193265,683
NIL,2.9635119726339796,3508
JKL,2.956043956043956,364
MQ,2.90825265099124,2169
CTD,2.8689655172413793,3045
MHAD,2.836613272311213,2185
GPLG,2.831955922865014,1089
CWT,2.831955922865014,1089
VB,2.8274932614555257,371
DDW,2.8217142857142856,875
MUH,2.8052708638360175,683
BHJ,2.8007544581618657,2916
FLD,2.783349101229896,1057
VRA,2.7694431661297747,2173
JSPR,2.7576601671309193,1436
KADI,2.7401574803149606,254
NSA,2.732064421669107,683
BYE,2.6993150684931506,1460
BXM,2.649142857142857,875
RDY,2.6284916201117317,358
KBK,2.6204954954954953,888
BRVR,2.6156925540432345,2498
ASV,2.5923650724001757,2279
BI,2.577514792899408,845
VTDI,2.568862275449102,334
WEL,2.5551314673452077,2358
MTP,2.498399767238871,3437
MJPB,2.4971428571428573,875
GATL,2.487303506650544,827
TN,2.4754098360655736,2623
AOR,2.4635579937304075,2552
KYBR,2.462857142857143,875
THX,2.4232876712328766,730
TQN,2.4205714285714284,875
RJL,2.3207944628347876,3323
BCW,2.232365145228216,723
NNP,2.2314990512333965,527
GGO,2.210958904109589,730
AVK,2.1451780159004494,2893
ABRV,2.0603566529492454,2187
KOTI,2.0584016393442623,976
HUDU,2.027562446167097,1161
RF,2.0215193155302047,3857
AVL,1.9952904238618525,637
MQZ,1.9952904238618525,637
SJF,1.9905808477237048,637
KIE,1.989607390300231,2598
DOT,1.989607390300231,2598
ARX,1.989607390300231,2598
DVA,1.976056338028169,1420
PTD,1.9679794520547946,5840
AKOT,1.967458223394899,1137
NZG,1.944171922448026,4281
MTT,1.8868686868686868,1485
HMT,1.867247007616975,3676
KXT,1.8669201520912548,2893
PLRD,1.8436213991769548,2187
GGY,1.8410364145658262,1428
SANI,1.8146811070998796,831
CKVD,1.7984084880636604,1131
RMX,1.7878151260504203,1428
MKWI,1.7877551020408162,490
JJTI,1.7855297157622738,1161
HPRD,1.7619453924914676,1172
SZN,1.737105465742879,2598
MTSI,1.7151348879743942,2187
KXY,1.7144230769230768,1040
NVK,1.7144230769230768,1040
KVV,1.7144230769230768,1040
TDE,1.7113372093023256,3440
JOBT,1.7070217917675545,413
BLRA,1.6581740976645436,471
SNA,1.6246239793725827,4654
TOY,1.5980769230769232,1040
PKM,1.596220930232558,3440
MBF,1.5599455040871935,734
AGX,1.53475935828877,561
LOV,1.532319391634981,2893
VDY,1.5201923076923076,1040
MRLI,1.4365038560411312,5835
LIL,1.4061624649859943,1428
GMM,1.4057377049180328,976
BHAN,1.358267716535433,254
ONR,1.3175909878682843,2308
SMDM,1.3,730
TSL,1.1690573770491803,976
JSD,1.158263305322129,1428
UAM,1.1015965166908563,2067
BDNK,1.0989208633093526,556
PNDR,0.9967465753424658,5840
TCN,0.9721157197629836,2869
NTN,0.9700342465753424,5840
SAY,0.9613013698630137,5840
YVP,0.9534246575342465,5840
KLWD,0.9513698630136986,5840
TRP,0.9481164383561644,5840
ARPR,0.9343707713125846,1478
VAJ,0.836986301369863,730
MRWS,0.7958904109589041,730
BHAL,0.6416095890410959,5840
GNV,0.6287671232876713,1460
VMM,0.6198473282442748,655
CIO,0.5643835616438356,1460
MEC,0.5353535353535354,1287
RW,0.5205479452054794,1460
DOLK,0.47534246575342465,1460
UGWE,0.4481024234110654,2187
ANW,0.43904109589041096,1460
AGAS,0.41815068493150687,5840
GSX,0.41335162322816643,2187
UNI,0.4054794520547945,1460
KRYR,0.39058219178082193,5840
PTZ,0.3895747599451303,2187
SNB,0.3872340425531915,470
MGWD,0.3872340425531915,470
SQJ,0.3872340425531915,470
GSR,0.3872340425531915,470
KVO,0.3821917808219178,1460
JJJ,0.3702127659574468,470
KMB,0.3636986301369863,1460
VLYN,0.35684931506849316,5840
JTV,0.3525641025641026,468
BADR,0.344017094017094,468
DNGD,0.33972602739726027,1460
DARI,0.3247863247863248,468
AEP,0.32051282051282054,468
CLC,0.32051282051282054,468
WGI,0.29315068493150687,1460
CBY,0.2901726427622842,3012
PUHT,0.28609625668449196,374
KNPL,0.2152671755725191,655
BIDD,0.1664,625
AE,0.10042735042735043,468
PBC,0.04745762711864407,590
SAD,0.0,938
KRTN,0.0,149
JRBM,0.0,389
TUNG,0.0,938
WTP,0.0,1444
GEDE,0.0,111
SOJ,0.0,149
CNKP,0.0,149
JIGT,0.0,389
PGMD,0.0,149
SDPR,0.0,149
RNGN,0.0,389
MRBD,0.0,389
KAWL,0.0,875
LDCY,0.0,149
GBE,0.0,952
RTG,0.0,952
SN,0.0,952
MHN,0.0,938
ANLG,0.0,5824
NSCL,0.0,389
NRVR,0.0,149
DJ,0.0,3999
TGT,0.0,401
DLPI,0.0,149
KGN,0.0,938
GHUM,0.0,3999
DLSR,0.0,875
VNGP,0.0,389
NRLN,0.0,1444
TDH,0.0,952
JTT,0.0,1444
SWNR,0.0,149
PTPL,0.0,110
MAE,0.0,5824
SIBR,0.0,389
BRSQ,0.0,149
LPNR,0.0,149
RHU,0.0,470
KMNG,0.0,389
