train_no,mean,count
4152,854.582304526749,486
20821,737.156338028169,710
7226,657.5438596491229,456
20827,607.542808219178,584
7076,605.2413441955193,982
1668,592.6614583333334,384
20828,571.0016835016835,594
2863,560.9273356401384,1156
12950,546.0051975051975,1924
2864,545.011393514461,1141
1420,527.6591760299625,267
7030,513.7375449409348,1947
8866,507.9495798319328,119
1703,486.4936386768448,393
2188,479.18513853904284,794
9628,474.82736572890025,782
9452,456.56572090330053,1727
8611,441.2681409813407,1447
1667,429.2552083333333,384
1665,425.89696032972694,1941
22170,419.20641025641027,780
4116,414.06063829787234,940
12598,404.8260188087774,638
1704,395.2290076335878,393
4651,394.1427216690375,2109
20822,391.1544401544402,777
8264,386.39230769230767,130
6082,382.89925373134326,268
12152,368.87782998718495,2341
1419,367.7612456747405,289
2570,364.75886889460156,3890
1666,361.08566895822315,1891
7029,357.0521592821088,1783
22830,345.8350705088902,1631
22857,343.12842105263155,475
4652,342.4855072463768,2070
20972,341.9854756717502,1377
20815,334.92832167832165,1144
6510,331.7659574468085,752
5006,327.6709265175719,313
5003,326.4433333333333,300
12871,320.2713476783692,4415
12130,318.8920124568639,11881
4654,318.6371681415929,565
1054,312.8510638297872,611
5114,309.5468277945619,331
22906,308.74759615384613,1664
22861,305.755384063173,5572
2198,305.26864801864804,1716
9038,300.4510250569476,439
1702,299.4672619047619,336
22843,298.6251968503937,1270
7225,297.94083969465646,524
2563,293.4046736962097,3509
5104,293.1219512195122,410
1923,292.128,250
68712,290.62828033343624,3239
14111,289.601640304628,1707
9576,284.7931034482759,928
7028,284.01889338731445,741
1468,283.08482142857144,224
6208,280.6006097560976,328
22877,280.03779289493576,1323
12906,279.4917342951608,3327
7616,277.25714285714287,350
22863,277.11378205128204,624
22815,276.64830508474574,1180
2841,272.92904290429044,606
22511,272.60757780784843,1478
12524,270.1880341880342,1638
4653,261.86042402826854,566
9526,258.0942857142857,2450
8865,257.98319327731093,119
68716,257.43023829087923,6085
5004,255.9816176470588,272
15561,253.4933586337761,527
22858,251.9367088607595,474
12203,248.49201030927836,3880
63202,248.12876712328767,3285
22501,246.4202626641651,2132
2569,239.98895453377858,3893
18030,237.74207944676746,24872
7364,235.09665697674419,1376
2564,232.84536668561682,3518
4503,230.35009310986965,537
22844,228.42662116040955,1172
9626,227.98822463768116,1104
12503,226.44628875665518,3193
22894,225.23329558323897,883
12870,223.98676957001103,907
15562,223.3899613899614,518
4121,222.82291666666666,288
9822,217.68939393939394,132
2131,211.04735376044567,718
9066,209.50499001996008,501
22423,206.69110576923077,832
12810,205.29669038448984,15319
7075,201.21020408163264,980
1461,200.93675213675215,2340
5005,199.8920634920635,315
17006,198.77526679221594,1593
4716,198.13941299790358,954
12834,196.67866383293293,21644
1030,195.41732283464566,127
22898,193.72113737581364,2919
5074,193.00524109014674,1908
4728,191.53,200
22816,189.6054654141759,1171
14604,187.85026737967914,1870
1924,187.572,250
55075,187.5656340539336,4487
18428,185.36148648648648,1184
2187,185.2086513994911,786
18478,185.19802717950537,28183
55076,185.0499649778193,4283
55039,184.05569894263593,12011
22130,183.04065596173555,2927
68176,181.60663698907325,2471
9525,181.5142857142857,2450
22424,181.04347826086956,828
18111,181.03636363636363,2090
11274,180.76324401233103,21085
12376,180.59305210918114,1612
61608,179.45037406483792,4010
4151,178.9108527131783,516
13258,178.31278153153153,3552
18477,178.25355603448276,27840
12508,178.19840995506394,2893
5293,178.07246376811594,759
12860,177.02761673869506,9487
1053,176.86749716874291,883
4122,176.5,288
55073,176.46886882129277,4208
12597,175.86593059936908,634
15558,175.25155555555557,2250
9065,174.619918699187,492
8263,174.04615384615386,130
12102,173.95724211651523,3742
22897,173.87409948542023,2915
13287,173.58523140925638,19230
18109,172.7850797444023,19249
15654,172.73405172413794,2320
9419,172.22586412395708,1678
22849,171.75,992
4727,170.97,200
55095,169.69172308967805,7237
15706,168.10094012864917,2021
1467,167.81696428571428,224
55071,166.28459167950695,6490
22405,164.273977311791,2909
15057,163.52243589743588,312
6509,163.4828431372549,816
68014,163.21090387374463,5576
7220,162.188,500
9060,161.2329501915709,1305
12513,161.03084832904884,1945
1026,160.81365262868152,3633
2842,159.02680067001674,597
22807,158.74259055982438,1822
63216,157.2826206140351,3648
53201,157.24193548387098,868
68006,157.1003301540719,5452
75250,156.74621653084984,2577
2132,156.46805555555557,720
16223,156.45,100
55584,156.0715025906736,2895
68715,155.58490197990832,10253
12752,154.84039900249377,1203
22357,154.38525963149078,1194
12864,153.53867273297772,12748
58152,153.4737384140062,2913
12521,153.36725955204216,3036
1436,151.0693970420933,879
7610,150.8229700073153,1367
12768,150.61451942740285,978
22512,150.2018654230513,1501
55040,150.03179263484606,11921
15622,149.8223748773307,1019
8007,149.6187584345479,1482
64555,149.15485787017394,2357
68022,148.31326219512195,5248
22412,148.26550998948474,1902
12129,147.83519042075503,12026
12334,147.536531986532,11880
12212,146.65194109772423,747
19602,146.13345864661653,1596
12858,146.00582790538223,2917
55583,145.8829861111111,2880
12504,144.7962962962963,3240
7166,144.5929978118162,914
13252,144.5109489051095,137
22466,144.1852487135506,583
68815,144.00790024747764,10506
68004,143.9860115404791,5719
22862,143.089462129528,5466
7251,142.94263565891472,645
15629,142.50226039783,2212
20818,142.16787439613526,828
4726,141.93758480325644,737
7027,141.872311827957,744
6282,141.17369414726244,1589
68024,140.8424336973479,5769
73453,140.57236842105263,3648
13511,140.19882611885546,1363
12839,139.618498934575,12671
1140,139.47626058152375,2717
22460,139.3808752025932,617
8612,138.92577597840756,1482
17322,138.66100823045267,1944
64481,138.0327630729503,6196
12151,137.21877691645133,2322
1028,137.19136408243375,5095
55588,137.16643454039,2872
1435,137.0105140186916,856
55055,136.93303261623873,8646
22450,136.82053354890866,1237
9011,136.77,100
22853,136.19060052219322,766
22358,135.73361344537815,1190
7055,135.54261954261955,481
22910,135.18296296296296,1350
22806,134.87027027027028,925
68816,134.0970036032619,10546
12872,133.89145299145298,4680
77648,133.81653192542484,6061
1025,133.51777899343546,3656
7233,133.45192307692307,416
7034,133.37894736842105,1425
53231,133.32821011673153,15420
14619,133.06823979591837,1568
55056,133.02042229145033,8667
22410,132.65173116089613,491
12511,132.15641843581565,9091
55042,132.11713957055215,5216
4718,132.09760827407885,1547
12863,132.03469029507647,11963
53242,131.607421875,512
12867,131.31188658669575,917
12880,130.45689257722452,2169
12507,130.1571283440569,2953
63384,129.87662337662337,2156
53241,129.76574803149606,508
63215,129.24168446750076,3277
22406,129.02121001390822,2876
19616,128.91842900302115,2317
12519,128.80851063829786,1880
14038,128.73506493506494,770
4126,128.65675340768277,807
8548,128.31007751937983,903
11273,128.17555840091052,21087
20414,128.07106076210093,971
12516,128.04036066981539,2329
1139,128.040278286342,2731
12407,127.71329365079364,1008
67286,127.44035239745811,6924
68021,126.79708889273957,5771
55132,126.78719082327638,16738
12370,126.75429497568882,6170
12204,126.70991778006166,3892
1705,126.62087912087912,182
20413,126.5886075949367,948
8011,126.51727042965459,1187
13257,126.42382427485215,3551
22825,125.66289409862571,1237
1027,125.29546815731683,5009
7615,125.25822784810127,395
68128,124.9752994011976,1336
14112,124.88804220398593,1706
75107,124.86125591466838,12469
7189,124.79328165374677,1161
22855,124.74137931034483,928
75293,124.41477547078706,4142
12857,124.35068965517242,2900
15110,124.29702970297029,3737
22504,123.90221582199099,21527
22866,123.45854657113613,977
9002,123.26724137931035,1624
2832,123.23118512110727,4624
63349,122.80712854581883,9483
73463,122.74200661521499,1814
19038,122.72031854813123,31518
22831,122.69759143621766,1121
12101,122.59851103429939,3761
5023,122.49450549450549,182
15033,122.23197625106022,2358
9451,121.91304347826087,1771
73461,121.57409012131716,2308
71451,121.52432027937141,4009
18050,121.40316205533597,506
20990,121.38372093023256,946
68442,120.90182711927287,21564
55570,120.63642595978062,4376
6281,120.56570018507094,1621
18110,120.43383241885985,21506
12408,120.29861111111111,1008
75725,120.05156602708804,14176
55072,120.01079913606911,6482
9037,119.82920792079207,404
9466,119.72727272727273,737
18034,119.42699724517907,6897
61607,119.37406296851574,4002
9001,119.29888613861387,1616
18052,119.07985480943739,551
18114,119.06317319199863,11698
7154,118.94212765957447,1175
65116,118.76405886909373,12910
15530,118.50597907324365,1338
12436,118.47387226440375,2239
55091,118.35234345230535,7873
55565,118.22680517364294,9819
75106,117.82625615199726,8737
15026,117.80737704918033,976
7017,117.42126957955482,1213
7033,116.89711417816812,1594
55047,116.77244582043343,5814
73454,116.39906619060697,3641
2139,115.87797147385103,631
20508,115.70918367346938,392
8584,115.68414918414918,858
58503,115.67574756186023,12407
13425,115.47878404053198,1579
12889,115.45076923076923,1300
58309,115.43569711538461,1664
4717,115.21706398996236,1594
12812,114.97924427887175,1879
11271,114.80633952630832,14102
4115,114.70394036208732,939
22851,114.36042573778423,2067
55098,114.18774842179097,4277
8312,114.13414634146342,1230
64585,113.9492957746479,710
15227,113.86098901098902,1820
61610,113.67713787085515,4011
58023,113.58714285714285,2100
68052,113.39040697674419,3440
8583,112.64871194379391,854
55096,112.61772853185596,7220
12254,112.59761456371626,1593
15904,112.47984161267098,2778
9575,112.36004514672686,886
7165,112.1433260393873,914
12372,112.08044473512099,1529
63557,111.76039295050172,23718
68050,111.76019134775375,9616
15929,111.67936507936508,2205
20807,111.6741895773492,7311
53343,111.64366510896625,22897
18421,111.55849056603773,795
20472,111.2372790573112,1867
13345,111.0998985801217,1972
7053,110.67758186397985,1588
55587,110.28046626633699,2831
12236,109.51003344481606,598
20813,109.25854108956602,2166
7015,109.13545150501672,598
18009,109.05980650835532,1137
55513,108.957087300523,7457
64584,108.84515845070422,11360
20889,108.74634146341464,615
55034,108.73112511733942,7457
12162,108.71241170534813,991
8534,108.49242424242425,132
18005,108.29090778201713,13891
2811,108.27061556329849,861
55031,108.1961247637051,8464
12556,108.18524353419981,7617
54338,108.08969047038752,4103
13430,108.07083647324792,1327
55578,107.98757943385327,13848
64910,107.61783372117623,9454
19624,107.50531914893617,564
75726,107.44530753477862,14161
22817,107.1891891891892,1073
15657,107.01629120529464,15714
51814,106.979100452663,10383
18007,106.95620437956204,2329
55060,106.66157707592554,4781
68174,106.4875,1280
9627,106.10038119440915,787
54254,106.08842823405931,11433
15021,105.84343891402715,1105
58205,105.84214092140921,14760
15134,105.56838365896981,563
75713,105.49566743446309,9117
12444,105.40969162995594,681
64454,105.38920454545455,10208
19623,105.35690789473684,608
7363,105.30117820324006,1358
13288,105.11293854065889,19639
75291,105.08412351081935,4113
68748,104.95158300585749,13487
68029,104.93544066434504,3733
12820,104.81099397590361,1328
11099,104.65284715284716,2002
12577,104.55689564761406,1907
55577,104.38125634701872,13786
68742,104.37315823190262,6244
12716,103.78232571593867,13828
63359,103.77703826955074,1803
13343,103.75862068965517,1827
68809,103.52194066749072,6472
64553,103.50565970993986,5654
55097,103.38769972867048,6634
11449,102.98012048192771,1660
12949,102.78089044522261,1999
1701,102.7645259938838,327
12369,102.72597864768683,6182
6081,102.44370860927152,302
12869,102.34571723426212,969
14620,102.2247191011236,1602
55032,101.9386277302944,8424
20918,101.89345172031076,901
12827,101.62497522299306,5045
22709,101.57058388765707,1353
22533,101.45424567188788,1213
54035,101.35976967370442,13025
15624,101.29990884229717,2194
11272,101.29987993502365,14159
7035,101.27586206896552,406
68755,101.26226501604768,2181
55517,101.05609532538955,5455
15045,101.02152641878669,2044
14692,100.96669750231267,1081
12333,100.7518136041649,11717
54253,100.65530073561229,11555
22502,100.44460929772502,2022
54328,100.41909898477158,3152
12506,100.35823869296672,10038
22803,100.28158844765343,554
12510,100.15243902439025,6232
17005,100.09328358208955,1608
63308,100.04610379304873,12602
68016,99.96523476523477,5005
14012,99.91839464882943,1495
2839,99.83766233766234,462
17008,99.82405424696645,2802
12840,99.80749600060943,13127
22503,99.7978470571788,21459
57412,99.74337303111794,18221
19092,99.63740771123872,1219
12523,99.52421307506053,1652
22605,99.26283090221501,3702
55131,99.16060751016504,16724
68713,99.10502958579882,6084
63230,98.9536645962733,8050
8580,98.82155688622754,835
12328,98.58701298701298,1540
4504,98.5688622754491,501
18425,98.43080420574027,10557
13126,98.33100639906922,1719
16523,98.27906976744185,129
63303,98.26296626541834,13458
75229,98.14762368351181,11299
64453,97.99053724053724,6552
64282,97.88064146620847,8730
11447,97.84956338452274,16605
2197,97.67191142191142,1716
12190,97.6232125367287,10210
13010,97.59383013740575,26127
55569,97.47595931576514,4326
73436,97.47453987730061,6520
55121,97.3785621761658,12352
12515,97.24904701397713,2361
12589,96.75067204301075,1488
53348,96.66054852320676,14220
63306,96.65762236126542,17101
14691,96.61655566127497,1051
12626,96.6038296467481,15145
53406,96.43981481481481,2376
7229,96.41105598866052,1411
19603,96.37956204379562,959
12773,96.35495716034272,817
5073,96.24234424498417,1894
22459,96.17384105960265,604
68137,96.0941960038059,2102
22832,96.07429048414023,1198
12145,96.02403846153847,1248
68007,96.00173654180104,8062
12380,95.71395881006865,874
14009,95.56921944035346,2716
12767,95.56781376518218,988
18029,95.50356673175786,25093
5113,95.24038461538461,312
63380,95.23824209714726,11673
2812,95.1108462455304,839
68723,95.1029463968761,2817
68811,94.844668638024,5749
9084,94.8,360
18189,94.74693309048052,18667
53204,94.42494226327945,2598
7032,94.37899543378995,438
14037,94.31869510664994,797
12327,94.25555555555556,1530
75117,94.15041710114703,7672
20658,93.99790136411333,953
11100,93.93734583127775,2027
55074,93.77224451262686,4237
18047,93.58435382237546,8411
15557,93.50753546099291,2256
12166,93.37122302158274,2780
15483,93.17345067840117,19089
20104,92.90902589043056,6991
22362,92.78131634819533,1884
14017,92.75659340659341,1820
12842,92.74885695623776,6124
20890,92.62157809983897,621
15707,92.6193868847524,19931
18310,92.60156028368795,14100
22150,92.58884297520662,1936
51708,92.53892215568862,13026
12802,92.48044643641796,11379
68009,92.26769132244637,3123
12552,92.19425901201602,1498
12562,92.02024522383803,7014
68801,91.9904328881311,10557
22856,91.94130202774814,937
15653,91.89094827586207,2320
15656,91.78601472134595,1902
12591,91.72900158478605,1893
68805,91.66001376462492,10171
13020,91.44724556489263,22491
17007,91.41195190947666,2828
63307,91.31805951895637,12265
68043,91.30835684062059,5672
67202,91.11461032489535,5017
13125,91.03775743707094,1748
68714,90.97564776933567,10266
14217,90.88354121475054,14752
14117,90.81993569131832,11818
12587,90.54665203073546,911
12876,90.35032796660704,6708
7446,90.34944694797214,2441
15128,90.31772173614685,11658
20971,90.310021629416,1387
20810,90.16726768377254,3605
68743,90.14664051005394,6117
63280,90.12266260162602,9840
55102,90.11947521238842,9299
7609,90.11044327573254,1331
12509,90.01545985171163,6339
12905,89.82419825072887,3430
54356,89.6875,432
20817,89.65997638724912,847
15743,89.565318366557,15501
5053,89.46005509641873,726
61618,89.18572499375364,12007
68804,89.0524025728339,10572
19272,88.80115990057995,3621
75118,88.6130587775316,7673
68419,88.4279569892473,10695
18113,88.27133135578433,11462
67226,88.16065042844612,14821
2831,88.13337656722871,4626
22840,87.95372270946072,5359
22306,87.7990243902439,1025
11123,87.77539660450877,14372
17405,87.55620108512989,20827
15910,87.43976975067102,30923
22456,87.35323076923076,1625
22173,87.35019455252919,1028
22169,87.06538461538462,780
64102,87.06357927786499,7644
14011,87.05581395348837,1505
15529,87.04659763313609,1352
12520,87.00685654008439,1896
11082,86.9628959276018,1105
22865,86.95723014256619,982
75742,86.85986206896551,7250
22351,86.8293450881612,1588
7193,86.60066833751044,1197
15655,86.47313510693792,1917
63373,86.3848134991119,11260
15621,86.38341463414635,1025
74024,86.32707892239176,13697
55036,86.22381103696642,9441
53612,86.1915338097856,9095
7190,86.1763584366063,1049
14004,86.15847598012148,1811
19014,86.05067583046964,21825
68810,86.01136712749616,6510
6207,85.97272727272727,330
68737,85.88297872340425,6110
7016,85.8266897746967,577
65108,85.63394877903514,8395
20832,85.6076794657763,1797
12816,85.60147538171213,5829
11602,85.56217178460169,11235
9098,85.48809523809524,168
12703,85.24960841351533,8938
77647,85.19724545007378,6099
19601,85.17965895249695,1642
13426,85.15532734274711,1558
55566,85.08515194778707,9806
75750,84.79248623131393,5084
15022,84.71967654986523,1113
15733,84.69921222248746,12567
73464,84.67916207276737,1814
15006,84.57214241099312,1601
61620,84.43167701863354,10304
63367,84.34661553851284,11996
19046,84.32727661393758,9356
22465,84.0610820244328,573
12368,84.01477030917512,7989
75288,84.01382148132518,9478
68812,83.95579056865465,5768
58213,83.7748730378578,17328
64931,83.7292817679558,9412
15005,83.68378712871286,1616
8185,83.65207631874298,891
2140,83.5875968992248,645
12514,83.4419337887546,1903
75245,83.3242529701188,8333
11427,83.32244008714596,918
20861,83.30885311871228,1988
53357,83.24206858609939,16359
15484,83.17848114598694,18988
18309,83.09771383804572,14041
15744,83.09038110154007,15324
12751,82.74185667752442,1228
63377,82.64602833834263,11645
75230,82.62422634836427,11310
63231,82.50285493827161,12960
55520,82.36226021140546,7663
22446,82.15014577259475,686
20802,82.09952237060142,10259
18452,82.09125475285171,8679
15066,82.05553772070625,6230
22846,81.87348521570529,2063
64604,81.8714324917673,7288
15131,81.83432724562057,5366
22824,81.73146357188911,3102
73426,81.72473478503629,3582
63295,81.70209538257325,10547
78806,81.68011182108626,5008
12841,81.57327963579058,5711
17321,81.57120822622107,1945
18051,81.56884057971014,552
15098,81.56863979848866,1588
16331,81.42876838235294,2176
18006,81.39854550691244,13888
64618,81.28344827586207,2900
64619,81.18844221105527,7960
14241,81.10975834716842,10842
13351,80.825232308792,30778
12172,80.76106870229007,1310
12818,80.70984455958549,2895
15651,80.65352504638219,2156
7054,80.64785118665812,1559
12104,80.52851182197496,719
18427,80.4883527454243,1202
12469,80.47665056360708,1242
58028,80.401364764268,1612
1462,80.28577878103837,2215
22812,80.1016611295681,1505
63297,80.04147465437788,3255
22868,80.00601684717208,1662
12330,79.97038724373576,439
22805,79.87527114967462,922
57401,79.77556363636364,20625
55094,79.72936685533763,7597
61109,79.60557184750733,3410
15652,79.57977011494253,2175
7606,79.57418273260687,1193
22408,79.56613756613757,756
12443,79.45534407027819,683
64557,79.44421337215348,9617
20808,79.41562542908142,7283
7252,79.23172628304822,643
22842,79.15670650730412,1506
20917,79.15610859728507,884
57662,79.09122417856648,14426
7056,79.08809523809524,420
11078,79.06065269542388,22093
12332,78.85981124655918,5086
15034,78.85545224006762,2366
11842,78.76418703506907,9410
15566,78.75166633003434,9902
17479,78.74714828897338,15254
18185,78.68448729184925,1141
68056,78.44322113872286,9537
22804,78.38014981273409,534
68181,78.33606806441811,3291
9420,78.31693989071039,1647
75201,78.30320804405075,8354
22109,78.26913580246914,810
64582,78.18004998370097,9203
75252,78.17500321460717,7777
19490,78.1477729538511,6219
68095,77.98297872340426,235
13168,77.94787985865725,1132
64605,77.87368150244404,3887
22356,77.85024752475248,1616
15018,77.79171323646814,25052
14308,77.77785246177113,5951
53230,77.76817974798846,6587
75206,77.6879618226601,6496
7219,77.68789808917198,471
4055,77.67032967032966,273
9057,77.66599073001159,3452
20831,77.60577971646674,1834
65106,77.51227061684723,4523
12665,77.44109772423026,1494
9097,77.27544910179641,167
15280,77.21247960848287,2452
75287,77.1613379761528,9477
63268,76.96433850702144,5412
7313,76.8997955010225,489
12859,76.87000202963263,9854
68012,76.83649289099526,1266
22893,76.8157602663707,901
12304,76.6557473519027,5098
12134,76.60501035976644,5309
75254,76.59567901234568,2916
63558,76.50779998313517,23718
22905,76.45920745920746,1716
14611,76.41444866920152,526
17481,76.4037674037674,6105
68008,76.28985886042865,3826
63381,76.07599279526546,11659
8579,76.04436450839329,834
63302,75.96749803613511,10184
68069,75.84420731707317,3280
15052,75.58550488599349,1228
75264,75.53186172428155,7203
2848,75.42535211267605,355
63383,75.42343173431735,2168
8311,75.4172131147541,1220
7194,75.35245901639344,1220
14314,75.32519741564968,1393
61119,75.32335081424235,7246
15109,75.25367847411444,3670
12659,75.24195740824649,2207
55093,75.20587463939155,7626
61601,75.18618863312284,9818
15734,75.17391659185506,12253
75217,75.15892653216596,10508
12919,75.11956091212585,17673
18033,74.85753385191587,6942
18012,74.77628567068518,13106
17417,74.77063711911357,1805
53232,74.6368763269639,15072
15909,74.60728600982674,30936
68032,74.59263959390863,2364
20502,74.4539748953975,956
22829,74.41577958672511,1597
14628,74.4025069637883,718
1130,74.20795107033639,327
14507,74.17101801254806,9882
1129,74.1198738170347,317
64212,74.10984608897323,4743
10103,73.99204688154039,7167
12590,73.96306429548564,1462
22404,73.94722955145119,758
75210,73.93644786637087,7663
53344,73.89753901298248,22877
14649,73.88725490196079,8364
68068,73.77159545035352,3253
18045,73.68357366138953,19834
12302,73.6767053701016,2756
53203,73.63941380640185,2593
75209,73.62174432497014,8370
12314,73.5431654676259,2780
20853,73.53761467889909,1090
68738,73.52705882352942,5100
20809,73.31043256997455,3537
11802,73.27349849388332,16267
75270,73.22471098265896,4152
74002,73.1244417064531,6493
53358,73.12197067304743,16299
15023,72.9298519095869,1283
64554,72.88320395201129,5668
64957,72.81481481481481,6858
22809,72.73907455012854,778
18116,72.6869115215985,13913
7036,72.671834625323,387
22823,72.61874197689345,3116
22540,72.61869618696187,813
75253,72.5910676901605,2866
15532,72.54016620498615,1444
12770,72.53767123287672,1752
22705,72.48993288590604,447
22445,72.25735294117646,680
1477,72.20073664825046,543
15070,72.07585955975986,5497
68044,72.0748546511628,5504
68411,72.07084681468258,8963
63274,71.92991913746631,1484
17622,71.87687450670876,1267
22305,71.81581395348837,1075
15035,71.73906200818382,3177
68094,71.73882896764253,1298
12888,71.70505050505051,495
63233,71.6767982395819,14542
12392,71.64207582860432,12159
22643,71.60265911072362,4588
14230,71.5715859030837,2724
9059,71.54870624048706,1314
15078,71.5326842837274,719
75221,71.48839368616527,3231
9465,71.47175141242938,708
67289,71.46833875212882,6459
17324,71.45168892380204,1273
5132,71.39224629418472,10524
5131,71.38022416413374,10528
54375,71.36567052109926,6659
16597,71.28888888888889,135
64622,71.19183851292478,6886
13237,71.19078361531612,4492
68754,71.1126644736842,2432
19028,71.06288532675708,1622
12350,70.91713325867862,893
11017,70.80237388724035,1685
5013,70.76,100
15270,70.69834087481146,1326
75743,70.6573438572409,11656
64567,70.62275704927372,7022
12558,70.60794157918758,6573
7041,70.49009900990099,202
68096,70.3854748603352,179
12551,70.36369770580296,1482
8547,70.28219484882419,893
68059,70.24692608129611,6913
12235,70.03145695364239,604
22184,69.97540983606558,1952
61118,69.86252587991719,7245
11058,69.75797837267572,30332
63360,69.75759280089989,1778
74001,69.58450704225352,6532
75205,69.55702023298589,6524
54010,69.51539338654504,1754
75714,69.4980703495424,9069
67779,69.48849964614296,5652
12660,69.4844890510949,2192
53373,69.4572529782761,5708
22110,69.45136186770428,771
64023,69.39202307259426,14216
75720,69.37135226680563,15352
2133,69.32658569500674,741
75108,69.15521526497234,12473
12394,69.10682607018897,2593
14673,69.08914911700822,10589
12375,69.02982349360926,1643
22537,68.83559689922481,16125
22892,68.83064121390113,2043
13233,68.70688585607941,6448
12422,68.6936790923825,1234
9035,68.69285714285714,420
22113,68.68443051201672,2871
22101,68.66818181818182,1320
14323,68.56530120481928,2075
20507,68.56009615384616,416
55048,68.5518238128011,7265
12875,68.54356172474897,6772
7020,68.50297619047619,1344
15127,68.45416433761878,10734
55059,68.4105974245303,4737
16032,68.41017402945114,11205
63223,68.32852700028272,3537
15630,68.16912751677852,2235
12371,68.04431599229287,1557
55514,67.92915392456676,5886
11466,67.9083215796897,4963
55582,67.8435492272964,5759
22839,67.83510545581315,5737
22603,67.80077745383868,1029
12308,67.76633293738334,5893
22826,67.73055332798717,1247
68082,67.68592369045052,4639
63275,67.61441090555014,3081
12566,67.61190168175938,5411
63355,67.56374154114822,9162
14048,67.55082742316785,423
11448,67.51596679391626,16503
4725,67.49797570850203,741
64642,67.45060287825748,5142
14681,67.41945593581546,7977
14212,67.38921149144254,6544
63255,67.37333000374579,8009
12311,67.3392079764078,14242
63212,67.33812848177138,14181
12742,67.3239819004525,1105
54076,67.25875108038029,9256
57403,67.21282724731,11803
22641,67.20320715036803,3804
12550,67.07001044932079,957
16094,67.04989384288747,4710
7718,67.03694458312532,2003
17219,67.03407755581668,8510
11706,67.02097602739725,9344
19013,67.02079292769834,22171
13210,66.94886670264437,14824
19410,66.92331768388107,3195
15048,66.92173043260816,3999
64052,66.85396518375242,6204
11108,66.85355077120822,12448
4125,66.84088127294982,817
67225,66.80359765051395,13620
22121,66.75044883303411,557
12887,66.66802443991854,491
58821,66.60397618541357,9406
14311,66.54,7500
67216,66.53513513513514,8325
53237,66.48217636022514,533
63387,66.4783759929391,5665
68026,66.2243309002433,4110
18102,66.18091135796871,8822
12398,66.17948717948718,5460
19270,66.10358056265984,3910
68035,66.07970309077635,8218
22837,65.98843187660668,1556
18637,65.93473827328349,1471
22891,65.89666993143976,2042
53352,65.89183603169135,11612
67290,65.87846845450318,6451
14853,65.81194177968905,6046
68441,65.81166186095473,21849
64109,65.68055555555556,6552
22361,65.67912439935931,1873
63226,65.67547555215116,15666
7230,65.65953177257525,1495
12488,65.65827288901053,7307
8581,65.53728813559322,590
65129,65.51944792973651,2391
63276,65.51083090850307,3093
15211,65.50621390911374,15932
15639,65.47119179163379,1267
58504,65.44072850350553,12409
12522,65.37983193277311,2975
68434,65.31716203259828,15645
53347,65.29163738580463,14230
17482,65.26162601626017,6150
67775,65.21423076923077,5200
13019,65.13970812459159,22955
68744,64.98790849673203,6120
12197,64.96628440366972,4360
16351,64.94742779783394,4432
74901,64.903928136419,6568
15633,64.83583884546002,1663
17254,64.83011306712466,27948
71452,64.82981492192019,6916
12191,64.8273869067467,8997
68732,64.80410113478001,5023
4056,64.75092936802974,269
12809,64.71926469681081,16211
22854,64.70833333333333,792
16524,64.5984251968504,127
12331,64.52713637260706,5067
15002,64.47247023809524,1344
17012,64.41957707396422,10451
12277,64.40458849235252,2746
18523,64.40246859158034,4537
12546,64.39319470699432,1058
12578,64.34110169491525,1888
19436,64.33180927498367,1531
20476,64.29045643153528,1687
22581,64.27855887521969,1138
63350,64.2691982229744,9454
74021,64.22450171570416,13697
12710,64.20655270655271,5616
75211,64.18301912756296,7267
12545,64.16344294003868,1034
8582,64.13775510204081,588
14010,64.03659447348768,2678
12310,63.979176307265156,2161
22433,63.87589928057554,1112
64559,63.85322101090188,10090
64915,63.82623401331783,9461
14865,63.71622354856213,1843
12920,63.67885505341941,17503
64596,63.58956276445698,7799
5627,63.55611390284757,597
54473,63.551100041511,12045
51813,63.481441263573544,10130
12878,63.4070351758794,2388
77649,63.40087359600642,11218
15568,63.327551020408166,980
63210,63.28907684871919,20690
51818,63.26806422836753,2242
61606,63.252560579565326,4003
18625,63.22127468581687,17824
63344,63.19476803596975,9786
18419,63.16680096696213,1241
12379,63.13476783691959,883
12391,63.11907694834524,12177
61605,63.026189876605386,3971
18043,63.00174131085881,14357
12452,62.97536394176932,893
77637,62.9474030243261,3042
11019,62.88321815761111,15773
11046,62.87250608272506,2055
15273,62.85572108926609,16378
20498,62.84865816102068,2273
14321,62.80936015364399,9893
58151,62.73804425410421,2802
63266,62.67230535675559,13833
12435,62.657078651685396,2225
12835,62.56716417910448,2680
78817,62.552578868302454,3994
18601,62.542879534258844,8932
75259,62.535954712362305,6536
75203,62.53356164383562,10220
64621,62.488237002614,6886
18202,62.48323917137476,2655
12535,62.46047156726768,1442
22165,62.437595517065716,1963
75268,62.37033339988022,5009
12502,62.31902985074627,1072
68054,62.300026434047055,3783
68414,62.26245124992008,15641
54411,62.21264581321049,13459
17222,62.18895966029724,2355
64211,62.167519181585675,4692
18524,62.13334793080797,4567
68433,62.122267102647946,15597
16031,62.101418057799314,11142
14116,62.017478152309614,8010
68803,61.9852955127597,10541
12252,61.94373401534527,2346
9654,61.91489361702128,1034
15527,61.90879741727199,16107
12428,61.90043740887315,4801
13022,61.87556005203064,13838
15050,61.85806943914537,2621
9058,61.8541607091793,3497
58217,61.84152896675294,5023
12670,61.81802575107296,2330
64465,61.77881796690308,10575
22104,61.71889400921659,868
14213,61.69163763066202,4018
68447,61.68516833484986,9891
18101,61.66466858789625,8675
9083,61.63559322033898,354
20854,61.57663551401869,1070
73462,61.48912097476066,2298
22670,61.45764517847629,1877
68730,61.44662762138674,5293
14115,61.28448063163089,8106
63209,61.278901440844216,14783
71421,61.18693862275449,5344
75280,61.10388982846098,4139
14218,61.055808578614645,14711
77650,61.04885221020679,10542
19326,61.04406273338312,2678
58527,61.0424562493528,19314
68408,61.03132599055929,13982
7788,60.96218487394958,238
58506,60.95346837378177,10466
15590,60.84018264840183,219
22122,60.769642857142856,560
12877,60.67106842737095,2499
22428,60.662721893491124,507
78809,60.64362764682381,5006
54420,60.64046313223644,6564
14679,60.63126513881125,5367
7012,60.58064516129032,558
75216,60.55237129089526,3943
54355,60.54308093994778,383
57414,60.515769116334425,13444
64614,60.48904903207574,7077
61609,60.48448448448448,3996
17656,60.47372386513468,5309
63205,60.459107431340875,9904
63382,60.36332328885062,11615
12419,60.35595656339827,6262
64165,60.33503836317136,3910
55103,60.31038016190183,9759
2134,60.305364511691884,727
9005,60.28928571428571,280
13152,60.271503341123804,30379
22166,60.18684078352587,1991
13006,60.1577468812494,21002
55033,60.14962762356127,7385
13251,60.14393939393939,132
16345,60.129098594767505,17506
55070,60.07797681770285,6643
64176,59.962670713201824,3295
14674,59.9428680615267,10467
63345,59.93723205452347,9097
12171,59.92214663643235,1323
20967,59.88896848137536,1396
17480,59.822875858968594,15571
19054,59.72337482710927,1446
15930,59.72329411764706,2125
15212,59.67974463865129,16134
22120,59.66074228959749,1913
9821,59.58646616541353,133
17643,59.572233758528625,6742
22434,59.51996450754215,1127
12323,59.51661392405063,2528
12253,59.47051282051282,1560
64956,59.459536541889484,2805
25035,59.44932432432432,888
11062,59.41410371895509,15542
12209,59.399328859060404,298
67781,59.35849056603774,5618
68189,59.34362549800797,1004
5628,59.28099173553719,605
19604,59.250267379679144,935
67285,59.23527713625866,6928
63142,59.21403237247694,15507
18190,59.19500480307397,18738
20964,59.13850415512465,1083
22582,59.11924119241193,1107
22420,59.094,2500
75294,59.011355399855034,4139
12555,58.9885835656445,7533
11038,58.925471698113206,1060
67205,58.925302992827106,4043
12879,58.911872146118725,2190
12420,58.899322362052274,6198
14618,58.869540475174276,14058
15067,58.829856584093875,1534
73444,58.79144150722944,6847
13433,58.75251396648045,1790
17621,58.73192771084337,1328
75260,58.694930875576034,6510
12357,58.6941935483871,1550
12754,58.63793103448276,522
12787,58.620879120879124,5642
15708,58.619947848761406,19942
12988,58.53963857010948,7581
13136,58.535377358490564,848
15705,58.48768472906404,2030
22542,58.46637265711136,907
19306,58.429625724828675,1897
15560,58.4217032967033,1456
58815,58.36848104873183,7018
22968,58.35249764373233,1061
12619,58.302898550724635,8280
18520,58.20426459898231,8254
55518,58.167988198414164,5423
15648,58.1447799199709,2749
15274,58.140076382900084,16234
12449,58.11930455635492,1668
64603,58.11411149825784,1148
68758,58.05657513453843,7247
55862,58.04659498207885,6417
18020,58.029918002511636,13537
63240,58.00279973649539,6072
18623,57.97361519510451,12583
77636,57.95093228655545,3057
17233,57.89427267067856,9638
20823,57.8829086115993,4552
20424,57.86327198101712,15593
63391,57.82307341541268,2193
75202,57.81384859197854,8203
64612,57.80637072808321,10768
17406,57.80162154473472,21091
75101,57.66694146743611,10917
17253,57.63831627504685,27748
13434,57.611890072910825,1783
68756,57.58457095709571,2424
17249,57.57870553751089,12623
11107,57.52682687591957,10195
68020,57.52408066429419,4215
13352,57.506037151702785,32300
20806,57.491301984234845,7358
18426,57.4685789771655,10598
12512,57.46693657219973,8892
12758,57.45603166408536,5811
14521,57.438139857713,5763
15715,57.43030303030303,4785
12361,57.35462345090563,1049
67772,57.35171979865772,4768
22477,57.34567901234568,2187
12296,57.32840491277478,12783
77603,57.31549911522848,9607
18234,57.29529042386185,19110
64531,57.29471444935363,6111
63510,57.251614485408325,12233
78805,57.24194847020934,4968
68003,57.23762029746282,5715
54307,57.209961160612295,8754
22159,57.13942826321467,11124
18036,57.11399805131536,15395
74673,57.077606109039245,5631
12326,57.05990783410138,868
13247,57.02226923505177,8981
14866,56.958530183727035,1905
6524,56.88805970149254,536
58537,56.85825852127582,13701
15934,56.84445534838076,2038
54214,56.81013615733737,6610
63343,56.79814770838281,8422
13207,56.78578129886375,19186
57651,56.69926140012845,12456
14603,56.69160876536611,1871
22168,56.64013377926421,1495
53403,56.634614696942606,27965
20493,56.62165525824518,3214
13239,56.5386825364252,4873
15502,56.50247524752475,1616
13310,56.49932918648616,8199
55101,56.48665451816915,9329
54329,56.482935591480626,3897
1029,56.46825396825397,126
63305,56.39552633123936,17033
53434,56.355048859934854,7061
12644,56.270031545741325,1585
65131,56.244600382757675,10973
20816,56.23125,1120
68731,56.230524642289346,5032
17034,56.179949583090945,10314
22850,56.14162679425837,1045
67780,56.089867109634554,6020
55104,56.05293631100083,9672
22538,56.017908043128024,16138
54337,55.98527968596663,4076
75226,55.88981868898187,2151
15029,55.885518590998046,1022
11086,55.81829896907217,776
12826,55.80552359033371,869
64646,55.785793154214204,8151
68435,55.756242325010234,4886
15284,55.674393646705305,9318
18022,55.67430944213757,11078
18175,55.614118153448835,9293
74644,55.530703944083875,4006
63331,55.49808429118774,1044
22308,55.45940216239135,4717
67215,55.45554481758879,8278
18416,55.44925650557621,10760
12881,55.42132505175984,966
64595,55.38076873634143,7779
14662,55.37716610018388,17947
77643,55.32554476240483,3809
18126,55.30233071097713,27202
54330,55.220945416557846,3829
57602,55.210073020033704,5341
12890,55.152713178294576,1290
64524,55.10003915426782,5108
6556,55.033256880733944,872
75251,54.96870573084353,7765
19322,54.91697645600991,807
54464,54.878880329494315,13111
12994,54.857142857142854,1260
12663,54.85684903331962,2431
22845,54.829055690072636,2065
20986,54.82154171066526,947
15658,54.8182985750107,16351
58109,54.81320642474717,1681
17250,54.76214809997213,10763
78804,54.75403918872465,5818
67766,54.74453915823122,3754
11072,54.668860429265976,16866
67759,54.65956276639626,7273
7282,54.625546448087434,7320
63225,54.616173808086906,13256
12189,54.58225806451613,10540
57411,54.520293751229424,30502
22864,54.50160256410256,624
12238,54.500524292205526,5722
55122,54.49368120668569,12265
15615,54.48125,10560
67261,54.468080808080806,4950
82502,54.44,1400
22311,54.39268183846497,2241
67259,54.37588892651541,11812
53349,54.35613103142984,9036
68070,54.328641370869036,3268
15279,54.30890052356021,2483
12724,54.23674604554146,5753
17418,54.223076923076924,1690
15077,54.217032967032964,728
64217,54.17188169738534,2333
22583,54.15586546349467,1219
15089,54.12816455696203,1264
12306,54.093023255813954,430
54351,54.07947992031037,9537
64028,54.05492753623189,13800
20111,54.01194464675892,6865
22835,53.98191681735985,553
22200,53.97682119205298,604
12592,53.96076352067868,1886
15269,53.88125,1280
15767,53.86120712576442,7522
64013,53.84294813466788,5495
77605,53.8204375,16000
15644,53.71618625277162,1353
6548,53.70221327967807,497
17205,53.69968498424921,5714
20857,53.69711163153786,1281
15232,53.68766896966056,13316
11057,53.63987104460875,28537
15945,53.591829356471436,5532
18417,53.58607840214637,13418
68706,53.571196164055145,11679
63238,53.56434626252248,7786
15714,53.55843094524653,7342
57402,53.55283367356858,20574
65110,53.54866876610364,6986
15090,53.51970443349754,1218
22536,53.517073170731706,1845
13209,53.51086956521739,15916
22614,53.47496087636933,1278
15635,53.42857142857143,2219
68060,53.414662658650634,5988
15130,53.41400745959387,4826
63334,53.35905156191193,2657
22604,53.30252100840336,1071
18241,53.271443936542084,7438
22353,53.187332738626225,1121
15565,53.173682631736824,10001
68802,53.153656454519584,10543
20423,53.148476098812964,15585
22827,53.13516609392898,873
68721,53.134749107310654,5321
15181,53.11865864144454,1163
22870,53.10725075528701,662
75225,53.01038715769594,2118
15632,52.990133488102146,1723
12501,52.96644920782852,1073
63264,52.96296058955463,15605
7447,52.9375,176
15032,52.90235353029544,3994
15661,52.88283157038242,1229
20848,52.846085409252666,1124
12568,52.79392732702837,2009
11801,52.77965066568951,16374
22418,52.759579263711494,1331
18630,52.72099447513812,1086
12584,52.60719225449516,723
54376,52.60422004521477,6635
54636,52.591768631813125,4495
74023,52.54821874290901,8814
13174,52.52858773477223,9637
12588,52.51125401929261,933
15501,52.49511002444988,1636
22115,52.48029556650246,406
74684,52.460654509118164,4003
57406,52.43065389421074,12005
14242,52.397233014308725,10553
1212,52.36555455365194,5545
14627,52.35871156661786,683
13243,52.34579120754288,8803
12315,52.344086021505376,1116
12774,52.31567328918322,906
73425,52.313283922462944,3508
20416,52.28719008264463,484
53029,52.23173333333333,15000
18183,52.22486397853469,13417
63347,52.16824523882269,9819
67777,52.1578947368421,817
14622,52.136986301369866,1022
17659,52.128012358393406,9710
12822,52.105203802158854,6207
68031,52.066045723962745,2362
11037,52.03537284894838,1046
18117,52.03152484294689,8755
75741,51.99571527297858,7235
15069,51.949890670553934,5488
15468,51.9358605517008,5909
74674,51.925330979699915,5665
11701,51.88578227245687,1681
13005,51.87169138351793,21308
4715,51.77628865979381,970
15231,51.77365787079163,13188
17259,51.75314070351759,11144
12628,51.72290245706303,12169
28181,51.720446584938706,4568
22881,51.71484888304862,761
14863,51.699329359165425,5368
65307,51.67421852595354,3487
13308,51.65226506618433,24326
15704,51.631511696481226,10174
17243,51.579804844049484,11478
53229,51.538948995363214,6470
12738,51.50181818181818,7700
12484,51.44358794674142,1427
7448,51.39051918735892,443
15116,51.35226264418811,1127
19321,51.34244946492271,841
13175,51.29732639511933,5573
15024,51.24307692307692,1300
14030,51.23197064649154,30797
13514,51.229760809567615,4348
7019,51.17256970610399,1327
17239,51.163412004312924,8347
18125,51.14581277186826,27357
68759,51.11556383970177,3219
67274,51.05862397964592,9433
6523,51.05597014925373,536
22103,51.04524361948956,862
54264,51.037410846454044,7431
14315,51.003080082135526,5844
15716,50.99364675984752,4722
61604,50.98027036901717,8211
15228,50.967795669072736,1801
68436,50.89971346704871,4886
18629,50.811688311688314,1078
2847,50.79829545454545,352
68817,50.7798628084838,12683
17647,50.778955823293174,12450
58214,50.77163391873877,17253
18049,50.75096525096525,518
64112,50.74759945130315,5103
12141,50.72734871280508,5982
12474,50.72657252888318,1558
22129,50.72079207920792,3030
64169,50.71638741315897,2447
28182,50.69726824899239,4466
55730,50.642836257309945,6840
18451,50.625042842454015,8753
58538,50.60813174001749,13724
58110,50.59928443649374,1677
64224,50.57163255592575,2101
68092,50.568370986920335,1682
74037,50.54481546572935,3414
19052,50.49404117009751,923
15634,50.4531990521327,1688
63573,50.42471235617809,5997
12811,50.32886984467059,1867
15510,50.32411504424779,1808
75724,50.321002386634845,6704
22411,50.25523012552301,1912
22601,50.248495270851244,1163
22179,50.24384787472036,894
6555,50.22652582159625,852
11013,50.1452394261226,10734
68187,50.09865005192108,963
17220,50.0778223495702,8725
64552,50.073902678446224,7131
12389,50.06448412698413,1008
12784,50.06161137440758,633
14006,50.05746474881315,14113
12413,50.052429667519185,7038
64591,50.03507049794753,11206
55581,49.9614181438999,5754
12728,49.9399222207322,7457
18638,49.92623521224774,1437
14864,49.89742212674543,5586
75729,49.88313193179937,6041
22896,49.85765379113018,2796
20976,49.853188929001206,1662
75749,49.851982724774246,5094
12815,49.8275746953764,5991
58531,49.81819026384244,10764
15120,49.809073850690254,14922
22938,49.73991769547325,1215
7314,49.72256728778468,483
63327,49.72145804676754,7270
67227,49.7142644431209,6716
14650,49.71382556987116,8072
18449,49.68448795180723,1328
18037,49.621696373693915,13016
22178,49.588240899561654,10494
54075,49.580975862963925,7706
22642,49.57955166757791,3658
54047,49.56037307789261,3967
15903,49.54259126700072,2794
12565,49.54184370958803,5413
14007,49.536208299430434,3687
63270,49.5227062094532,3237
14018,49.508849557522126,1808
22836,49.50472589792061,529
14617,49.49445095471152,14507
63564,49.46150097465887,6156
68443,49.45803940647045,16444
15081,49.4315407456285,6062
63288,49.4060599104786,8713
58304,49.35186129525752,9805
77606,49.344017452592716,11918
19269,49.34117647058824,3910
63330,49.33294392523364,856
12819,49.3290273556231,1316
12666,49.28919239904988,1684
20814,49.26301493888637,2209
16093,49.25635593220339,4720
20801,49.247667185069986,10288
22116,49.24047619047619,420
15001,49.2319587628866,1358
58303,49.18859150563191,9677
12450,49.18390804597701,1653
18522,49.158176544954266,13447
22437,49.148883374689824,403
75213,49.144351806441065,6117
68861,49.13537834123853,22559
22619,49.120558375634516,1576
68818,49.11890315971949,12691
54353,49.099011140317934,7989
68049,49.08557114228457,9980
14718,49.07457509538675,2883
12892,49.047760132732876,8438
68445,49.044014525419485,15972
58208,49.02945919793571,9301
12403,49.020597157911546,6263
12801,49.016592541909,11692
51886,48.95204749581367,6569
7234,48.943291839557396,723
12837,48.92753259779338,3988
78825,48.92703648175912,4002
63249,48.8542184529902,6839
56108,48.833108687660825,8161
2840,48.81614349775785,446
13138,48.78760255241568,1097
15103,48.76513730172267,5863
63368,48.75122763212651,12015
18186,48.71378708551483,1146
18312,48.699438202247194,356
68051,48.69574155653451,3405
22634,48.66599053414469,1479
12146,48.64923572003218,1243
64904,48.64589696599471,9822
64029,48.63784135240572,13842
5510,48.62125718818164,5043
64568,48.620535107972294,7363
12582,48.6161800486618,1644
22177,48.591584852734925,10695
63207,48.57440016476161,19422
12549,48.528183716075155,958
58206,48.50615269562853,14709
22114,48.48872702046479,2883
68177,48.48626953950148,2367
15643,48.47598253275109,1374
12225,48.460599668524935,6637
7717,48.45915354330709,2032
13225,48.45257971807855,7307
15609,48.43526682134571,2155
65118,48.433633045490964,11233
4190,48.43314216722004,3313
18035,48.40669265756985,15390
18181,48.395281018027575,7544
14680,48.33017015706806,6112
61127,48.307620990172445,5393
18422,48.29875,800
19484,48.27148910411622,9912
18182,48.260456273764255,7364
63378,48.21833648393195,11638
12335,48.2153961885657,3988
20403,48.16831108531631,5169
19305,48.11937984496124,1935
3250,48.1,4700
54325,48.0749972548589,9107
64601,48.051105948894055,9901
68425,48.04418828049952,10410
18046,48.03671783364781,19609
54332,48.02179836512261,734
22453,48.01733931240658,3345
64423,47.99559294871795,2496
18609,47.93096234309623,1434
68806,47.93027413587604,5034
22656,47.91158059467919,1278
17660,47.9086876155268,10820
63265,47.86626227614096,13848
64602,47.84364548494983,9568
12833,47.795958219800184,22020
16601,47.766961651917406,1017
12722,47.75778634152505,15829
11402,47.74633524537922,9414
63234,47.735950296526404,14164
12303,47.73136346079568,5178
64592,47.68336475446629,11139
14223,47.67624368183027,7518
13031,47.66439274812691,43244
64955,47.66034359341446,2794
64281,47.62873497424156,8735
16368,47.61932418162619,1894
10105,47.59639855942377,12495
64533,47.58311588641596,6515
13156,47.580462724935735,1945
61619,47.57905564263323,10208
6540,47.56388088376561,1041
74676,47.49742179443108,5818
68186,47.48531011969532,919
18011,47.47873034277846,13799
19168,47.46236854138089,10935
53372,47.4235807860262,5725
64401,47.422970734400884,1811
14854,47.40401424409194,6178
65115,47.39649396182314,12835
15528,47.38716744913928,15975
68047,47.38120380147835,1894
12486,47.3617900172117,2905
7131,47.358695652173914,552
7445,47.35036496350365,2466
75222,47.3497772119669,3142
68019,47.34184397163121,4230
15159,47.33766056299535,14636
63379,47.288960194258955,11531
12382,47.2815592203898,3335
12536,47.27900552486188,1448
12741,47.27001862197393,1074
12766,47.25766871165644,2445
12883,47.241139846743295,4176
54032,47.23854920008766,9126
63346,47.19108280254777,7693
11301,47.17946110828673,11802
12762,47.16971713810316,1202
12395,47.16169724770642,872
10106,47.156817273090766,12505
18105,47.154248892468786,2483
54421,47.13836285888821,6548
15068,47.12275064267352,1556
64031,47.07319653056907,4727
58103,47.03111387678905,1607
58501,47.02313797313797,16380
58818,47.01507064364207,3185
75269,47.000507743082004,3939
61102,46.99922196287651,8997
11098,46.9828431372549,1632
14612,46.848659003831415,522
19166,46.79111333000499,10015
8008,46.75981055480379,1478
64541,46.69376143060354,4921
22541,46.66340933767644,921
22584,46.621087314662276,1214
54033,46.61339198435973,10230
13173,46.60685905478879,9564
55142,46.60012765278443,6267
63206,46.59806438870235,10126
22199,46.588907014681894,613
17016,46.569787516600265,15060
61121,46.56543837357052,4722
56905,46.511377633711504,15425
22419,46.50261569416499,2485
68862,46.46265688527488,22628
77655,46.448926633640006,4239
17257,46.44022523823275,6926
68751,46.3790658882402,2398
15617,46.37757800105764,1891
53240,46.372598767669444,2759
63392,46.36671117044949,2247
63220,46.32874632248268,10537
13009,46.32854480509396,25756
14152,46.32673267326733,707
20151,46.326653306613224,499
54101,46.27884002549394,12552
78824,46.23899848254932,3954
68407,46.22889852805233,14063
75235,46.20976253298153,5306
75105,46.20971278228458,9122
75262,46.20847302651631,6562
12750,46.204556630060644,6101
18413,46.181664196485286,4723
14050,46.1621052631579,950
18415,46.13117782909931,10825
17409,46.10482529118136,3005
12895,46.09073359073359,518
17260,46.07615314621684,14287
54086,46.07371239565286,6349
63075,46.04899683210137,4735
68719,46.01114206128134,5385
15641,46.00720720720721,555
67770,45.99947726084684,1913
64581,45.961099137931036,9280
12704,45.94645120405577,9468
17244,45.92599822537711,11270
22352,45.904885993485344,1535
54309,45.84859133222366,16221
6539,45.83131407269338,1073
64610,45.82046941999548,8862
12318,45.78536585365854,2460
61007,45.71758715236976,2553
67201,45.68520757758968,4962
18610,45.662212323682255,1347
22486,45.662049861495845,1444
22718,45.59769319492503,4335
68711,45.561398082276526,3233
12498,45.561246773873336,5037
25013,45.560088202866595,907
12424,45.537792083929425,8388
14814,45.497987053994315,25336
12356,45.47970479704797,1897
18626,45.4655737704918,17995
68180,45.43533969010727,3356
18044,45.42784651744752,14386
12618,45.40295439948619,15570
63571,45.38864281658149,8805
53212,45.35838908566181,7623
12646,45.35255474452555,1370
17620,45.35227272727273,352
7018,45.34476987447699,1195
12414,45.310009585102016,7303
11417,45.28534167970788,9585
64432,45.25763440860215,2325
11079,45.2480995162405,1447
20471,45.214665249734324,1882
54057,45.21375404530745,6180
18013,45.13834370512207,4178
13302,45.12583357494926,3449
17234,45.10944496511507,9603
15946,45.08643057503506,5704
55035,45.05458399576047,9435
22132,44.915522703273496,947
19271,44.913329676357655,3646
12178,44.91237987563595,1769
22416,44.90860215053763,1116
22611,44.907072368421055,1216
19609,44.89863383369877,5929
22860,44.89861751152074,1085
12295,44.89690639451443,12542
12406,44.88046054859465,2953
12705,44.877649154051646,5615
12179,44.84841628959276,4420
19422,44.82653766413269,1447
20975,44.79427235534775,1711
63348,44.78755204441123,9367
68426,44.78689635149521,10333
7153,44.769295302013425,1192
22431,44.75942261427426,1247
67767,44.75114291393361,5031
58218,44.742193755004,4996
63386,44.72204037097654,7332
15082,44.706355723435706,6089
12836,44.69872958257713,2755
13229,44.696644295302015,745
11097,44.69334112149533,1712
54417,44.66636113657195,6546
22167,44.63923633969717,1519
15097,44.62641509433962,1590
64625,44.60699619771863,6575
64152,44.60036832412523,7602
12226,44.57047913446677,6470
12806,44.562545191612436,8298
18201,44.55865711052433,2651
63354,44.5559265442404,599
20940,44.53862660944206,932
11651,44.529944155594066,5193
55137,44.51572700296736,8425
22193,44.49793559042114,1211
13165,44.49226804123711,776
53374,44.49134766649187,5721
75761,44.45988995076745,6906
11080,44.450980392156865,1428
12777,44.43904448105437,1214
12409,44.40858416945373,8970
11071,44.39875106443372,17615
57203,44.39140318247572,4839
63229,44.38644410723318,7908
53202,44.36818687430478,899
12571,44.358960176991154,1808
19202,44.34848484848485,660
12616,44.34211107024642,13595
75708,44.34041025641026,9750
11124,44.25647395362842,13284
12756,44.254320987654324,1620
78812,44.23052564914503,3158
18104,44.22748592870544,2132
68422,44.212414383561644,11680
54037,44.21165974465467,6501
61108,44.205622932745314,3628
63263,44.15077486009471,9292
12453,44.14542190305207,557
74903,44.131566925536774,6567
51704,44.10385259631491,6567
12874,44.06976744186046,2451
12938,44.0427435387674,1006
75240,43.96908375491849,3558
74831,43.93465227817746,6672
58660,43.92168674698795,5976
53027,43.91262504748639,7897
56107,43.91156211562116,8130
11061,43.90345169486274,16137
12319,43.900442477876105,904
15030,43.856463878327,1052
73435,43.81420173267327,6464
7605,43.79434447300771,1167
13435,43.79403409090909,704
15636,43.7887323943662,2201
13201,43.787660221594614,23015
17661,43.72990517622268,29423
22921,43.67444120505345,1029
17014,43.64283108354615,2741
67769,43.613861386138616,1818
14208,43.593153494241996,6339
75760,43.57504587155963,5450
15505,43.55896007428041,1077
22811,43.529865125240846,1557
58659,43.52925961849337,6186
14003,43.50707290533188,1838
12978,43.485975609756096,1640
15017,43.45997165418101,24695
12312,43.42697015541191,14542
54614,43.425609553823186,6029
13235,43.41516284036305,9365
13025,43.394922425952046,1418
12362,43.38863000931966,1073
13238,43.38449402749605,4437
64221,43.37258432361061,8331
17252,43.3369077964314,11377
15014,43.33326015367728,13665
14124,43.32721712538226,5559
16339,43.31179361179361,8140
12987,43.30420841683367,7485
12418,43.289260385005065,1974
18176,43.2892162133104,9301
61603,43.28339372735224,8003
22355,43.270795385549484,1647
20924,43.252497729336966,1101
15051,43.233755274261604,1185
12749,43.22147651006711,6109
15623,43.12621359223301,2163
14016,43.11159346271706,3916
17629,43.10963529941468,4442
20494,43.06956521739131,3105
12495,43.0609756097561,1066
16225,43.04685573366215,5677
22455,43.04651162790697,1677
17206,43.01185302252074,5062
22909,42.98518518518519,1350
20820,42.983996120271584,2062
73429,42.98199474003641,4943
64589,42.977438762354964,4654
77634,42.964180085441996,3043
63326,42.95294260700389,8224
19615,42.941402908468774,2338
16318,42.94137542277339,3548
53261,42.93154920567225,9379
58204,42.9141249629849,10131
13348,42.905173173526045,11347
78818,42.87254390540775,5751
12322,42.85525383707202,16940
18512,42.85443037974684,1106
15642,42.85401459854015,548
63282,42.85315186246418,1396
12780,42.84865238424326,11576
64021,42.847642079806526,9097
51908,42.78067575577949,1687
22914,42.76635514018692,856
63315,42.76291600633915,12620
55345,42.743790917593266,19246
57601,42.73936430317848,6135
6181,42.711148648648646,1184
13510,42.68796296296296,1080
14207,42.66594494277761,6466
12137,42.65057905208918,19601
77614,42.64476605542308,12161
13150,42.640698329266,10654
18504,42.61197703035275,1219
17662,42.60095810824585,29433
11029,42.581714827096164,10555
54085,42.58052846807172,6358
75719,42.558411826268966,15288
15723,42.53605560382276,3453
12358,42.52338244714927,1561
18206,42.5210970464135,1422
55818,42.496613995485326,7974
22443,42.48309608540925,1124
18120,42.47639484978541,932
12560,42.46942675159236,1570
68710,42.44838761951061,6171
14023,42.41379310344828,4234
18616,42.38716022889842,5592
11405,42.37827536922344,2099
11034,42.36886854153041,1529
63544,42.351960784313725,6120
16584,42.30936947554508,3394
15668,42.3070516379789,1801
12873,42.28468612554978,2501
63328,42.2759298245614,7125
22160,42.24314263322884,10208
13334,42.222116663499904,5263
11004,42.21878011840837,7263
74641,42.21166791323859,4011
19414,42.19025367156208,1498
64611,42.163566034260455,10858
12505,42.15489078822412,10530
20452,42.13972784600066,3013
58532,42.129814814814814,10800
12622,42.081425536936514,4237
13307,42.068239820958816,25469
61617,42.05758029622233,12018
18184,42.04178082191781,13140
68729,42.01234567901235,5346
64464,42.00491187518058,6922
11016,41.97433366238894,1013
68726,41.96464492532765,3281
12133,41.9451508825204,5269
58528,41.941520467836256,19152
12275,41.94086021505376,372
64461,41.937441002317,11653
11401,41.90919836664518,9306
67204,41.89143844066124,4053
75236,41.850192061459666,5467
19051,41.84299262381454,949
63543,41.83768913342504,6543
1211,41.8263224408738,5539
12201,41.818444995864354,2418
12410,41.801161103047896,8957
64551,41.79957114026236,7928
75756,41.79186515207036,5458
16317,41.77360165729506,3379
51902,41.724780316344464,2845
67771,41.720920413763984,4737
15933,41.684494602551524,2038
16311,41.66998850134151,2609
78814,41.66953496887587,5462
63232,41.66826923076923,8736
17435,41.66446661550268,6515
57652,41.627292212431534,12597
22146,41.58373590982286,1242
22478,41.58165137614679,2180
54423,41.571636363636365,5500
22417,41.5206847360913,1402
22438,41.51139240506329,395
3249,41.50817236255572,4711
12208,41.486666666666665,450
57405,41.484709480122326,11772
1478,41.47610294117647,544
17013,41.43706164636397,2709
22867,41.4322188449848,1645
10116,41.43184796854521,1526
18314,41.411167512690355,591
22692,41.40901028733593,5638
64587,41.39667076515653,10573
18418,41.386673701665785,13267
67768,41.38285714285714,5075
12108,41.373652133145804,2133
12232,41.367852161785216,5736
12336,41.36274509803921,3876
12476,41.361565420560744,1712
63546,41.36127210581067,6729
13151,41.36025692225772,30048
13121,41.343832020997375,762
9625,41.30631399317406,1172
15567,41.30628803245436,986
64523,41.29649805447471,3855
15293,41.28871391076115,381
68735,41.28763971071663,6084
68734,41.28121526491293,5398
53053,41.280163360560095,8570
11841,41.27464114832536,9405
51707,41.25986488561339,13026
22654,41.25495376486129,1514
56615,41.24273596823678,11082
63569,41.22165555119655,5098
64564,41.19690887193898,9964
18503,41.19360131255127,1219
15205,41.192938559911035,7194
75744,41.17805755395683,11676
15552,41.178,500
68412,41.17608307280036,8956
12448,41.171531966224364,4145
15551,41.16468253968254,504
22441,41.15793103448276,4350
64563,41.15368196371398,10307
15631,41.12090163934426,1464
12948,41.114725274725274,2275
77633,41.05324675324675,3080
63296,41.04988376598218,10324
22149,41.0275369709332,1961
63292,41.025469418107456,5379
55708,41.01224018475751,8660
53234,41.00467914438503,2992
19313,41.00221116639027,1809
12764,40.991618969746526,4892
18410,40.92950438361066,5589
12740,40.92721601247725,3847
54031,40.8701399688958,6430
22360,40.84325396825397,1008
13246,40.81771002270516,6166
22907,40.80713489409142,897
75214,40.75444317625958,6133
12620,40.735100210970465,7584
64512,40.71174230729649,9717
12143,40.708160442600274,723
13245,40.687102473498236,5660
15049,40.68383725270623,2679
63301,40.68059568793065,8998
73443,40.63651097686754,6787
12485,40.53349531412704,2881
13333,40.47066420664207,5420
56520,40.441272965879264,9144
63323,40.43829535365493,6758
64606,40.43064762876084,3922
4189,40.42822966507177,3344
22644,40.419127988748244,4266
57404,40.41864318102546,11468
64204,40.39,4600
63322,40.3821892393321,8624
12493,40.36229946524064,748
54341,40.34972752043597,7340
64255,40.34972353870458,5064
18516,40.34614328849849,3643
64613,40.33896884169345,7157
22427,40.31349206349206,504
50104,40.31171051381897,10529
12183,40.309328968903436,1833
64091,40.29037916610444,7411
53641,40.26872964169381,3070
63204,40.21582278481013,3160
75258,40.21490604768672,6333
20847,40.18266779949023,1177
20852,40.160506863780356,947
17208,40.141153081510936,1509
75601,40.09913384333312,15817
74918,40.09850863422292,2548
77654,40.093023255813954,4300
13106,40.034846707991285,11938
68438,40.028198757763974,8050
20906,40.00228050171037,877
75218,39.98080015132886,10573
22612,39.97435897435897,1209
22972,39.94673768308922,751
75115,39.93998441153546,6415
17232,39.928760894278135,2639
24204,39.91724526177519,5329
54263,39.90419161676647,7348
16593,39.89603405780865,13389
12439,39.86782006920415,1445
77653,39.864715759174864,4169
65105,39.861031833150385,4555
22119,39.85920577617328,1939
15129,39.857589006870704,4803
12142,39.837673611111114,5760
18008,39.83443708609271,2265
18631,39.81900452488688,1989
17688,39.810384356035065,7415
12761,39.80906713164778,1147
50103,39.79971414959505,10495
14232,39.76359492022143,3071
13248,39.73752981437312,9643
14805,39.724137931034484,1711
63329,39.717003567181926,841
17664,39.71464779807794,9469
64012,39.70219378427788,5470
12721,39.69345977763244,15290
12648,39.68089887640449,1335
63224,39.67725467952354,3526
64534,39.649962682588765,9379
12896,39.643968871595334,514
12396,39.62443438914027,884
17609,39.59605399792316,963
14085,39.59256097560976,8200
57653,39.58473154362416,10728
15135,39.544444444444444,180
12792,39.53400781328258,9983
22706,39.42663656884876,443
54054,39.39325068870524,4356
11201,39.37052117263843,3684
13282,39.36390017411492,1723
12478,39.34867663981588,1738
16594,39.34327217125382,13080
22475,39.32050657574282,2053
14731,39.303659742828884,7077
22879,39.30342275670675,1081
16334,39.27958152958153,2772
12791,39.27454747699464,9889
12184,39.26929303831624,1853
82501,39.250831669993346,1503
11755,39.247653106839515,2237
53340,39.23159144893112,3368
18107,39.21830343569474,6578
13420,39.21593951803434,6349
22970,39.20762711864407,1180
13309,39.19064229011306,8314
15589,39.16589861751152,217
63374,39.15046439628483,11305
15616,39.14284352963598,10494
63073,39.13813623702203,7898
64223,39.13461538461539,2132
17207,39.108217592592595,1728
11014,39.107162284678154,11030
18048,39.09860156435174,8438
11116,39.096174334140436,10325
17663,39.07376263970197,9395
22141,39.06868686868687,495
15236,39.05223880597015,536
67262,39.032155701290456,4727
22874,39.00714285714286,840
12324,39.00429017160686,2564
14305,38.990595611285265,12441
15065,38.963734821135546,6094
64536,38.94965675057208,6555
15136,38.94252873563219,174
63555,38.90600983707347,13012
11409,38.90273935932899,11207
11081,38.893382352941174,1088
15626,38.88658008658009,1155
22151,38.8833481745325,1123
12249,38.88301043219076,1342
64906,38.859339592101,6178
15610,38.85802176999527,2113
68448,38.848535813217254,10108
15004,38.845226521485515,10286
51712,38.798280626343264,3257
64114,38.784083124000915,8758
13429,38.78181818181818,1320
54291,38.78016781083143,6555
68741,38.74983943481053,6228
12176,38.723993558776165,3105
57655,38.71056309083436,12165
75212,38.693588676103246,7206
74017,38.68867155664222,2454
74014,38.67109352924555,3539
61107,38.647075055187635,3624
64154,38.633817163228926,3927
17002,38.6203605514316,1886
12807,38.60049875311721,10025
63519,38.594300443935275,13966
75207,38.58145742503781,11239
14720,38.57862728062554,1151
14008,38.57442235357335,3722
57301,38.55163584637269,10545
75208,38.541666666666664,11304
65134,38.5277916875313,1997
11114,38.52746969306165,7754
18115,38.51950100372813,13948
13350,38.50205457802128,9491
64025,38.46028231386659,3613
17614,38.447303489601694,5674
12769,38.4466472303207,1715
54052,38.42468989958653,3386
14310,38.417704011065005,2892
24203,38.39467807964272,5374
12138,38.39091822170534,18917
55823,38.384916748285995,1021
19577,38.36928487690504,3412
9036,38.343529411764706,425
64027,38.318513399370346,13023
68023,38.317511744694635,6173
20103,38.31249163207926,7469
54342,38.31241655540721,7490
12714,38.30122193805058,3519
11056,38.29650924024641,4870
64452,38.29251101321586,10215
74003,38.27928757868877,6513
12854,38.24630917230213,10499
55111,38.240471512770135,5090
17020,38.23514538558786,2373
12440,38.23435326842837,1438
63369,38.19932049830125,4415
12772,38.196594427244584,2584
78815,38.138238318290874,8753
63321,38.116418235230114,9191
64001,38.11434108527132,6192
73430,38.1074319352465,5436
18112,38.087393269713715,1991
7192,38.0870607028754,1252
5509,38.07997582594682,4964
22710,38.07518796992481,1330
19165,38.06542802916792,10011
15294,38.06282722513089,382
12316,38.046387154326496,1121
22808,38.02357456140351,1824
20962,38.01754385964912,1083
19006,38.00446469248291,10975
75261,38.00384852216749,6496
12251,38.00180261379,2219
17201,37.97724246459266,8261
12755,37.96922148461074,1657
65119,37.96715328467153,5480
18615,37.9411561691113,5795
22186,37.92919254658385,805
12144,37.92706872370267,713
64903,37.90611286866007,9799
12788,37.868281471004245,5656
20963,37.861239592969476,1081
1023,37.85572842998585,7777
15011,37.84843400447427,7152
19314,37.83287062742921,1801
12650,37.80869565217391,5060
20891,37.80359246171967,3396
15620,37.8,795
64425,37.72804834696054,2813
22633,37.71543086172345,1497
65120,37.6882183908046,5568
20872,37.68725361366623,1522
68733,37.66753294969371,5387
17268,37.63128038897893,6170
64590,37.63121783876501,4664
22449,37.60622568093385,1285
11020,37.60427174792951,16059
22476,37.57449856733524,2094
18464,37.56748056365403,16464
16547,37.55103497501784,1401
15012,37.54302375195562,7031
64451,37.538672350791714,6568
12276,37.5364238410596,302
64220,37.51820388349515,2472
12821,37.51677958090436,6347
12317,37.50470347648262,2445
75239,37.48895605673099,4301
12868,37.484199796126404,981
51705,37.47823411782802,6501
74013,37.476470588235294,3570
18621,37.46132279852173,15694
63271,37.44533280031981,5003
63583,37.43165572574763,6855
12472,37.41708701134931,6344
63309,37.40046029919448,10428
14118,37.38449111470113,11761
68747,37.36586270871985,13475
12164,37.34614955979048,8973
18311,37.33988764044944,356
56912,37.32994417862839,10032
54292,37.325031525851195,6344
12325,37.29284903518729,881
15272,37.29131175468484,587
12173,37.28101644245142,1338
18019,37.27347527968242,13855
64607,37.2619926199262,9485
12211,37.25672043010753,744
22171,37.24480369515012,433
22142,37.2317880794702,453
63389,37.22551153678712,2297
15203,37.20687226048842,12776
11085,37.18733850129199,774
17256,37.185092961487385,6024
11025,37.10045792787636,6988
55503,37.08465608465608,3213
58816,37.08198792643549,7123
20501,37.04564755838641,942
15504,37.04545454545455,198
11140,37.0359574096701,5729
17022,37.03294117647059,425
68053,37.02982317234099,3789
64214,36.99622222222222,4500
68182,36.98940914158305,1794
15075,36.972654081066075,7204
22918,36.96626686656672,1334
14201,36.96202824727946,4319
54638,36.95996860282575,2548
13214,36.95812726673261,3033
13436,36.95658263305322,714
74920,36.94893173527879,1919
17202,36.94569332702319,8452
58207,36.92835365853659,9184
64932,36.90758900021317,9382
22359,36.90643274853801,1026
74910,36.905017355632694,6338
19670,36.88898999090082,1099
14236,36.8293127479361,9327
12198,36.80561259411362,4383
68401,36.804253643166604,5078
26471,36.8014705882353,952
15013,36.79915916801888,13558
16572,36.79571561626824,3221
71411,36.752761413843885,5432
59552,36.74027538726334,5810
61120,36.73970671178793,7092
22895,36.724890829694324,2748
18108,36.714065866420434,6498
13508,36.675324675324674,770
12851,36.659383033419026,778
58406,36.637494021999046,4182
51971,36.624056094929884,5562
12642,36.61849957374254,2346
20942,36.60833041652083,2857
54352,36.59041211101766,9512
17004,36.56435643564357,6767
15076,36.54087963601268,7253
12320,36.528898582333696,917
12192,36.52668317946409,8882
16788,36.50645262826566,3177
12720,36.50448275862069,2900
51909,36.50207468879668,1687
16734,36.49979398434281,2427
10104,36.48113730929265,7210
19301,36.4802671523983,1647
17057,36.47398358821335,10724
67228,36.449474774374906,6759
20812,36.43832153690597,1978
22222,36.43055170501802,3607
55112,36.40786338363781,5036
17210,36.403287583785506,12532
71431,36.39393939393939,1089
18203,36.39121951219512,2050
68025,36.36204804659064,4121
58027,36.34837457544881,2061
63052,36.33115577889447,3980
2898,36.31304347826087,345
75215,36.310882070949184,4172
19801,36.309859154929576,142
14307,36.270826249574974,5882
13554,36.257359616132796,30844
77635,36.248266754704524,3029
12581,36.24361820199778,1802
17209,36.2296082209377,12456
22908,36.22103004291846,932
14101,36.2177485620378,4868
18304,36.203513909224014,5464
65114,36.1897586344846,7499
14206,36.17595002602811,3842
13213,36.170294494238156,3124
15204,36.14970287978059,13126
64472,36.13239169389691,9487
22674,36.12742382271468,2166
63365,36.12630288166769,3262
15115,36.12532188841202,1165
13176,36.11269614835949,5608
58203,36.10745440126883,10088
11110,36.106017191977074,3490
14229,36.077398255813954,2752
63254,36.070686494194334,9818
74012,36.06210372297188,6151
51706,36.035286897821415,6518
50107,36.02586485612674,3093
55337,36.01287760259959,8309
17323,36.010802469135804,1296
17281,35.994840294840294,8140
54354,35.93890805764157,9854
12776,35.935064935064936,1925
12427,35.930734966592425,4490
66035,35.926397735314936,4239
58819,35.89461859420135,9347
13105,35.88098189933052,12099
73402,35.878149867374006,6032
67241,35.85530711899255,3891
66036,35.7954652810581,4234
64203,35.78430512932924,4562
64175,35.77278363298202,3226
12188,35.77135461604832,2318
19489,35.76089350322479,6357
14211,35.73045330088226,6574
20897,35.71287976037655,2337
18573,35.701429327686604,1889
15667,35.693053311793214,1857
16335,35.68971389645777,2936
54621,35.67488959951272,6567
20968,35.667353951890036,1455
22485,35.65220433869839,1429
17419,35.646196150320804,1091
68188,35.63952333664349,1007
12781,35.63312883435583,1630
22534,35.62422360248447,1288
63293,35.590204587724735,6452
75754,35.58594766517276,6917
22872,35.57900207900208,962
22688,35.57391552511415,3504
12862,35.56720009625797,8311
13306,35.555022156573116,10832
22157,35.53411384739604,12385
22974,35.52210088403536,1923
19032,35.51811003885199,15958
12470,35.503236245954696,1236
13212,35.5001572821642,6358
64616,35.495987158908505,4361
12321,35.47697606961567,16548
16336,35.434845735027224,2755
64588,35.43289681434011,10767
75204,35.403331700146985,10205
64462,35.3862797286855,11647
15960,35.378430963796816,14391
66560,35.36262959472196,8488
12355,35.342091434576986,1903
64222,35.33533870773673,8311
15074,35.32668416447944,5715
55081,35.32024756852343,5655
65107,35.31926496739775,8435
13347,35.298842511399506,11404
64532,35.29850448654038,5015
12393,35.2973576479345,2687
75705,35.285069075451645,3764
13127,35.2848070346849,2047
11139,35.26535321263756,5634
18521,35.259027205276176,12130
54308,35.24604802703029,8287
19167,35.23597661246117,10946
74004,35.221303948576676,6534
55085,35.220776465596494,14141
55108,35.197292993630576,6280
12942,35.193161367726454,1667
22544,35.186252771618626,902
17426,35.18333333333333,240
22913,35.17790697674418,860
22480,35.16754051477598,4196
14661,35.12291498907167,17386
54613,35.1113088497007,6181
15625,35.10689655172414,1160
19483,35.04135113591072,10036
14303,35.03704886617694,6262
18106,35.036914143508916,2411
67760,35.03473206691239,7054
67764,35.03390166534496,5044
22312,35.01135331516803,2202
63312,35.00959426655878,8651
63289,34.98978966714315,4897
11045,34.98383262006657,2103
4704,34.98363095238095,672
75249,34.97978547854785,2424
12603,34.97607223476298,6645
61117,34.92211020577268,7241
20657,34.91836734693877,980
20688,34.915520628683694,509
66550,34.896301775147926,6760
55083,34.8957345971564,9706
15662,34.89195402298851,1305
68749,34.88668430335097,9072
11428,34.88216216216216,925
77601,34.870289855072464,4140
67273,34.867717391304346,9200
61015,34.859267734553775,4370
20415,34.85918367346939,490
22653,34.85016077170418,1555
68739,34.845818014705884,8704
15201,34.84324915007285,8236
20504,34.83613239849992,6133
15611,34.83552447552447,3575
55139,34.81937257438551,12368
53441,34.79016312407316,12138
18518,34.77932777829791,10681
11040,34.767914217960616,19398
54463,34.75476520850069,13693
17301,34.73412808428056,7214
63385,34.729537927771645,6341
68437,34.72115624221281,8026
10108,34.71889400921659,6727
18613,34.70559461938245,3271
12804,34.69510348308935,1981
58502,34.68217246072003,16166
13045,34.65004096681688,9764
53233,34.62759301942707,3037
11753,34.61494796594134,2114
64609,34.60248100134108,8948
11705,34.59254099239096,9331
22684,34.58434894162925,1559
11601,34.54628879892038,11115
20475,34.519242155121376,1689
22883,34.489494163424126,1285
22324,34.474708171206224,514
18420,34.47184773988898,1261
20407,34.47014925373134,402
20473,34.44865594421325,8891
18635,34.44807568264889,4651
15031,34.44197341513292,3912
15104,34.436180422264876,6252
55585,34.40203083866115,2659
63063,34.391129032258064,12400
54155,34.3625296605798,9693
16220,34.354559155990955,10616
12432,34.3534619032564,3163
19713,34.344356955380576,1905
19260,34.33737185461323,2146
64651,34.33502945902517,7468
19578,34.318960425280565,3386
22818,34.30271216097988,1143
12175,34.29037467700258,3096
22602,34.25863453815261,1245
64035,34.24912280701754,285
22646,34.23960784313726,2550
22123,34.23411978221416,551
64516,34.23281496506649,4437
65113,34.21967963386728,7429
12416,34.201375775559754,7414
12649,34.19895287958115,5157
74675,34.180646402462486,5198
15612,34.162283156127586,3574
4828,34.14408602150537,465
58201,34.124722016308375,5396
17033,34.10879218472469,11260
12207,34.10698689956332,458
12447,34.09995340167754,4292
11421,34.06709065968325,8019
55605,34.04545454545455,1892
12760,34.03574110226761,6659
63235,34.035105485232066,5925
52476,34.022158342316445,8349
55804,33.98837038127484,6793
12596,33.98535871156662,683
75104,33.977729601892,5074
75219,33.9701027717222,3211
12732,33.94584382871537,1588
54392,33.89393015762431,11483
15073,33.88817279219648,5741
67221,33.884845693228925,2171
12572,33.875,1800
22467,33.85795454545455,704
12477,33.84872979214781,1732
68449,33.83873398643557,7962
20112,33.83340608176924,6873
22190,33.83047357584077,4371
13208,33.81350120272276,19539
12381,33.80875440658049,3404
63356,33.80408779468122,8611
64151,33.79607010090282,7532
11077,33.76803761314702,22758
12177,33.76491228070176,1710
63509,33.7616245811882,12237
64504,33.74852320675105,4740
12103,33.743801652892564,726
20408,33.739583333333336,384
20862,33.71878121878122,2002
11418,33.70938192067646,9934
74011,33.70442792501616,6188
22890,33.69796557120501,639
63342,33.661387849121795,10419
22912,33.656772800863465,5559
75759,33.6542994325622,6873
77645,33.6497341996456,5079
20451,33.645390070921984,3102
57657,33.61869918699187,3690
14113,33.60931125509959,8334
20840,33.608982826948484,757
54036,33.58789493719071,13135
15009,33.58379303785429,10514
22673,33.576122165664046,2161
12715,33.571640840585864,14133
18236,33.56697725072604,16528
12778,33.553264604811,1164
12163,33.54255435376379,9153
12904,33.532087533808706,12201
12886,33.52421652421653,4212
22425,33.518175809649705,1513
68127,33.5071664829107,1814
55729,33.50445632798574,6732
14320,33.4814422057264,943
13044,33.47305674773486,2097
68808,33.472042812327,5419
68138,33.454198473282446,2096
13332,33.44265187799345,7934
63366,33.43641881638847,3295
22820,33.43427025982807,10353
54790,33.42024173196972,15058
55106,33.40270242604156,9769
12421,33.39598393574297,1245
12669,33.38210347752332,2358
12135,33.37205270457698,2884
13211,33.36435083307136,6362
16353,33.359915314043754,1417
18118,33.35298906722494,8598
4711,33.35058823529412,1275
20434,33.336130306021715,10130
12115,33.30817799158148,3326
54034,33.30507471519456,6759
15027,33.294663688260115,20145
55312,33.28799691981904,10389
12487,33.23900651465798,7368
11003,33.227043252831216,7329
69157,33.213213213213216,5661
58202,33.18551532033426,5385
22497,33.18010204081633,1960
55809,33.15413867410318,7889
8012,33.15308641975309,1215
15007,33.150422982023265,11348
15010,33.15016548463357,10575
13202,33.14733499659787,22045
16381,33.121030855889536,20061
12497,33.120232708468,4641
55702,33.11724234765515,7122
11406,33.11588180978762,2166
68709,33.104242979242976,6552
15703,33.09277439623012,10186
15058,33.09121621621622,296
12664,33.068540623796686,2597
15028,33.05244809023328,19505
22732,33.042743793191704,7814
74020,33.04122278832793,4318
16530,33.030829374505146,20208
64565,33.01371375977911,10865
55069,32.97751756440281,6405
17029,32.90147012824523,12788
67773,32.88540540540541,3700
63316,32.88175040066894,14351
20915,32.869791666666664,576
22647,32.83771929824562,5016
13236,32.812270864783265,9274
17646,32.79368366554491,7726
18530,32.79360122554796,16972
55346,32.7908139353226,19203
13166,32.786472148541115,754
61106,32.7833081950729,3978
12397,32.76666054709014,5447
19308,32.76600209863589,2859
22655,32.75449569976544,1279
15267,32.75202354672553,1359
18409,32.73487544483986,5620
17267,32.720264317180614,6356
12148,32.69914853358562,1057
58033,32.69380263442021,4631
15206,32.67741485203797,7164
12805,32.66634394287789,8263
13545,32.63947278718327,17602
63333,32.63898500576701,2601
64615,32.63752615670774,4301
16565,32.637462235649544,993
12518,32.63191763191763,777
11092,32.62568093385214,1285
18526,32.62128892107169,4143
12180,32.62008537407324,4451
55802,32.61036999748301,7946
12354,32.60763520678685,943
15550,32.60319177711658,3697
22189,32.59952718676123,4230
12107,32.59232954545455,2112
18237,32.568718228031955,33048
12423,32.56251466103683,8526
53024,32.55621301775148,676
13122,32.547872340425535,752
22409,32.53658536585366,492
10216,32.53529411764706,680
17247,32.531230987629286,9862
22631,32.524537037037035,2160
18519,32.523640806353086,8185
13043,32.522409638554215,2075
12844,32.51782363977486,9594
22737,32.51696770662288,3654
16382,32.49854749685291,20654
63318,32.49551142546246,7352
54635,32.48153375676311,4251
15234,32.47305389221557,1002
63219,32.4625134264232,9310
8186,32.42889390519187,886
12843,32.40459215768505,9538
12405,32.395937395937395,3003
55109,32.395111386138616,9696
75257,32.39405487804878,6560
12757,32.38462876021561,5751
22197,32.378616352201256,795
12604,32.37728225082311,6682
63593,32.3758573388203,5103
69188,32.37123884623366,4819
12794,32.36634926867576,10187
77638,32.36283783783784,2960
53351,32.354883081155435,11632
18574,32.34735761929195,1949
15618,32.3374529822676,1861
18119,32.322894168466526,926
68030,32.306958762886595,3880
20931,32.287747524752476,1616
63290,32.26208802052496,5067
57606,32.24988366682178,4298
54024,32.24596464258263,9107
12003,32.242434662998626,2908
16583,32.22470475582509,3133
18010,32.213733905579396,1165
13415,32.17400204708291,2931
67776,32.16965490649701,5187
58222,32.15978806469604,7172
67260,32.151008403361345,11900
14316,32.14791272977152,5821
12147,32.14780168381665,1069
22852,32.13096926713948,2115
57656,32.11639711958446,8471
63363,32.083230958230956,3256
22645,32.08091123330715,2546
12707,32.0772025431426,3303
75758,32.05538755371638,6283
12748,32.04535274356103,5358
12813,31.992486851990986,2662
67207,31.98782911077993,4026
13181,31.96528555431131,893
51821,31.957761351636748,947
20803,31.94187675070028,1428
6919,31.936150234741785,7455
55769,31.931219110378912,7284
51119,31.931208053691275,596
17231,31.923076923076923,2639
64002,31.920434289418246,6171
16520,31.920248488918737,5956
74671,31.9018593371059,6185
13029,31.881116751269037,19700
68813,31.869633099141296,6405
74015,31.860421369450716,5316
19607,31.851204819277108,1660
12231,31.84361348942862,5723
66583,31.841888714733543,5104
16511,31.81835811247576,6188
15047,31.77400703871292,3978
67763,31.748757702246074,5031
12853,31.73820395738204,10512
74991,31.723083739477183,9028
65306,31.720631786771964,3039
15559,31.71193709792709,1399
64024,31.678876342605342,3631
14318,31.67030784508441,3021
16602,31.644281217208814,953
59629,31.636548636548635,2457
63364,31.629819277108435,3320
58104,31.629652605459057,1612
13030,31.615613342704222,18497
12167,31.57576343254735,5174
75602,31.54746915134727,15884
11115,31.532080924855492,10380
68724,31.508291554184343,7779
63338,31.48414618617089,7853
12481,31.4702030124427,6108
63594,31.46526399364827,5038
63201,31.464510050251256,3184
14086,31.428986208565206,8266
11422,31.421089548749123,8554
68424,31.417171006333568,7105
63332,31.382235528942115,1002
22606,31.375557303960136,3813
61611,31.372838776414955,6767
12557,31.35741046006294,6673
68420,31.33718526869598,10644
22108,31.330446672743847,2194
64645,31.32814224402207,8155
13027,31.309563478840385,3001
64471,31.30552626028264,9482
22183,31.297323600973236,2055
18517,31.292087542087543,10692
52456,31.290643662906437,1507
15271,31.280467445742904,599
11703,31.236473583704647,3142
18611,31.227465924080317,6823
63259,31.22598312084755,11138
12475,31.215402431962943,1727
64626,31.209156475384134,6378
10215,31.20351390922401,683
51884,31.200450645636536,11539
16585,31.198275862068964,8932
22629,31.196036801132344,1413
13021,31.18660130718954,15300
53371,31.173850831693795,5591
12390,31.161596958174904,1052
15268,31.156028368794328,1269
22669,31.147140477512494,1801
18628,31.145682585624698,2073
61128,31.14550853749072,5388
20916,31.14449917898194,609
22637,31.140479876160992,10336
12001,31.126767806634096,3889
12763,31.115056818181817,4224
67222,31.096721974908945,2471
75721,31.09632387156817,4298
55519,31.093470247498683,7596
53022,31.091059602649008,1812
14504,31.08992805755396,556
20834,31.079545454545453,2112
22873,31.065217391304348,874
7042,31.06132075471698,212
68089,31.059452137266707,6644
71419,31.05885320329578,5947
63581,31.055595877485846,6889
22195,31.048922800718135,2228
22435,31.033762057877812,1244
75737,30.991319444444443,2880
20835,30.98751950078003,3205
17316,30.980330448465775,1271
63291,30.978676470588237,5440
54474,30.96915997650284,10214
64034,30.96448087431694,732
12617,30.959563834620628,17608
18021,30.958851593116375,11738
18515,30.947383390216153,3516
12782,30.94322344322344,1638
15112,30.93980477223427,5532
18238,30.909521772043576,30383
12745,30.885691446842525,3753
22347,30.88272636151019,2993
17039,30.882709807886755,1978
12454,30.88256880733945,545
64594,30.86654478976234,4923
17036,30.85277554304103,4972
15664,30.847384349329875,6939
22307,30.845380667236956,4676
12779,30.837705341016598,11627
74909,30.836683019465106,6319
54794,30.820687721921136,10702
11039,30.81896900951995,19748
53350,30.799394143386067,8913
66028,30.79856584093872,1534
73446,30.79847126267823,6803
12882,30.784172661870503,973
13409,30.78296366852633,7349
15724,30.767862350539517,3429
17655,30.760141788105553,5078
68036,30.754458977407847,8410
64608,30.75176930389775,9467
11109,30.746666666666666,3600
15463,30.72211055276382,5970
67761,30.703185840707963,5650
19022,30.692895339954163,1309
12165,30.68279374317934,2749
12367,30.6799347061778,7964
14816,30.666947825039163,8299
54315,30.665282189103348,8186
15549,30.637150837988827,3580
13186,30.617094672288232,7827
17001,30.59665345662704,2271
69161,30.59001314060447,7610
64167,30.572147001934237,7755
13149,30.567705382436262,10590
17309,30.551314317673377,7152
11311,30.52112007593735,6321
56309,30.511730205278592,5456
68814,30.504879938032534,6455
14341,30.503262158956108,6744
64216,30.501085607940446,6448
14109,30.499043519846964,4182
64177,30.467935528120712,5832
55586,30.45516255805645,2799
75706,30.45214343488811,3709
20491,30.446534653465346,8080
77613,30.446417998815868,8445
15079,30.429392103613953,9574
54702,30.413125221709826,14095
20668,30.409023668639055,1352
63523,30.401431492842537,4890
63521,30.39893414541302,5254
17064,30.39539691289967,7256
59814,30.391927909633203,15758
64033,30.388157894736842,304
63267,30.38166945528909,5379
22834,30.380904522613065,995
22145,30.37759336099585,1205
19091,30.355155482815057,1222
26301,30.35211267605634,1704
54158,30.35163766079343,9251
63574,30.343969261610425,5986
61631,30.335868625756266,5785
12122,30.33107454017425,1033
53611,30.3264288879043,9028
69166,30.317340644276904,4377
11202,30.316237044910974,3763
12615,30.313546745813017,14151
64411,30.31317885590152,2762
7398,30.273946360153257,2088
61612,30.271377672209027,6736
16337,30.26738794435858,5176
12217,30.260233918128655,2736
16346,30.24425303747647,17531
15160,30.242771375336417,14491
17330,30.225696759567942,14998
14324,30.217454900048757,2051
15080,30.21200789446349,9627
74655,30.208434994771697,2869
13401,30.20838834162689,9847
19412,30.19003981545851,15823
15111,30.183554666181553,5497
12156,30.178260869565218,3450
63324,30.150368707919206,6238
14087,30.146654851572883,9028
17221,30.142799839550744,2493
63304,30.120280352701787,13269
14313,30.112730061349694,1304
12446,30.09877775006236,4009
63511,30.087912087912088,5278
13240,30.072746113989638,4825
15182,30.07079646017699,1130
12517,30.057291666666668,768
18303,30.05457311275908,5259
11652,30.03202846975089,5339
22689,30.022443890274314,1203
74663,30.019390581717452,1444
63597,30.01337309986531,10394
12278,30.010729613733904,2796
63547,30.004140007527287,2657
12307,29.998114824335904,5835
73441,29.983109571242963,6927
53520,29.982696177062373,2485
17240,29.967090139140957,8265
17248,29.956028368794325,9870
17644,29.937378857909646,6707
55136,29.929187124931804,9165
12655,29.907459989674756,15496
11606,29.90187296416938,2456
12210,29.89527027027027,296
77602,29.891160220994475,3620
12975,29.855435272891295,4434
14524,29.853063652587746,1681
22859,29.833175355450237,1055
7132,29.82851985559567,554
64547,29.806502154328243,2553
22440,29.800892857142856,1120
11041,29.79858261842596,2681
22479,29.79588457899716,4228
16525,29.793916209045474,16207
20932,29.7725587144623,1618
22981,29.770232031692135,5301
18207,29.76719138359569,1207
17024,29.765064172286273,4597
63388,29.763260946956212,5618
67239,29.751397737615395,7691
18755,29.74327990135635,4055
15046,29.73949579831933,2023
64958,29.71125420752232,6833
12363,29.708333333333332,1680
22833,29.70547263681592,1005
11060,29.69212962962963,3888
59551,29.685718964952507,6106
15719,29.68392421684487,5331
4712,29.66373801916933,1252
22107,29.648611111111112,2160
64593,29.64030718140307,4818
56812,29.63435582822086,8150
20941,29.633449477351917,2870
12218,29.6262319939348,2638
67762,29.615137122721006,6527
17687,29.598715890850723,7476
15555,29.58676393955185,3838
12457,29.58296146044625,4930
54793,29.580015026296017,10648
54634,29.567315425446356,6217
19037,29.561133011190233,31456
17610,29.5599173553719,968
12351,29.55332546241637,7623
12723,29.55229160258382,6502
68413,29.544323284156512,15590
11403,29.535791757049893,2305
15670,29.50639658848614,8442
22973,29.503872216844144,2066
17227,29.486571428571427,7000
54391,29.485944478500745,11419
22131,29.469017094017094,936
58505,29.468300123939365,10489
13230,29.4572192513369,748
20858,29.45166279969064,1293
12771,29.444444444444443,2349
11407,29.439080459770114,870
16344,29.432108360164317,9007
75755,29.422014993600293,5469
15108,29.42166952544311,3498
61632,29.42113482561166,5763
63033,29.408163265306122,3234
19224,29.40487442255615,18833
63570,29.387926685723894,5947
15701,29.386606276285992,3091
15925,29.384818481848185,1515
55603,29.36745482506728,10404
74038,29.340306834030685,717
78833,29.33171806167401,2270
63371,29.32601663585952,4328
68173,29.314423433444567,2697
75267,29.301687372519932,5393
22639,29.292589140060592,8582
18247,29.278475962497506,10026
63237,29.2766445690974,7844
63340,29.259874114870183,12710
17421,29.248159831756045,1902
12595,29.247407407407408,675
68736,29.228332753219632,5746
75753,29.224694589877835,6876
55703,29.22212778013883,7059
12734,29.220545706022886,7953
12709,29.215282748747317,5588
68727,29.21099744245524,5474
12237,29.209168554993898,5737
11033,29.206307490144546,1522
1487,29.20429847862835,4141
73451,29.200669829751604,3583
12136,29.186429061000684,2918
12785,29.154536925345127,7461
20830,29.1503464899066,3319
63284,29.144949225013363,9355
55810,29.14105371634677,7763
74664,29.132724719101123,1424
9621,29.131805157593124,698
64630,29.120345140781108,4404
55116,29.113027409916846,6494
22318,29.110584518167457,633
15235,29.10486891385768,534
22432,29.097861842105264,1216
69158,29.09360730593607,5694
15003,29.084027912386123,10318
74662,29.082869080779943,1436
18302,29.068970117395946,7496
67765,29.04994714587738,3784
20839,29.047560975609755,820
12445,29.044633901705115,3988
22414,29.032490974729242,1108
14224,29.006195286195286,7425
18239,29.0024300155521,10288
14804,28.992911711427897,12697
54213,28.991538229072226,6618
13011,28.983753943217664,6340
53262,28.97821248682207,8537
63141,28.974771949828963,14032
77204,28.970836685438456,4972
15464,28.95829094608342,5898
64617,28.945774647887323,2840
11090,28.943836615609044,1371
63213,28.94367075452089,4811
16367,28.921875,1920
20934,28.910131654264454,1747
9085,28.90536723163842,708
12230,28.85156695156695,3510
56616,28.83709182753022,11086
68117,28.83330763299923,6485
11756,28.828045977011495,2175
56223,28.82321618743344,10329
17040,28.80796731358529,1958
16562,28.80758426966292,712
52475,28.7701245807379,8348
18235,28.76863439350467,16381
54327,28.74183215887252,3122
55347,28.738778121334896,9379
17226,28.729543770509157,9447
64036,28.72827804107425,633
11751,28.712840943916643,3263
22152,28.70725156669651,1117
54156,28.67736348818256,9816
12305,28.658008658008658,462
19618,28.65334581188582,10685
16338,28.650419496604076,5006
14545,28.62789500772002,7772
7330,28.618547929665343,3526
18240,28.600760972958284,7359
12643,28.58960244648318,1635
15119,28.585551601423486,14050
74919,28.58167330677291,2510
12483,28.575778546712804,1445
20961,28.569482288828336,1101
56268,28.558395127118644,7552
64502,28.552163461538463,4160
11905,28.551739719837325,4426
63222,28.54064352243861,4724
74916,28.53390827126617,2551
18205,28.531453362255967,1383
55770,28.526896744445995,7157
22880,28.51182592242195,1057
54040,28.511496746203903,6915
22871,28.491649269311065,958
14164,28.47739221871714,6657
67242,28.467401500938088,4264
64168,28.458950539794124,7966
54316,28.458299839228296,9952
61006,28.44609956879655,2551
14609,28.440348182283667,7812
75102,28.437677183356197,10935
64558,28.43591879229568,9605
22182,28.43097705403405,5404
55135,28.426329555361814,9176
61122,28.418181818181818,4510
12168,28.40165320308097,5323
20849,28.390524048815507,1393
22838,28.387768379960963,1537
22911,28.38583377825236,5619
16226,28.346505608283003,5795
22125,28.34494773519164,574
6547,28.323828920570264,491
12291,28.31858407079646,339
12798,28.314560256239158,7493
12893,28.312302839116718,8242
15647,28.28698553948832,2697
12718,28.270593445527016,4516
14035,28.268560606060607,2640
17011,28.265327556780885,7617
18447,28.259075034395174,9449
22198,28.22547770700637,785
12652,28.216,1500
12185,28.214753228374313,5653
74661,28.203049203049204,1443
22687,28.201202060675442,3494
12471,28.193928908461782,6358
14234,28.187488079343886,5243
55038,28.179651162790698,1720
15959,28.173671799139964,14418
74856,28.160134850400336,4746
53052,28.159235668789808,3611
14259,28.13782991202346,682
64108,28.127715851124126,5293
17391,28.114888784984302,14971
74907,28.10509904622157,5452
75707,28.102624806999486,9715
20804,28.098833218943035,1457
18640,28.08695652173913,1748
64445,28.064868804664723,1372
11027,28.06468334460221,4437
57202,28.06168831168831,2156
63582,28.05797523670794,6865
65132,28.05431654676259,11120
12737,28.049338966880196,7337
13509,28.042357274401475,1086
11605,28.042306097055164,2411
13185,28.022381600098925,8087
15967,28.02098043171273,4957
12346,28.016523114782913,5689
14631,28.01626213592233,8240
22686,28.010780287474333,1948
56903,28.00138814735718,9365
12706,27.97365532381998,5466
51910,27.937122128174124,1654
13023,27.929518320296417,12145
75727,27.904382470119522,2761
18622,27.902397476340695,15850
22632,27.887598699489086,2153
12139,27.87172303382029,9994
12159,27.861366209586112,7949
14621,27.84494602551521,1019
20909,27.833438485804418,1585
68079,27.832269050659857,2349
64093,27.82750141857386,5287
22685,27.802197802197803,2002
54102,27.796660274848193,12516
22472,27.783365949119375,5110
14632,27.77261280167891,9530
12345,27.756479387719605,5749
17035,27.72867042009528,4618
63272,27.72479298587433,4106
12765,27.703168872843964,2493
14015,27.69981728008353,3831
63022,27.690065889508364,3946
17258,27.681324721725986,7277
17015,27.68,14875
12712,27.678395061728395,4860
55140,27.663688784211807,12313
13227,27.635703165542292,5781
67774,27.632337246531485,3748
54048,27.629779297482127,6434
61021,27.607810781078108,1818
14047,27.587654320987653,405
63522,27.572958500669344,5229
12733,27.549012158054712,7896
17645,27.548442412117748,6998
75723,27.533695492585522,6811
12695,27.530525193281793,7502
64470,27.51306461413814,4937
6920,27.509621765096217,7535
68745,27.501004464285714,8960
74936,27.492201834862385,6540
20496,27.474790634079646,5851
13330,27.468617021276597,3760
12976,27.43070902394107,4344
14209,27.4290937581614,3829
15962,27.41858856088561,4336
16211,27.411582613181995,7753
54622,27.410491003354682,6558
64178,27.40751190266267,5671
7523,27.40625,1024
56600,27.404580805059396,11701
14823,27.372288344936,22265
13226,27.367547378613917,7229
17648,27.358804252258015,12511
16595,27.348244039989748,7802
12489,27.344894026974952,2595
64110,27.328641721020713,8739
11902,27.327770360480642,7490
17654,27.322304935208162,3627
15817,27.32215683591077,7307
18627,27.314906219151037,2026
15927,27.296881247501,5002
74832,27.284590957205506,6613
63390,27.2778730703259,2332
78803,27.251461988304094,5643
74967,27.241755888650964,4670
54626,27.23927937071809,3941
16561,27.225618631732168,687
18450,27.205705705705707,1332
14114,27.204684069285193,8198
15895,27.20340746521004,15378
18604,27.202560819462228,3905
16604,27.2019431580859,11013
55307,27.192196763339208,12482
69152,27.188647342995168,4140
19045,27.188149913344887,9232
17262,27.174853721594776,7349
12425,27.16946107784431,1670
20506,27.152251893184534,2509
14728,27.11217792243016,18435
64583,27.085255679326377,11401
56602,27.08355851174392,4811
12746,27.078703703703702,3672
20629,27.07454859267127,15064
22498,27.074112197632527,1943
51885,27.070037688442213,6368
74937,27.059111791730476,6530
22539,27.043478260869566,782
22947,27.042384105960267,3775
73483,27.03545014027034,3921
12838,27.030149541726967,4146
16127,27.017343387470998,17240
54571,27.016481133439353,6917
13032,27.01262691700629,42449
15531,27.000701754385965,1425
61025,26.99437037037037,3375
68444,26.991269552564567,16494
20833,26.979376257545272,1988
12561,26.97817593964704,7423
13161,26.950036205648082,4143
58820,26.937732836615222,9395
12846,26.929857819905212,1055
12713,26.924561403508772,3420
17308,26.92186423815719,13067
12417,26.879761358421295,2179
22660,26.857984293193716,1528
55727,26.85321237358715,6724
12534,26.841506751954512,5628
9640,26.84015444015444,2590
63287,26.833760377165113,9757
55138,26.821975280644065,8819
15008,26.81998355263158,12160
19665,26.81979865771812,11920
54154,26.813497977432405,9394
75746,26.811728843083177,6889
13135,26.81129943502825,885
51904,26.807733050847457,3776
22922,26.806112702960842,1047
19716,26.792821158690177,3176
63011,26.776352646321687,6783
12202,26.753252032520326,2460
66041,26.752719361856418,4137
12540,26.750271444082518,921
11036,26.742790335151987,1283
22708,26.735042735042736,2691
15613,26.734550561797754,7120
16780,26.729522687094875,3394
16315,26.728329145728644,9552
20805,26.727430324043205,7499
17605,26.71875,6176
20819,26.714495592556318,2042
17251,26.70906173465079,11841
18023,26.70760968124433,14337
13182,26.70334412081985,927
14013,26.695932859909618,1549
65112,26.69462365591398,7440
20851,26.674518201284798,934
13028,26.673551502145923,3728
12823,26.667404537908133,1807
20433,26.662423385195662,10605
22888,26.661585365853657,984
12160,26.659964367523543,7858
53034,26.640801001251564,799
22415,26.633081444164567,1191
19020,26.632846629147153,25409
13015,26.629650667424027,7042
22436,26.619926199261993,1084
20152,26.594320486815416,493
63076,26.59063093479637,4739
55677,26.583904109589042,2336
58822,26.56922093147181,9383
55704,26.56291574279379,7216
75680,26.553869499241273,9226
63341,26.549438854489164,10336
12884,26.54810742228801,4729
22948,26.539074960127593,3762
22847,26.50848827809216,1237
12364,26.495180722891565,1660
12977,26.490820073439412,1634
55675,26.47868783953197,4786
63320,26.468552036199096,4420
12329,26.466666666666665,450
64171,26.46076458752515,1988
22442,26.4569252736792,4202
68048,26.454646017699115,1808
14233,26.428047839506174,5184
65117,26.42409747292419,11080
16630,26.409480954374214,19112
78834,26.4023851590106,2264
19608,26.4020618556701,1649
19001,26.396612492657137,10214
74615,26.395685822493,6073
67288,26.392740255876227,3361
14014,26.385375494071145,1518
75751,26.36355710549259,3441
19421,26.355677154582764,1462
14235,26.344837559047527,10373
18448,26.33926465859149,9329
12105,26.333756211015963,9459
19667,26.32814238042269,899
63313,26.319409129434558,8259
75265,26.317323775388292,4185
11059,26.311145510835914,3876
64628,26.298326359832636,2390
22802,26.29226736566186,763
55817,26.290537084398977,7820
14806,26.28846153846154,1716
11120,26.27447657028913,10030
14610,26.242780026990552,7410
64556,26.242398286937902,2335
14546,26.238975640224858,8005
54645,26.235381355932205,4720
63431,26.232497293395888,11084
14049,26.230142566191446,982
12154,26.221505376344087,465
66559,26.21964971209213,8336
54153,26.208709506107276,9415
19666,26.208374142997062,12252
76811,26.194582435092325,10669
11055,26.186270491803278,4880
13416,26.183673469387756,2891
64631,26.18246541903987,4916
73445,26.16974114846772,6722
19210,26.158158936651585,14144
59561,26.15644171779141,1304
54633,26.13044921442797,9038
9636,26.116643400031023,6447
54551,26.11283627978478,6505
20910,26.109275730622617,1574
22828,26.09234234234234,888
18233,26.030106382978722,18800
13507,26.01818181818182,770
13024,26.011932773109244,11900
54005,26.010615199034984,8290
64090,25.999331461425324,7479
64566,25.983232978230664,10795
74904,25.974591931013244,6494
22683,25.97255902999362,1567
20923,25.96025293586269,1107
15601,25.95926090828139,4492
63525,25.931322329728705,5271
12943,25.930868167202572,622
22943,25.930316742081448,6630
19341,25.926709041380207,15418
14005,25.903167616711162,13859
53211,25.874374016311346,6989
13402,25.830154405086287,9909
63082,25.824386503067483,6520
54604,25.818663838812302,8487
63584,25.8075840616205,6751
16526,25.7906548933039,16308
71422,25.7820133234641,5404
12621,25.781718387164872,4737
19435,25.77637690776377,1507
9415,25.776,500
14738,25.753116675546085,9385
63556,25.750559543104114,12957
13331,25.74605180037903,7915
12402,25.742331288343557,4890
9006,25.734265734265733,286
13046,25.729954769736842,9728
59560,25.727616031185285,8209
68746,25.727394507702613,8958
68190,25.723735408560312,1028
14803,25.723321085137986,12791
14260,25.7183908045977,696
22421,25.70524650672291,7586
53408,25.69463067684953,17153
51822,25.663366336633665,909
77213,25.659412097230074,7076
63064,25.653942579862516,12365
63218,25.626447243865144,13733
14887,25.61979535362636,15539
63524,25.617047817047816,4810
17613,25.615921075012757,5879
68740,25.600988051470587,8704
55037,25.58659217877095,1611
65104,25.56417112299465,1496
12852,25.558375634517766,788
10115,25.55667337357478,1491
15926,25.516823687752357,1486
64092,25.50982280431433,5192
17694,25.493055555555557,5760
14036,25.46981534090909,2816
19259,25.468250121182745,2063
2897,25.461077844311376,334
12678,25.444125388849006,4179
68101,25.443318556048133,7895
11026,25.44109856405967,7173
7524,25.42156862745098,1020
63283,25.41108520559559,9436
71413,25.40220385674931,3993
17063,25.39203778677463,7410
16221,25.387281873919196,12722
12894,25.378317535545023,8440
74618,25.36015325670498,2088
74842,25.355504037093294,12509
18213,25.34852801519468,1053
16588,25.339808408728047,3758
55606,25.33623336745138,1954
12625,25.3339742357239,15603
64624,25.33210039630119,7570
19307,25.302405498281786,2910
13158,25.3007299270073,685
12946,25.294077134986225,1452
22402,25.255474452554743,822
78811,25.25531914893617,3196
18567,25.241502683363148,1677
12708,25.21951961082396,3289
73422,25.211575153699386,4717
55728,25.209092255293942,6753
20892,25.192307692307693,3354
19325,25.18611632270169,2665
66326,25.18549511854951,1434
59564,25.167721518987342,948
18248,25.157369111268032,9913
12627,25.11604550804237,12745
17423,25.114093959731544,596
68718,25.113502935420744,2555
14317,25.111225540679712,2913
18612,25.10515554257339,6847
12803,25.092058674759738,1977
63549,25.08758061160807,4807
22126,25.075229357798165,545
75263,25.07292247629671,7172
17058,25.064967420467614,10436
12339,25.057722308892355,4487
18529,25.055148715637674,17752
22819,25.048202137998057,10290
13698,25.04609218436874,499
16004,25.045185185185186,1350
12002,25.02202868852459,3904
17693,24.98887952822241,5935
68102,24.952809281710337,7671
61101,24.948970145799585,8642
74857,24.940663761314113,2983
12845,24.939424031777556,1007
69159,24.937578201028778,7193
12377,24.9375,4880
15709,24.9355408388521,9060
13320,24.930715642811908,7895
17640,24.928085519922256,1029
69183,24.92657192075797,4644
14891,24.92444572415779,17365
14508,24.914233760985958,9899
16348,24.899313076304228,16159
51972,24.887692859705776,5574
20655,24.881889763779526,381
20404,24.8545419329847,5163
63081,24.85072986972218,6371
13018,24.843301658282094,5367
12348,24.838985736925515,3155
16508,24.831014823261118,4385
13026,24.82859174964438,1406
17420,24.80979284369115,1062
12903,24.799164550741256,12209
22429,24.798594847775174,4697
19109,24.786804865938432,16112
16312,24.782963827304552,2571
11413,24.766904692509474,13724
63294,24.757487775061126,6544
12719,24.75544041450777,2895
14261,24.752867570385817,959
16332,24.744262295081967,2135
17684,24.73436449226631,1487
20989,24.725128205128204,975
14342,24.715417867435157,6940
16551,24.703872679045094,9425
74962,24.701505500868556,6908
54615,24.681626701231366,6172
16535,24.677026790404483,11422
22354,24.668088737201366,1172
14813,24.64519814070748,25386
77644,24.64218009478673,4220
68423,24.62254565426335,7283
17641,24.611926282427515,8519
63513,24.611497545008184,4888
75745,24.604847051869367,6767
13160,24.60236220472441,2540
12539,24.593360995850624,964
61022,24.582920110192838,1815
12026,24.580232092837136,2499
19614,24.576120959332638,1918
55084,24.562823432001657,9662
12947,24.559877622377623,2288
55619,24.54988823409876,4921
68134,24.543787425149702,2672
13234,24.52400570432578,6311
53416,24.520129403306974,11128
63217,24.504780114722752,14121
68113,24.498244734202608,7976
11113,24.489328676755918,7731
16219,24.482421358710017,11349
12594,24.480825958702066,339
51883,24.473328060462254,11379
16787,24.445897352075843,3059
19203,24.443567482241516,1267
15722,24.433439829605963,939
15640,24.43294117647059,1275
61009,24.421734013338565,2549
74016,24.419427710843372,5312
66018,24.416933638443936,4370
68133,24.416884572282406,2677
73420,24.416716417910447,5025
63526,24.41171717171717,4950
63252,24.40373269114991,8305
19622,24.38986915146709,10088
22317,24.361635220125788,636
54025,24.35089463220676,2012
74965,24.345053635280095,5034
11410,24.34359564246566,14779
17652,24.328279499011206,4551
12717,24.312973695942933,4486
75757,24.306407274265172,4729
16239,24.296808875671967,8743
68705,24.294081757169007,6556
12912,24.292346298619826,797
12473,24.29195258889582,1603
55601,24.286493288590606,2384
9416,24.275862068965516,493
53415,24.273582370330555,11163
61005,24.271366679795197,2539
66520,24.260414720717353,5353
11030,24.25708756652153,10335
12186,24.248762376237625,5656
20679,24.241092636579573,842
73492,24.22509439442347,3443
54020,24.218481621435934,2911
14721,24.20854465744004,11633
55604,24.20230885692657,10568
12161,24.19202518363064,953
22942,24.18975552968568,859
63319,24.189526184538654,4411
12353,24.173160173160174,924
18103,24.167522165188988,2143
19620,24.161216350947157,10030
56706,24.160450387051373,7105
12743,24.149396058486968,3146
17329,24.139406072739405,14985
75903,24.13830079736046,7274
16733,24.12057946314444,2347
14734,24.116219286184013,16727
16222,24.09969931951258,12638
9051,24.08973946606626,3109
22971,24.087272727272726,825
16212,24.076606683804627,7780
75728,24.07660167130919,2872
13053,24.07095421181405,5722
54616,24.056660039761432,6036
55301,24.04059994828032,3867
6596,24.037998495109104,2658
68001,24.03693717983284,3709
15818,24.036376210235133,7230
12850,24.026315789473685,912
61104,24.019735133731498,3851
20667,24.018587360594797,1345
12797,24.009549428379287,7435
17651,23.97719793135872,4254
12808,23.97641993028501,9754
63517,23.92504118616145,4856
68757,23.924043403769275,5253
66017,23.923568332192563,4383
18463,23.919379654132563,16249
20837,23.917684305744007,6633
12753,23.897849462365592,558
61020,23.892603550295856,3380
20919,23.889453621346888,787
63281,23.887096774193548,1302
67213,23.875409836065575,2440
20933,23.861325966850828,1810
15106,23.85041888804265,6565
20850,23.84164859002169,1383
57302,23.839009581633622,10541
53214,23.83411306042885,10260
74686,23.82398177157505,3511
14331,23.8154296875,6144
12349,23.805555555555557,900
12111,23.799838904550946,4966
14898,23.795447554598585,9753
16545,23.790402991275446,14442
63317,23.78502214839424,7224
68450,23.77933341593359,8071
15113,23.77871260683761,7488
68042,23.777588099012316,8201
74646,23.768898770599005,7646
16506,23.76875,1600
20811,23.76158250910984,1921
68415,23.750567751703255,7926
14701,23.743283126399348,19652
54414,23.713415562661794,6567
14309,23.708288482238967,2787
22470,23.70607157217531,2487
12174,23.705317577548005,1354
16206,23.702513702513702,5291
64483,23.69882877858338,1793
51703,23.695966096374196,6371
22143,23.695748449955712,2258
22535,23.690637720488468,1474
12924,23.68443804034582,694
12679,23.684416431210607,4601
12789,23.68326530612245,3675
20175,23.660388821385176,1646
18603,23.651724137931033,3770
16356,23.65134431916739,1153
11021,23.621714482047757,5821
22158,23.61878731813977,11891
12824,23.608048511576627,1814
18204,23.606597735105858,2031
12106,23.604926525002643,9459
77615,23.603265696522513,14637
12747,23.586915887850466,5350
13419,23.577319587628867,6790
16340,23.53666792027078,7977
63512,23.532368472521025,5113
12341,23.519161243673175,2766
12656,23.507472058269496,15926
16003,23.49184149184149,1287
14722,23.466495623302144,13252
12861,23.45534218327104,7759
7044,23.444444444444443,342
55089,23.425641025641024,195
56904,23.420860998072392,9338
14897,23.415028665028665,9768
19612,23.413397129186603,3135
55092,23.40652256351915,7911
12940,23.400275103163686,1454
15417,23.39141205615194,2422
12759,23.390697674418604,6235
74917,23.38770685579196,2538
18639,23.37704918032787,1708
13553,23.37148496909685,30903
18242,23.36839983877469,7443
18257,23.361702127659573,4136
16792,23.361425077665412,15129
52453,23.357946554149084,4266
22648,23.343139230304253,4963
20409,23.340397782849692,3067
16596,23.32913966196467,7869
16536,23.325641915336572,11528
63518,23.32378400659522,4852
22659,23.32210242587601,1484
22997,23.3156275635767,4876
16546,23.31409179960817,14292
15665,23.314018355227642,5557
51687,23.31232492997199,1428
68136,23.286956521739132,3220
57658,23.27543160690571,3765
16578,23.26656626506024,664
11028,23.26569084054114,4509
22468,23.25925925925926,702
12004,23.259046330740617,2957
13244,23.25889079473985,8745
77202,23.25467289719626,3852
55861,23.217350306459217,6363
12194,23.212218649517684,933
12783,23.205128205128204,585
16352,23.18090692124105,4190
59233,23.179954809554552,6196
12496,23.171014492753624,1035
74645,23.157698056801195,8028
64560,23.1565811627216,10097
14088,23.14930148235043,9377
54643,23.14426028238183,6516
13016,23.13212506917543,7228
77620,23.123791102514506,2068
5062,23.122411046202867,3766
13159,23.11426256077796,2468
74631,23.102310231023104,2121
63432,23.088825999634835,10954
12533,23.075497135153352,5934
16325,23.05997989500726,8953
12817,23.053846153846155,2860
11906,23.051998183469575,4404
68185,23.04607329842932,955
22967,23.045112781954888,1064
59558,23.029256256609095,8511
12793,23.01591740159174,9298
11464,23.00952668985332,13226
12692,23.00899100899101,1001
17606,23.004067686300033,6146
74622,22.999828532235938,5832
15713,22.98774575814705,7426
17377,22.98176907494936,4443
15216,22.976951511198088,4599
73484,22.973275862068967,3480
11702,22.968381897086175,1613
20922,22.963652482269502,1128
12112,22.944880345233425,5098
20936,22.936,500
74902,22.927776931281425,6563
11018,22.924074074074074,1620
12442,22.902902902902902,999
77604,22.901855234067096,10403
54157,22.90047701647875,9224
54008,22.879184707994508,9469
75762,22.859211732355636,5455
12937,22.857281553398057,1030
20904,22.85031847133758,628
15467,22.84271550999832,5951
17378,22.83855981416957,4305
11312,22.83151718357083,5965
12113,22.829556650246307,2030
15619,22.81640146878825,817
17228,22.812689279224713,6604
15603,22.80064917500676,11091
11408,22.786941580756015,873
12849,22.776947705442904,937
75246,22.750637903038736,8622
20829,22.741788321167885,3288
18636,22.740875133404483,4685
54382,22.724773508278663,6402
61019,22.718116805721095,3356
22969,22.70876288659794,1164
67206,22.70082564351627,4118
18038,22.69200279785498,12867
74966,22.68954918032787,4880
54644,22.677080158488266,6562
53516,22.676959619952495,2105
67287,22.661231884057973,2760
16649,22.64062738707542,19637
19802,22.637037037037036,135
64514,22.636422976501304,7660
14888,22.63353394162946,15453
22976,22.63140817650876,1541
7394,22.624489795918368,490
55620,22.614042207792206,4928
74906,22.59608277900961,5412
77619,22.58108770210681,2041
12155,22.580377574370708,3496
22810,22.564102564102566,780
11302,22.552850950316774,11996
20402,22.5503663003663,3276
13148,22.54224235560589,8830
59839,22.540785498489427,4965
18619,22.540488577244968,8842
77622,22.538297114356965,2807
78827,22.532115497937536,1697
64107,22.52634467618002,3644
20172,22.525668835864064,1383
19818,22.520279367216425,23768
12701,22.50957207207207,5328
53002,22.499731203440597,13021
74022,22.493277953874742,9149
63353,22.48998459167951,649
63514,22.487755515077918,4941
54044,22.484235193864507,14082
54043,22.475854383358097,13460
20946,22.444126074498566,698
74935,22.439322240879257,6551
14807,22.43726750084545,2957
13128,22.43059335873707,1837
12956,22.430541731835632,7033
22181,22.4259121370067,5372
74992,22.42530574922848,8749
17347,22.418914381645216,8935
22180,22.41116173120729,878
12195,22.402053865529936,5161
18086,22.391652655523686,10111
22329,22.387251420454547,5632
79303,22.38577888663652,6413
12490,22.38425009893154,2527
15084,22.381498337125855,11426
12494,22.375168690958166,741
22454,22.359020310633213,3348
61114,22.352040816326532,588
7396,22.350974025974025,6160
77621,22.346516690856312,2756
16333,22.34624296590533,3021
64546,22.33672670321065,2554
74620,22.33448688939172,7513
55608,22.32346570397112,1385
20843,22.294197031039136,3705
11414,22.286488439306357,13840
14707,22.282303057353268,13443
63258,22.27909261409306,11197
54575,22.27814837275116,4947
59319,22.272748294600532,8649
63026,22.272497472194136,3956
74953,22.259492079456876,3977
15702,22.24436686766106,3151
17331,22.24220949422386,10301
55088,22.23949057775937,9658
74683,22.234276297720406,3641
12121,22.220502901353964,1034
16232,22.20487075411237,9362
64513,22.19961183891315,10305
12727,22.19250403009135,7444
11752,22.182286927509857,3297
16204,22.181153943058703,3969
14715,22.15834388959264,14999
19803,22.15577507598784,1316
19053,22.15426997245179,1452
22630,22.14395527603075,1431
51817,22.14074074074074,2295
55082,22.140541503384394,5614
12020,22.135481508604908,2731
11126,22.1302649930265,3585
13017,22.12453712726564,5131
22172,22.12162162162162,444
22543,22.107810781078108,909
59563,22.10718232044199,905
55114,22.104537622056288,1741
20156,22.10004387889425,4558
19255,22.071392146863843,3922
14682,22.05842581961985,7839
67248,22.04702842377261,1935
20920,22.046599496221663,794
14808,22.042146855449456,3037
77212,22.039263062518877,6622
20630,22.02400317397342,15123
12567,22.023821339950373,2015
20824,22.021134593993327,4495
5061,22.013967925504396,3866
15710,22.003653271338425,9033
16342,22.001030927835053,7760
14312,21.99531584582441,7472
67210,21.99245472837022,3976
16591,21.986226170276474,10019
12856,21.984357948344854,5498
16316,21.963409563409563,9620
63250,21.95936895371335,6719
53443,21.93120638085743,3009
10107,21.930187265917603,6675
14054,21.926961552368326,8297
56817,21.919841382240477,7061
77632,21.918048780487805,3075
63311,21.91093326448948,7747
53031,21.907754010695186,748
68055,21.889535447580254,10311
54041,21.887563102340522,6537
20930,21.868995633187772,687
13155,21.865197334700152,1951
12914,21.863492063492064,630
19110,21.842482369534554,17725
74302,21.83844992450931,1987
1488,21.83238442268276,4391
54006,21.818972835314092,9424
75902,21.81629589190665,7327
54553,21.8119189511323,4195
54038,21.809039724741947,6394
66030,21.80686363049929,7751
11265,21.800706566916045,4812
66001,21.797640947949358,9241
17302,21.7944582299421,7254
20708,21.780380026513477,2263
20485,21.763781055900623,5152
12945,21.751714677640603,1458
12735,21.735020661157026,1936
13697,21.732251521298174,493
18624,21.723247232472325,12195
21903,21.721704394141145,751
55822,21.706364209199748,6348
53405,21.695230054875474,2369
11001,21.694902187530115,10377
19409,21.686699206833435,3278
11042,21.685682738314316,2717
53436,21.668952618453865,6416
77209,21.662891268533773,4856
12941,21.656833232992174,1661
22698,21.641148325358852,836
20978,21.63874873864783,2973
63253,21.636173356316178,8122
12775,21.633633633633632,1998
13301,21.62985507246377,3450
16128,21.62396990326048,16746
20702,21.58832565284178,1953
6581,21.587212563095907,3566
54395,21.584788029925186,8020
16529,21.581828079378433,20207
15604,21.581169706225857,11131
67238,21.57975878342947,9535
14306,21.578183260610867,12605
53646,21.57506152584085,1219
63516,21.571840857555145,4851
61103,21.550796552624707,3829
19104,21.529384501297738,10788
53642,21.52025024695423,3037
14024,21.514213080656344,4327
54223,21.488425925925927,3456
74629,21.48406731113498,2793
16586,21.480112044817925,8925
74623,21.47586206896552,4930
14202,21.463481228668943,4395
14304,21.45815535516532,6321
22613,21.448409619860357,1289
71423,21.438370595809435,8543
14894,21.438195254764683,12855
63520,21.436128644424407,13308
14029,21.431799267643143,24032
22474,21.413854351687387,1126
65130,21.40313452329125,2297
54612,21.401524983776767,6164
20898,21.398459667612485,2467
63550,21.39695057833859,3804
13281,21.379618593563766,1678
12258,21.377026560883063,2899
11005,21.373505813001472,6107
54781,21.371502399409376,13545
13241,21.357996485061513,5690
12352,21.34359444589992,7634
20958,21.33072625698324,1790
61110,21.330357142857142,3360
16527,21.32957788793751,6657
12611,21.32569558101473,611
14523,21.32267613972765,1689
53021,21.309758771929825,1824
63563,21.305493370070604,5807
22716,21.299574468085105,1175
18414,21.298072711344723,4566
59813,21.29172084958821,16149
20707,21.287192755498058,2319
12612,21.281767955801104,543
19340,21.279687129651577,16876
12431,21.2748354747728,3191
22348,21.274084124830395,2948
17019,21.272407732864675,2276
63566,21.262505167424557,2419
63508,21.259975318798848,4862
12697,21.233176838810643,639
12601,21.227544910179642,11022
9723,21.216606498194945,831
54611,21.215633903133902,5616
16587,21.212857914640736,3702
20503,21.20305958132045,6210
22403,21.1984126984127,756
54310,21.180858247897355,16289
63157,21.175339366515836,884
12433,21.174950298210735,1006
12140,21.173973694699082,10036
22679,21.173835657075053,3371
16343,21.17163456365006,9293
68421,21.143699081296585,11538
66556,21.12711725045223,6081
22941,21.11856823266219,894
12347,21.115522290920925,3073
9734,21.104055258467024,4488
74844,21.097557936705705,8026
20176,21.09268292682927,1640
63370,21.08875083203905,4507
63535,21.067192832764505,4688
14262,21.065057712486883,953
22471,21.06241386099626,5079
64629,21.06058020477816,1172
74961,21.060473906091,6879
13242,21.04931506849315,4745
12455,21.046410728372337,7606
12725,21.03494623655914,6324
20505,21.03441608662026,2586
54049,21.025814314203412,9026
74913,21.02356637863315,2546
61124,21.00676437429538,5322
22102,21.006294256490953,1271
61634,20.998719134704334,14053
59840,20.997155049786628,4921
19610,20.983572895277206,5844
64620,20.9751436422683,8006
11050,20.973884657236127,919
13205,20.966314731020613,3978
54336,20.96514745308311,4849
63251,20.96207629488757,8939
13427,20.949311456196895,3413
12430,20.94646365422397,2036
63221,20.942734122712594,4645
53008,20.941742383752004,1871
13142,20.94012187582796,11323
17411,20.931308049535605,5168
51973,20.9252850963429,12715
7393,20.9251968503937,508
53404,20.921002428026362,11532
13033,20.915337914470612,14989
74691,20.91330834114339,2134
56705,20.905225988700565,7080
54813,20.904186602870812,8360
17216,20.9004382360997,7302
68091,20.898910411622275,1652
64627,20.88746803069054,2346
14205,20.886783042394015,4010
12041,20.883005977796756,2342
16609,20.86992977675296,9541
22963,20.869230769230768,910
66029,20.85602463749519,7793
74630,20.854922279792746,1737
77641,20.846208237581756,5657
16361,20.843491124260353,3380
18024,20.82928541344939,14246
15777,20.82908074099965,2861
68062,20.828938694792352,3034
17255,20.823479442745498,5886
53514,20.823402417962004,2316
11704,20.815278647463995,3194
18620,20.81295131609597,8586
20925,20.79515959312522,2851
64517,20.772814786291875,5194
11012,20.763234077750205,4836
12280,20.760570304818092,4068
16207,20.75904353157572,11417
53181,20.75665088950547,12254
64020,20.748477996173246,5749
15283,20.74476495726496,9360
63527,20.7441975308642,2025
12702,20.743069993069994,5772
53369,20.741440743609605,6455
17642,20.741030358785647,8696
12182,20.74045119499665,8954
20626,20.73765168347291,5851
19003,20.729139072847683,3020
16159,20.70522322731252,17135
11404,20.692971108236307,2319
64905,20.669996057300565,7609
12855,20.65880503144654,5088
12970,20.649344096871847,1982
17630,20.638894979171234,4561
22426,20.62719298245614,1596
52455,20.62610340479193,1586
56519,20.616204458945077,9195
12196,20.615825688073393,5232
15083,20.607286783452587,12159
22207,20.605786618444846,1106
22920,20.603151862464184,698
12343,20.58920539730135,2668
22691,20.584279325765394,5814
16306,20.580040925546985,6353
63505,20.565342072920934,4882
12966,20.56512605042017,952
11022,20.56124956124956,5698
22163,20.55377799655427,4063
14216,20.55080588647512,4281
18003,20.537760416666668,9984
18756,20.529850746268657,4154
6191,20.52358490566038,2968
22889,20.51170046801872,641
68002,20.505441195751935,7627
15025,20.49056603773585,954
63012,20.487069602482638,6767
13157,20.485294117647058,680
17617,20.482077641011767,7393
4827,20.479166666666668,480
22439,20.466787989080984,1099
2200,20.465034965034967,858
18511,20.46257889990983,1109
16606,20.44109705840557,14074
17235,20.438986354775828,5130
6595,20.413908516177017,2689
16589,20.401112744068865,9526
22882,20.39943741209564,711
54701,20.389220473865073,11058
19206,20.378507264056783,9017
22483,20.359074194246162,4623
22407,20.353805073431243,749
12786,20.34933908821149,7414
20495,20.344141734915596,5983
12116,20.338321753073224,3742
17653,20.33280839895013,3810
51711,20.29793878825734,3202
67282,20.28472532380527,4478
61004,20.276971361318164,2549
56104,20.276377952755904,3810
56813,20.271595528455286,7872
13071,20.24912328028055,7414
9622,20.248164464023496,681
13546,20.246341893400718,17017
19416,20.24622812311406,1657
56308,20.240488862605954,5073
12711,20.233510856206472,4882
15928,20.219113300492612,5075
68703,20.210822998872604,3548
21126,20.205510907003443,3484
74931,20.192827200745224,6441
15040,20.188475007959248,6282
11015,20.179961089494164,1028
64632,20.178443113772456,5010
67214,20.17509098261221,2473
15663,20.17320684202961,6957
22690,20.171693735498838,1293
14319,20.164766839378238,965
13164,20.161743277255265,7549
22715,20.15397775876818,1169
12993,20.149142431021627,1341
55690,20.139459188783174,3994
54413,20.13902102194261,6517
18568,20.138673042438732,1673
66305,20.13188376346271,9842
19251,20.119076549210206,5761
19209,20.118888807447043,13643
22982,20.11231470923603,5262
15092,20.111510791366907,3892
12814,20.11082052958483,3059
66534,20.108898029876595,4619
11119,20.09654481722584,9985
12913,20.09422492401216,658
68090,20.076313785224677,6565
54011,20.07172869147659,3332
61105,20.067651632970453,3858
17319,20.067581300813007,7872
12088,20.0625,1312
55134,20.06048476762286,8994
71412,20.059709821428573,1792
20953,20.05568814638027,1257
22139,20.053811659192824,446
54424,20.028765920070267,4554
59039,20.02719729563614,6508
15614,20.025555555555556,7200
55707,20.022002073493837,8681
15769,20.0177754311862,11364
13141,20.01192158247969,11324
22106,20.006714060031594,2532
22617,20.003765060240966,1328
20914,20.002497918401332,1201
16235,20.001635471560967,11006
22387,19.996219621962197,5555
68183,19.98734873487349,1818
14053,19.987115405975786,9003
12441,19.98160696999032,1033
54050,19.971036752605595,9115
17625,19.967984529437043,4654
58825,19.95277261873176,7538
63242,19.947041022192334,5948
64652,19.94547690625854,7318
16752,19.92580494633691,8572
68184,19.92266335814723,2418
22463,19.92061955469506,1033
12019,19.9133281972265,2596
17325,19.906308450943715,11762
20845,19.90585835033518,3431
71405,19.897823303457105,3905
12645,19.856258596973866,1454
20706,19.839859044635865,2554
11035,19.838757396449704,1352
14726,19.832496213027188,12543
19027,19.832038254632398,1673
19205,19.817049915872126,8915
12114,19.807447329740324,2041
12466,19.799246881619204,12747
13206,19.79087546239211,4055
54532,19.790303963062716,2599
74843,19.78715008015785,8109
77206,19.786757038581857,1918
63069,19.783164005805514,6890
22192,19.781902900946942,6653
12131,19.76255707762557,1095
19252,19.759873617693522,5697
68080,19.750748182984182,2339
19208,19.746831381357293,6233
16861,19.741814780168383,1069
19256,19.741449719244514,3918
14231,19.73811833171678,3093
19201,19.73542600896861,669
12790,19.716457722059214,3749
55115,19.716195212931304,6434
9653,19.715500945179585,1058
54782,19.715498652291107,14840
16350,19.714541942604857,7248
12682,19.70631067961165,412
55315,19.7014409221902,3470
79306,19.700692963752665,7504
22940,19.697214076246333,1364
17023,19.688040616773222,5318
15754,19.67442523275698,10526
54704,19.674219380470543,16109
19415,19.66371158392435,1692
22148,19.662087912087912,364
16618,19.653508771929825,684
54764,19.651533868643195,9714
54023,19.64303517031293,3611
22717,19.640270400772575,4142
68075,19.635143023934617,1713
14110,19.63460174899551,4231
63506,19.616932973645984,4819
19343,19.614958448753463,11913
55422,19.612547689699024,4718
19813,19.612538540596095,3892
56715,19.610290190493146,5617
56811,19.608589852780142,8219
12404,19.604341625732847,6311
55141,19.59862564422927,6403
22388,19.57792207792208,5698
22194,19.571996817820207,1257
74692,19.561702127659576,2115
16228,19.559681954814312,10313
20652,19.55830456463368,5214
75266,19.5499133019569,4037
16319,19.548900682335102,1319
11266,19.54735572089282,4973
16605,19.546728971962615,14124
22615,19.53913043478261,2185
59203,19.525714285714287,7875
54009,19.516423939619433,9407
51401,19.51461318051576,5235
20871,19.513402061855672,1455
56305,19.51104045221692,5661
54381,19.503354579000334,5962
55334,19.496757616542272,8173
16240,19.49287397598474,8911
17639,19.49149149149149,999
22983,19.482459521973787,5188
66061,19.47149278448072,4227
69167,19.440329218106996,4374
63515,19.407029950083196,4808
16607,19.40675127798343,11346
64105,19.405349794238685,8748
20625,19.397382920110193,5808
16541,19.391371340523882,649
19567,19.390699904122723,2086
16855,19.38021778584392,1102
59050,19.376386687797147,12620
55914,19.36522198731501,7568
16505,19.35701275045537,1647
19016,19.337258032328876,20044
51120,19.335329341317365,1002
18301,19.32715053763441,7440
16355,19.32465277777778,1152
20929,19.323014804845222,743
54646,19.321912815279195,6859
56102,19.317988941751317,7777
58405,19.296376811594204,4140
69111,19.292223572296475,8230
17408,19.283608283608284,2849
12923,19.278614457831324,664
12677,19.27655024946543,4209
67246,19.274815595363542,4745
16629,19.27369798482073,19105
69231,19.253628196268142,2894
22848,19.246128769356154,1227
17425,19.229166666666668,240
17415,19.21121571837904,9772
12257,19.199505649717516,2832
15912,19.161209068010077,1588
22469,19.157312252964427,2530
12635,19.124881516587678,4220
20632,19.117611397393148,3299
22932,19.073677160080376,1493
9086,19.07187112763321,807
66566,19.07172131147541,488
17027,19.070454545454545,5280
63298,19.066579206297146,3049
22904,19.06192660550459,1308
75116,19.050702593075474,6903
63248,19.042387783433597,10805
61126,19.029190207156308,5310
22117,19.015325670498083,522
13403,19.011556555532827,9778
63074,18.996508292804588,8019
14717,18.979494190020507,2926
12961,18.979263647905206,7089
14163,18.97781885397412,8115
15669,18.97761018147537,8486
22413,18.97511520737327,1085
22945,18.972354980789053,10671
74938,18.966163694558755,6561
20907,18.96048024012006,9995
17028,18.952685669963156,5157
12936,18.949391592920353,3616
56809,18.94252185367022,8351
17334,18.940773512202085,7007
19345,18.899517386462072,8081
20905,18.89614935822637,857
19425,18.89383170453103,15758
63561,18.892201834862384,6104
15516,18.88861760260435,8601
63542,18.883318674875404,6822
68093,18.880575539568344,1390
52451,18.87526766595289,1868
63273,18.87423521414004,1471
14654,18.86062928600242,4958
78813,18.859001782531195,5610
14332,18.856263211101922,10881
59306,18.84555522298713,3341
26302,18.839832033593282,1667
19820,18.837097912675205,19834
66021,18.816377794523987,3981
16188,18.814725008266283,9073
16519,18.80980260956842,5978
19668,18.806758183738122,947
15037,18.805972366661713,6731
19413,18.80468227424749,1495
1595,18.79805615550756,926
16175,18.79763986013986,4576
11088,18.79136690647482,1251
22401,18.79081015719468,827
12602,18.787994242655152,11811
73452,18.785855728429986,3535
13012,18.785515320334262,6462
74621,18.77367205542725,2165
19302,18.76670644391408,1676
55338,18.759463054782923,8269
53411,18.745325779036826,3530
11807,18.729518072289157,4980
12965,18.728317659352143,957
65103,18.71680790960452,1416
7000,18.7125,160
17412,18.711172102034226,6194
16779,18.704452255418865,3414
56530,18.702374478883453,5517
16608,18.695636906329558,11391
68011,18.691106906338696,6342
55821,18.682888291989254,6329
12968,18.679559654864622,3361
66033,18.676906605172128,12142
67224,18.67296511627907,2752
74939,18.67246111619396,4372
16573,18.66187050359712,417
16210,18.658860616978156,4441
59272,18.635301648263724,6249
17683,18.633377135348226,1522
73449,18.631462741490342,5435
12559,18.62551928783383,1685
20903,18.62153846153846,650
74614,18.620499463765896,6527
61616,18.619205298013245,8154
55504,18.60550161812298,3090
64639,18.587624405019472,2311
13513,18.587482219061165,4218
54058,18.58567733591982,6186
16615,18.58481087470449,3384
59837,18.583231583231584,4914
6583,18.579093799682035,5032
66580,18.573432972395914,6557
22144,18.57042869641295,2286
13250,18.56130389064143,4755
16217,18.559790732436472,1338
14737,18.55924120389996,9436
63314,18.544572964131323,8559
59423,18.5389898989899,7425
55339,18.53220696937698,2841
68115,18.5291415901172,6314
22234,18.526020816653322,2498
22623,18.52128764278297,963
61023,18.509063893016346,3365
16362,18.49439858490566,3392
22884,18.49230769230769,1300
20482,18.48715596330275,1090
22136,18.485380116959064,342
61602,18.48005683548158,9853
55667,18.477012648062637,4981
67243,18.46155099380906,6138
17310,18.45543584720862,7147
20680,18.4340239912759,917
22187,18.432536622976098,3891
22546,18.424657534246574,1679
22876,18.41984126984127,2520
12691,18.415347137637028,821
15961,18.41286307053942,4338
56272,18.399133261105092,4615
14522,18.396822655845277,5791
4772,18.39675828047921,4257
66543,18.394228967584784,5337
14210,18.394080996884735,3852
63402,18.389608456156022,6717
15968,18.388449367088608,5056
9724,18.37892095357591,797
22321,18.36376021798365,3670
65309,18.346947835738067,4505
22161,18.346423927178154,3845
12583,18.345403899721447,718
51974,18.341990310539273,12591
12828,18.33658088235294,5440
19223,18.326193423389483,18581
55318,18.322370370370372,3375
56310,18.30393198724761,5646
16176,18.293483972674725,3806
17307,18.28762793497893,13288
59076,18.276388523295605,7598
7057,18.26993865030675,163
56320,18.257475327736042,6789
53512,18.24416666666667,2400
19342,18.223814846472482,15209
21125,18.222350230414747,3472
22682,18.219202898550726,552
79304,18.206049149338373,6348
68074,18.20106064099608,4337
22723,18.195039458850058,1774
17238,18.188532883642495,2965
17212,18.18710134656272,2822
22621,18.18126428027418,1313
15039,18.175756667665567,6674
12301,18.17059243397573,2802
15720,18.16164075669601,5339
66584,18.152670199755402,4906
59838,18.150846058605033,4846
15132,18.14462114125351,5345
13170,18.14090909090909,2420
16089,18.138133333333332,5625
15815,18.135502562959662,4487
73419,18.129952456418383,5048
14123,18.12741034420616,5549
22919,18.098515519568153,741
27575,18.09547738693467,199
18423,18.08762366242681,4953
12187,18.07614640302903,2377
20921,18.07592752372735,1159
22444,18.06417112299465,1122
75224,18.063238359972203,1439
12607,18.058718463942846,4479
55803,18.0259454705365,6822
17225,18.019844603107938,9524
54396,18.01386768447837,7860
15911,18.01014584654407,1577
64511,18.008844133099824,11420
22430,18.00249807840123,5204
13418,17.99002493765586,802
22137,17.9704289879217,2401
6593,17.96957264957265,2925
13249,17.96938557054164,4671
12926,17.9650398061613,14445
16603,17.96324081020255,10664
19402,17.953488372093023,1290
12181,17.9503881201485,8889
15418,17.95006090133983,2463
74933,17.93632842757552,6455
19807,17.932365439093484,5648
14322,17.928666461979326,9771
16322,17.927770630398825,10882
13167,17.925207756232687,1083
12685,17.9251968503937,7366
22155,17.917127071823206,3801
11901,17.89478647447124,7423
53238,17.893963254593174,1905
64548,17.890470541716095,2529
55893,17.882082375078404,4783
20488,17.86568677141409,1973
54331,17.86178861788618,738
19714,17.854682454251883,1858
11091,17.839046199701937,1342
64518,17.837252311756934,7570
54012,17.828402366863905,3549
56932,17.816932451704915,7713
19103,17.798934380257993,10698
15056,17.79367341122827,3509
56303,17.78978932800246,6503
55913,17.78801537849662,7543
12309,17.787719298245612,2280
63507,17.779961089494165,5140
17612,17.77903631787127,5562
63502,17.7784141324514,12397
11006,17.770982217051685,6017
22452,17.76923076923077,2860
12193,17.765822784810126,948
20497,17.761627906976745,2236
22663,17.757400257400256,1554
59236,17.752867721794686,6887
16354,17.750710227272727,1408
63565,17.747874149659864,2352
16160,17.740799817705366,17554
22221,17.7373595505618,3560
57659,17.72730907636945,2501
66022,17.71759216906047,10931
12960,17.71295336787565,965
22661,17.710253548078455,6271
22707,17.70093109869646,2685
15059,17.699360341151387,938
13465,17.6861504095309,5372
12933,17.683011248918373,3467
17314,17.676622039134912,971
55333,17.676542605288933,8168
66060,17.675267317526732,4302
12641,17.673003802281368,2367
74940,17.668003702560938,6482
12593,17.664804469273744,358
20486,17.664284370885838,5317
61008,17.655376132335565,2539
52933,17.654928017718717,4515
11008,17.636640798226164,3608
77631,17.62879529872674,3063
15602,17.62739420935412,4490
22191,17.627086102495937,6771
15133,17.625448028673834,558
50108,17.622109597719355,3157
75752,17.620415982484946,3654
19031,17.618752348741076,15966
22731,17.614508165590582,7899
16307,17.606922513855483,9563
53047,17.60291134709462,8381
12429,17.594296228150874,2174
63031,17.59124673760289,4981
19702,17.588330851495872,7387
15753,17.575693779904306,10450
4771,17.5751425313569,4385
53323,17.571729070256627,2377
12918,17.56675062972292,397
74841,17.56172294858426,12467
22147,17.550295857988164,338
13187,17.54943787835111,3469
13147,17.536630602782072,9705
12630,17.536388140161726,1484
51710,17.53475440222428,3237
68760,17.53286384976526,1704
14705,17.528971274245027,8146
17261,17.518134715025905,7334
54322,17.51746823956443,4408
55701,17.5171365395246,7236
20704,17.496511627906976,1720
17603,17.494329432943296,5555
74964,17.491466589528493,6914
12639,17.481018311746315,4478
12689,17.478163493840984,893
59395,17.477138643067846,2712
12992,17.469563655952594,5569
13072,17.457718305973238,7249
16512,17.441326926057975,6451
68446,17.427590511860174,16020
1024,17.402125208039944,7811
66006,17.40049886129487,9221
61018,17.400220507166484,1814
13137,17.39834406623735,1087
12696,17.396313975072925,7542
59227,17.393666979739702,7453
22610,17.391961722488038,5225
17313,17.391304347826086,1104
13428,17.39018087855297,3483
20484,17.38941504178273,1795
64469,17.385972025136834,4933
22934,17.36891891891892,740
63562,17.367422899680964,5642
20623,17.36299033541785,3518
56312,17.357109986194203,4346
55313,17.340849501835343,3814
22989,17.322097378277153,1602
14704,17.31523789561937,4771
12120,17.313066465256796,2648
19405,17.304221251819506,11679
19715,17.30044136191677,3172
14824,17.298658163943138,22581
1920,17.283900040966817,2441
74915,17.278830963665087,2532
79602,17.270775156475686,10385
22923,17.2673031026253,2095
66309,17.252213259885895,5083
16366,17.246282610631287,11231
55302,17.24398277172536,3947
17626,17.227001985440104,7555
63105,17.22269807280514,11208
54576,17.21764946764947,4884
56807,17.216114457831324,9296
75103,17.212720156555772,5110
13410,17.211410290589175,7502
54552,17.21040958154665,6763
7329,17.2058993637941,3458
17282,17.19913815617655,7658
55314,17.198002049180328,3904
64522,17.193656523981435,3878
20401,17.18543659364394,3241
19015,17.179831684630148,20319
19722,17.173642464917634,8195
4687,17.17321785476349,1501
22998,17.16995324252897,4919
19617,17.165655339805824,11536
61115,17.16068376068376,585
12731,17.155717761557177,1644
65310,17.148746281342966,2353
16218,17.145833333333332,288
79318,17.137447214275983,7341
22675,17.13696394123757,6739
20836,17.13496143958869,3112
22188,17.131130063965884,3752
14151,17.121379310344828,725
56713,17.10675965665236,5592
12378,17.102265768524187,4899
55661,17.09655172413793,1305
16534,17.08436080467229,1541
55421,17.0792427911072,4543
64215,17.078232354778265,6404
16324,17.077361853832443,16830
64173,17.0722525804493,1647
67223,17.070903361344538,3808
54007,17.06297122225762,9417
74303,17.062822315986875,2133
22230,17.062745098039215,2295
22618,17.0590490797546,1304
15553,17.05796326021045,5607
74619,17.05417013022998,7218
2199,17.044419134396357,878
11411,17.032287929637775,8641
16308,17.027124411970775,9991
7191,17.026970954356848,1446
19605,17.025495138638817,13885
11450,17.014824797843666,1484
54051,17.014453477868113,3321
15896,17.009799467843468,15409
74963,17.00323339212228,6804
17003,16.994178403755868,5325
19720,16.99294011616263,19972
59023,16.960222752585523,7542
63203,16.95998709261052,3099
16751,16.956473075488123,8041
54789,16.95373478117802,15195
12795,16.950063478628863,2363
14625,16.937229437229437,462
22640,16.928626415924338,9093
64912,16.917380725695548,9453
15053,16.908732505420854,5073
53518,16.90539974884889,2389
66303,16.902439024390244,7585
56282,16.900710038676902,17323
54026,16.893917963224894,2121
77656,16.884814292430654,4254
63598,16.877565046637212,10185
16571,16.877129750982963,3052
64515,16.874632057800376,7474
17424,16.862068965517242,580
16301,16.857934857934858,10101
15091,16.85058944131215,3902
59719,16.841663753932192,5722
12437,16.839762611275965,337
63051,16.83945986496624,3999
22988,16.833333333333332,5250
68058,16.829854273335958,2539
16528,16.828971119133573,6648
94802,16.819248200479873,3751
56265,16.81392557022809,7497
20492,16.813819342169857,8148
64219,16.81093683764307,2359
11463,16.803949649506293,13267
4706,16.802388486271308,9797
12279,16.799761336515513,4190
66546,16.79420096650558,6001
12671,16.787737420859713,3001
68728,16.783748114630466,5304
68118,16.781763451649315,7973
12250,16.776119402985074,1340
20945,16.772842639593907,788
16213,16.767590286425904,12848
56106,16.764386395965342,7733
16731,16.7640252174607,12531
12033,16.75111111111111,1350
12458,16.74537695590327,4921
17211,16.744436717663422,2876
12964,16.736350909939336,6429
17604,16.736326385177268,5613
12971,16.724055348589676,7516
74672,16.719773184561916,5467
73412,16.71144578313253,1660
6591,16.708438971387178,2761
12463,16.70822281167109,377
17326,16.70512712931107,11917
13349,16.704533556695633,9551
11808,16.698914116485685,5065
54603,16.695536054940863,5242
18208,16.692874692874692,1221
4705,16.68048359240069,9843
11011,16.68040370058873,4756
14626,16.67590618336887,469
61622,16.655164737310773,4492
63423,16.650318891576863,4547
57415,16.62924707801033,7358
16304,16.628286491387126,6618
68063,16.62771908017402,3218
16112,16.619981560640348,11931
68015,16.616091171968023,5879
64439,16.61394921994494,3269
12651,16.61387434554974,1528
13228,16.606525227313245,5609
64053,16.603766684951545,5469
63158,16.597977243994944,791
55607,16.590747330960856,1405
22984,16.59035004730369,5285
54803,16.58568781843446,8636
19021,16.582066869300913,1316
56814,16.57754762818054,7821
20483,16.574630945872062,1829
68750,16.569158460161145,8936
14796,16.548959827833574,5576
11009,16.544760935910478,3932
20410,16.52317676143387,3236
19019,16.514432304739408,27092
22156,16.51195065535852,3891
16236,16.505280821241733,10131
12739,16.50493728315986,3747
15554,16.500988319856244,5565
17009,16.500739426205264,3381
73491,16.47659449970743,3418
67257,16.473303344416195,5113
16305,16.464788732394368,5893
7397,16.464285714285715,1960
14893,16.452067743205987,12695
6071,16.445259042033236,2046
54605,16.428728916326754,9071
55801,16.428032209360847,7948
22196,16.426696832579186,2210
20939,16.426595744680853,940
15907,16.402274641954506,2374
17021,16.400921658986174,434
16650,16.400322883033017,19202
16323,16.400083090984626,16849
51755,16.392879066912215,1629
15768,16.384584068394627,7369
12482,16.383803959753326,6162
13504,16.377153558052434,16020
19035,16.37228714524207,2995
14703,16.349267049075845,4707
59632,16.3447525829255,7356
22138,16.337535583570556,2459
55308,16.321560028193282,12769
20683,16.31645569620253,3081
14714,16.302416212003116,1283
20844,16.30183585313175,3704
15114,16.30062574890161,7511
66523,16.29395997140815,5596
67258,16.293432514436724,10217
13153,16.290354574758243,4033
59234,16.29022534806947,6967
68410,16.283756345177665,3940
67256,16.279563083742282,6317
12825,16.26936026936027,891
64170,16.26541981695185,2513
12011,16.26418219461698,2415
11007,16.258942065491183,3970
17320,16.255114006514656,7675
12963,16.243564993564995,6216
73448,16.243227884068954,5279
59317,16.23802450798366,2693
12673,16.231075697211157,3012
17315,16.23083067092652,1252
52466,16.228211258422082,9202
18014,16.22797303803563,4154
67244,16.226215644820297,3784
61624,16.22128092172145,5902
69165,16.215402298850574,4350
16566,16.211634904714142,997
15107,16.211485367200442,3622
20102,16.20903454384411,2258
14719,16.20822622107969,1167
12944,16.20469798657718,596
19108,16.20321931589537,994
11754,16.20028011204482,2142
18258,16.196913119243217,4017
20641,16.187434554973823,1910
68088,16.174899193548388,5952
22174,16.17075773745998,937
16208,16.163183559735284,11484
14727,16.155480325777646,20382
22955,16.150926167492827,7666
17416,16.15089384910615,9901
63545,16.149023638232272,6811
19107,16.148,1000
53433,16.14121699196326,6968
75679,16.134778409700612,9319
20682,16.128125,3200
16058,16.119810532181667,3589
19204,16.1032,1250
14102,16.103147596767332,4702
63214,16.099899091826437,4955
68084,16.096874307248946,4511
51907,16.08586762075134,1677
67280,16.080830552465702,2697
55319,16.079816130380276,2393
19327,16.07135056425191,5494
20481,16.063976377952756,1016
52460,16.06329816768462,1801
12972,16.052702702702703,7400
12050,16.04724409448819,1143
55689,16.04312865497076,4104
51686,16.04232424677188,1394
12229,16.041884816753928,3247
15721,16.0381679389313,917
22954,16.033882103027086,9415
22226,16.029424877396345,2243
66587,16.027876330461226,3946
59235,16.02716121495327,6848
19338,16.026954177897576,742
16843,16.014871563767464,8876
14815,16.01118683296901,7777
22649,16.006286266924565,4136
61002,16.003149898091532,5397
22915,16.000659195781147,1517
73421,15.99758294880246,4551
9056,15.996532702915681,6345
22738,15.993542953396968,3562
63285,15.991665809239633,9719
68041,15.983493810178818,7997
61003,15.97736298649722,2518
67208,15.974146586345382,3984
16021,15.95330739299611,8224
12624,15.948549810844893,7930
69186,15.946129470348573,2209
14708,15.942975206611571,13310
74019,15.938813638486689,4282
63256,15.937311846998407,5647
63325,15.93335739203657,8313
16507,15.93183817062445,4548
15060,15.924324324324324,925
12955,15.92140350877193,7125
22950,15.917997097242381,1378
22462,15.900816326530613,2450
22461,15.895572263993317,2394
68078,15.895332875772134,2914
4850,15.886352105530188,1971
66039,15.870102320938358,8014
12337,15.868601986249045,1309
16347,15.861510367577758,16976
12925,15.858360743773915,14897
55343,15.855436081242534,5859
13054,15.842787962642685,5782
56005,15.835887762320208,4241
17422,15.831236897274634,1908
51463,15.828454332552694,1708
9207,15.81993006993007,572
6592,15.818014705882353,2720
22676,15.814673514306676,6815
14716,15.811734775003975,12578
15888,15.804819277108434,415
14733,15.786234712464221,15372
17327,15.781570680628272,4775
12674,15.77594779366066,3218
19611,15.775165016501651,2424
66544,15.768722466960352,4994
16320,15.762922122674018,1451
54762,15.754264238219138,6918
16616,15.743807261621988,2947
19344,15.742369374030005,11598
16532,15.742093784078516,1834
74626,15.736296066893775,6458
15064,15.732851985559567,554
12623,15.73049741777657,7358
55327,15.708611234622795,6747
22322,15.704756980351602,3868
17030,15.695778339417766,10683
55466,15.69553698797636,4907
16729,15.678928987194412,12885
19576,15.663663663663664,999
16203,15.656306037059176,3346
17618,15.6550990559766,7521
16868,15.653111939455552,8853
53334,15.651808785529715,1548
52465,15.650465468716172,9238
56810,15.640489066541265,8506
67281,15.628517155407812,8423
12658,15.626377663482733,2722
12340,15.623607540702656,4668
12034,15.622093023255815,1204
22176,15.620805369127517,1192
16231,15.618591079616507,9596
16302,15.617316191241462,9956
12647,15.612577639751553,1288
11125,15.607821229050279,3580
55749,15.602488151658768,3376
22931,15.600550964187327,1452
74839,15.584103974006497,8002
53442,15.584044154540893,11958
16205,15.582803738317757,5350
56911,15.578726801037718,10022
12415,15.575784190715181,7970
19719,15.573629793214215,19924
20606,15.56469735411381,11036
22946,15.556173226934456,11153
13512,15.552416356877323,1345
74855,15.549377593360996,4820
56819,15.541241620518798,3431
22975,15.537662337662338,1540
20601,15.537444933920705,1589
54482,15.53529079616036,1771
79305,15.52048417132216,7518
64026,15.512577727529678,14152
54826,15.511523988711195,4252
12684,15.503961965134707,1893
56224,15.502011879670436,10438
14821,15.500719672980598,17369
66555,15.492915485914319,5999
15055,15.486471090857306,3511
77642,15.483184965380811,6066
64443,15.478151962148623,3593
55335,15.473766504517025,5756
22481,15.469320521619766,7285
55686,15.463901689708141,1302
94804,15.451644100580271,2068
6527,15.44453781512605,2380
54606,15.431882879219195,4918
22956,15.430330015715034,7636
16613,15.426946107784431,1670
12661,15.412683823529411,6528
67782,15.411824520627542,6884
12029,15.410428931875526,2378
12962,15.407104637336504,6728
13034,15.405537791686509,14699
68010,15.405516804058339,3154
56101,15.40313940450978,8027
15233,15.389,1000
12125,15.387741046831955,2904
74934,15.385254901960785,6375
22638,15.384629681256389,10761
22624,15.380715705765407,1006
22801,15.369393139841689,758
19417,15.359213556119737,16937
16858,15.335805084745763,944
58823,15.330770268447322,7413
54013,15.324966974900924,2271
13305,15.319330601092895,11712
11002,15.315652335752839,10746
12087,15.314954682779456,1324
16516,15.309200126462219,3163
68178,15.304057809894386,1799
61001,15.288860918816866,3178
12891,15.284866123399302,8590
59228,15.266904466501241,6448
54703,15.261296296296296,16200
66320,15.257704502219404,7885
14725,15.249509433962265,13250
74924,15.246763436641821,2549
64101,15.246123521681998,7610
59553,15.243646681470516,8106
14732,15.240730415388905,7174
56204,15.240508845160008,5031
69168,15.235751888303959,4369
16022,15.228199252201183,8291
16187,15.227528986278056,9401
16085,15.223244295064568,5653
12313,15.203821656050955,2826
52454,15.203287890938253,4988
12451,15.200205338809035,974
68027,15.179893092105264,4864
19568,15.176893576222435,2086
11425,15.172782698723111,8693
12744,15.16789052069426,2996
61116,15.167774086378737,602
16328,15.16121024776357,21351
55107,15.153722978382707,6245
68066,15.13517017828201,3085
76820,15.132849253426059,9778
54763,15.129234972677596,10980
14802,15.121147798742138,12720
73447,15.117053673391702,5254
15506,15.111619396157366,1093
67229,15.10855427713857,1999
9050,15.10617551462622,923
12467,15.103925515853044,7948
68135,15.101473922902494,3528
55555,15.096923076923076,650
74301,15.090909090909092,2035
27576,15.07981220657277,213
52459,15.07899255867201,1747
64482,15.078728606356968,2045
13319,15.069853883619585,7802
61125,15.067309510304405,5289
76826,15.06447397081246,9182
13417,15.064139941690962,686
20926,15.058899676375404,3090
12931,15.051869722557297,3316
68098,15.051538461538462,5200
74633,15.04885993485342,614
55688,15.0486301369863,2920
64022,15.048381542699724,11616
18602,15.042868191360071,9051
78826,15.031736526946109,1670
55087,15.0314141518179,9709
15063,15.02841918294849,563
13346,15.027695351137488,2022
19401,15.022271714922049,1347
13169,15.021309569934134,2581
12465,15.013923267326733,12928
13344,15.0109409190372,1828
22229,14.994500458295143,2182
14634,14.990854870775348,2515
19566,14.990269032627362,1747
71415,14.988802756244617,2322
57654,14.98730626271127,14259
20490,14.985844688450854,7559
14616,14.962290502793296,716
20645,14.951219512195122,1107
22869,14.947284345047922,626
22482,14.94205298013245,7248
12128,14.928770172509738,1797
12344,14.927091043671355,2702
22662,14.922919937205652,6370
12921,14.921041752790408,4838
13466,14.904214559386974,5220
58817,14.902228134353177,3007
20489,14.894007391763463,7576
19411,14.888583218707016,15994
19804,14.880837359098228,1242
16614,14.875653689715282,1721
53328,14.867325916769675,2427
20937,14.866835077589318,2771
67275,14.863700899195457,8452
14702,14.860299720599441,19685
74018,14.851867394041125,2383
75303,14.841052029731275,3498
66568,14.835250616269516,4868
71408,14.827426810477657,3894
4852,14.80491113824447,7371
74030,14.804327594229875,4298
18614,14.799111393208506,3151
12640,14.79300586213867,4947
11122,14.779135528176125,9902
61026,14.776791000592066,3378
12672,14.772613849033062,3206
15503,14.761658031088082,193
55304,14.758278145695364,3926
20984,14.75186846038864,2007
56306,14.749908458440132,5462
22724,14.74507658643326,1828
57201,14.727722772277227,2020
61010,14.719377835385613,6172
63246,14.714163718433573,8197
12292,14.710963455149502,301
20101,14.706015377657168,2211
19337,14.698412698412698,756
22901,14.69777217318201,2379
66512,14.689986513823332,5932
12629,14.66689053055742,1489
22990,14.663151364764268,1612
12005,14.657,2000
74975,14.653363505451553,4861
67247,14.646785566155122,12055
64218,14.646357051555176,2347
55336,14.641818744200433,3233
12959,14.638655462184873,952
14089,14.636676369409896,3779
20908,14.635205381714401,9811
53444,14.632104719255942,2903
12939,14.628509719222462,1389
55751,14.628475404827375,3273
22457,14.609937888198758,2415
20411,14.607495069033531,2028
74657,14.605273514364423,2541
17410,14.602817846360281,2981
63537,14.60095865787897,5007
26652,14.5962441314554,639
71407,14.596092925026399,3788
66313,14.593981481481482,4320
13404,14.593601159660386,9658
75681,14.593187814823699,4169
63269,14.591404011461318,3490
58210,14.587800719833302,5279
79314,14.583850931677018,7406
56317,14.580440640355048,6309
58024,14.575374531835205,2136
56304,14.575336114974501,6471
59045,14.57462508926446,4201
12694,14.565959217644611,7209
14801,14.55545865376992,12613
15509,14.55365296803653,1752
68106,14.55105269563101,8217
69232,14.549671166493596,2889
68072,14.545978852931754,3121
16730,14.54370921232357,13178
16549,14.54292343387471,7327
69187,14.531044407894736,4864
12683,14.528263103802672,1946
54225,14.521871202916161,1646
69109,14.514081953342197,8273
63548,14.513904338153504,2697
64637,14.51372004168114,2879
65302,14.51231122783979,6092
12434,14.510460251046025,956
4776,14.501645986325652,7898
22175,14.50123660346249,1213
11604,14.498318425760287,13975
20684,14.495427824951012,3062
12456,14.481921553596525,7827
17611,14.478991596638656,6188
5402,14.472628637185599,6083
4777,14.465730481834578,7762
66019,14.456557901471529,7815
54405,14.45598395364386,4487
63528,14.446085672082718,2031
61024,14.430402384500745,3355
14215,14.426256458431189,4258
20954,14.422463768115943,1380
55602,14.421052631578947,2451
66551,14.415112160566705,8470
18085,14.409964342313788,10096
58307,14.407985480943738,2755
54483,14.405263157894737,1520
17317,14.402669317052393,7043
12736,14.399691358024691,1944
74625,14.3945914510032,6878
22135,14.392523364485982,321
14896,14.390911342248637,8076
20966,14.388185654008439,3792
73482,14.388157894736842,3800
74608,14.387931034482758,1508
15887,14.382775119617225,418
22422,14.379879486507729,7634
64640,14.368480725623582,882
55303,14.36310553633218,4624
67784,14.36196319018405,652
67265,14.34672,6250
15666,14.340122914837577,5695
20631,14.337593516209477,3208
13145,14.335365853658537,6888
53324,14.332902670111972,2322
56319,14.331558710440698,6762
57416,14.320119467825142,7366
61623,14.314261884904086,5995
67264,14.3121387283237,6055
68403,14.301750772399588,3884
65109,14.295048934945308,6948
17318,14.294473102431835,6785
16552,14.292718096611392,9709
74628,14.287467700258398,4644
53239,14.282640408460978,2742
22916,14.282034771410174,1553
12662,14.281392783992438,6347
16610,14.274453234062355,10745
11412,14.274037325773683,8466
20677,14.266897746967071,1731
6270,14.264253745864954,5139
16209,14.258908930928289,4546
54383,14.258812470625099,6383
9639,14.250384615384615,2600
6269,14.250097012029492,5154
16574,14.246411483253588,418
55685,14.245989304812834,1309
16349,14.243257328990229,7675
22668,14.242372047244094,4064
68045,14.239575137686861,2542
22620,14.237405541561714,1588
22124,14.230633802816902,568
20985,14.213389121338912,956
22105,14.203997243280496,2902
16867,14.203274215552524,8796
22625,14.182980944922997,3831
13506,14.182461103253182,707
66552,14.18059267867519,8605
59230,14.178838951310862,4272
13177,14.174970157693032,15917
63339,14.159042063248387,13028
59040,14.156586722280153,5754
68065,14.152377972465581,3196
56318,14.152332485156913,5895
66530,14.150149402390438,4016
68097,14.146305509489588,5427
11465,14.145684554172618,4901
55676,14.133347073371805,4852
66034,14.11869419642857,17920
59318,14.113110539845758,2723
12967,14.108458591217213,3393
56604,14.107471393313888,4457
15062,14.099454365079366,4032
22665,14.088052373158757,3055
74617,14.08633262761703,4251
14795,14.083719207260604,5399
22964,14.083333333333334,912
13154,14.0819266261535,4443
56906,14.08021871984561,15545
53048,14.078457287035924,8323
55041,14.07570731707317,5125
77616,14.071562911416212,10634
14629,14.06724622858604,3911
74624,14.066019417475728,2060
16865,14.049908703590992,4929
13422,14.03921568627451,1071
16580,14.02806712962963,3456
59396,14.019921619856303,3062
68119,14.011944444444444,3600
12109,14.0062358276644,3528
75722,13.997586872586872,4144
59024,13.985261218581392,7599
66576,13.980099502487562,2412
12132,13.97922312556459,1107
66069,13.977307692307692,5200
66031,13.973498694516971,7660
56961,13.967634459781056,4202
67263,13.95664,6250
53030,13.944163463483715,14829
54572,13.942815463165573,6855
69164,13.939018281993489,7986
61613,13.938201178931356,5259
68071,13.934684684684685,5772
4773,13.934293429342935,5555
12980,13.925872093023257,2752
11415,13.911912368781378,4382
69112,13.897989210397254,8156
63572,13.897552130553038,8824
14214,13.891764120427966,4019
52452,13.888009049773755,1768
59562,13.88391502276176,1318
55329,13.882374230908432,2763
17332,13.879301940138442,10257
68702,13.876885111050179,3647
16582,13.875077303648732,1617
17304,13.873667927122723,5818
19812,13.868781930626513,11157
74977,13.867227580545865,4873
12901,13.862449347140927,4442
15712,13.86144578313253,498
6030,13.840336134453782,952
19218,13.83442343239016,14066
22925,13.831666666666667,3000
74914,13.828100470957613,2548
18525,13.819116616031783,4279
17333,13.816052120876074,7214
55328,13.808608876973489,6714
22917,13.80775075987842,1316
67267,13.807259528130672,5510
19811,13.806949806949808,10619
63020,13.805981308411216,5350
22664,13.798945286750165,1517
14527,13.798353909465021,1944
20636,13.792009963594559,10438
66582,13.79139658220389,3394
22957,13.79129129129129,5994
56928,13.788283658787256,6811
16521,13.787778997438712,2733
15215,13.750807667456385,4643
11121,13.74527733118971,9952
53376,13.744347826086956,575
13432,13.741536808167652,3722
76835,13.736296296296297,4050
69172,13.732763228220204,3742
6190,13.730599796679092,2951
22231,13.727635075287866,2258
15816,13.723765432098766,4536
20155,13.712710765239947,4626
16847,13.709448595479051,10573
16857,13.705394190871369,964
22936,13.696969696969697,594
1919,13.694211409395972,2384
22995,13.69249883522286,6439
59509,13.683455882352941,2720
63247,13.68248502994012,6680
76809,13.67966573816156,6103
12657,13.677353062063297,2433
66037,13.66285018270402,4105
63536,13.653445512820513,4992
58826,13.651838831800973,7396
66529,13.650602409638553,5644
54759,13.649623029472242,7295
13421,13.637291280148423,1078
53375,13.62987012987013,462
77646,13.62901975978303,5162
16103,13.628776674413691,4733
20938,13.616424802110817,3032
71420,13.614610817941953,6064
65111,13.613939558943644,7346
58828,13.60774357346874,3151
74840,13.602005446892795,8078
56963,13.599055011812352,2963
75223,13.599020293911826,1429
19565,13.583380123526108,1781
68057,13.573266915732669,2409
66070,13.569994317105513,5279
17407,13.560085836909872,2796
64073,13.55780285288482,4697
19701,13.55126582278481,7900
18214,13.543661971830986,1065
16581,13.54131227217497,1646
13162,13.541143654114366,4302
22987,13.533965844402276,5270
54053,13.523186409550046,4356
61012,13.518213866039954,5957
59046,13.513411764705882,2125
20701,13.510660426417056,1923
16844,13.508618625807996,8354
16579,13.507733491969066,3362
78810,13.500303091533643,4949
22927,13.496922875474663,7637
66547,13.49332946635731,3448
66514,13.492721391023048,4946
18632,13.490449148167269,1937
66319,13.484417431785852,7733
54564,13.483153490420612,4541
53643,13.477574750830565,1204
12910,13.477272727272727,1188
68034,13.476231263383298,2335
22330,13.476105563480742,5608
76803,13.472660653889514,7096
21904,13.472584856396868,766
59559,13.464104679948132,8483
61011,13.458340074421615,6181
12025,13.456670697299476,2481
74971,13.443667598881342,5006
18313,13.43288590604027,596
22928,13.425112976113622,6196
67209,13.420668845863716,3977
19619,13.41934213117983,10154
64545,13.412018853102907,2546
20474,13.40551400825985,8959
51901,13.399051490514905,2952
11089,13.394488759970994,1379
63156,13.394168466522679,926
11603,13.391583910838037,13997
22651,13.385371014054707,6617
22939,13.385281385281385,1386
54326,13.382428651371013,8935
63552,13.37600806451613,992
66524,13.374664999106665,5597
74616,13.372393961179007,2782
12247,13.372159090909092,352
12338,13.371794871794872,1170
63057,13.360486891385769,1068
74304,13.35897435897436,1989
7395,13.35703056768559,5725
69171,13.351620311303904,3919
65305,13.34487291849255,2282
67203,13.338480801335558,2396
56826,13.331603435934145,5588
16533,13.330708661417322,1524
54642,13.327745383867834,4116
4688,13.316256830601093,1464
63530,13.308666337773392,6081
19817,13.304206843587338,23438
17303,13.29974025974026,5775
22977,13.293600175940181,4547
14120,13.290750066260271,3773
59833,13.287234042553191,7708
55110,13.286284544524053,9770
18028,13.271246587807097,10990
9635,13.266284440197484,6279
17269,13.261443511057776,5833
22616,13.255297157622739,1935
15105,13.239310645724258,4584
16515,13.2360624402676,3139
64437,13.231020942408376,3056
69151,13.230899830220713,4123
68067,13.224628712871286,3232
13188,13.204904171364149,3548
19571,13.197421153511065,5739
13163,13.194272738741011,7927
52458,13.193586698337292,4210
12605,13.19074539363484,4776
55894,13.183330033656702,5051
22933,13.173455978975033,761
53644,13.158072696534235,1183
56712,13.155579399141631,5592
68064,13.153771760154738,3102
77214,13.132609316947699,6998
68061,13.123560209424085,1910
19814,13.120536844770829,3949
22996,13.117464156158231,5789
66511,13.11229444009397,6385
68111,13.111802346249556,11252
63424,13.108565072302559,4495
20977,13.103983794733288,2962
12885,13.101110323647532,4233
53519,13.100897819581018,2339
68430,13.09217927780802,5511
14713,13.092085235920852,1314
15813,13.089074342161288,11743
4783,13.08479138627187,3715
22930,13.081632653061224,5635
22959,13.056447045497451,5297
26101,13.051724137931034,1856
20635,13.04790298130369,9895
63058,13.042926829268293,1025
61017,13.03901098901099,1820
15036,13.02761583307763,3259
68409,13.02248366013072,3825
66013,13.018181818181818,3575
12169,13.014981273408239,1602
55317,13.00462962962963,3456
66567,13.001235330450896,4857
12969,13.000510204081632,1960
16179,12.997633136094674,3380
19005,12.994453688297282,10818
53001,12.987248365590006,15449
9216,12.986513065467829,3559
16216,12.986278993792878,3061
54814,12.984061877417087,8533
12013,12.979292168674698,2656
66020,12.97907362511165,7837
66057,12.973583798062812,3407
16321,12.971816006381282,11283
14653,12.968694624926167,5079
22609,12.96441005802708,5170
22944,12.956586160912728,6749
19120,12.954006638217164,6327
16548,12.951887490747595,1351
74974,12.945844078555842,5041
58034,12.945510699316126,4533
66563,12.939226519337016,2353
12979,12.931418312387791,2785
22303,12.928391326273323,1983
26506,12.928131416837783,487
16577,12.925979680696662,689
12170,12.920494699646643,1698
20846,12.919141428991473,3401
66310,12.914341975713818,6094
56931,12.9142340480496,7742
12675,12.903903095558546,3715
22304,12.898215147129763,2073
20681,12.896135265700483,3312
20656,12.893129770992367,393
18027,12.886991279069768,11008
20651,12.879915188897456,5188
66586,12.878933728248796,2701
56927,12.86541889483066,6732
74040,12.863972400197142,2029
53365,12.863702472470393,4813
71404,12.863020572002007,3986
12935,12.852838645418327,4016
68404,12.84028126569563,3982
19333,12.836676217765042,1047
12909,12.826086956521738,1196
54562,12.810579455662863,4556
68073,12.791612903225806,1550
66571,12.787684014099108,4823
15778,12.775910364145659,2856
12123,12.775224215246636,1784
66581,12.761061946902656,3616
55501,12.757675800594255,3029
19808,12.749562478123906,5714
14510,12.749290780141845,5640
19217,12.748553519768564,12444
9215,12.746548868028713,3622
19007,12.74520994700367,9812
64634,12.743355341120704,5907
13063,12.743134628265238,2986
6029,12.742105263157894,950
22978,12.729613733905579,4660
15515,12.727838440765527,8517
54760,12.708577975082342,6983
59610,12.68835304822566,4396
66554,12.679547596606975,8488
20605,12.661071293851377,10604
12126,12.661064425770308,2499
16791,12.657144805017726,14668
16592,12.653768641676743,9924
75690,12.648805213613324,4143
15061,12.647136397889977,5308
22225,12.646103896103897,2156
20171,12.637943519188994,1381
58221,12.634986422752608,6997
77211,12.62306652650548,6659
54631,12.620840152755047,5499
19711,12.618459638833153,12958
67276,12.61658031088083,8106
19324,12.604071710726224,3291
66564,12.601279317697228,2345
71430,12.599162910495815,3106
67277,12.596255274261603,3792
9052,12.586195722618276,3086
59320,12.586076249112006,8446
14735,12.578395653563438,15645
75301,12.545667870036102,5540
22118,12.536541889483066,561
52472,12.533039647577093,908
71424,12.528052805280527,8484
20983,12.52203721841332,2042
63068,12.517190497270178,6777
66572,12.509053069719043,4805
75684,12.507971014492753,4140
22937,12.501234567901234,1215
69139,12.500130242250586,7678
9721,12.49278552213255,4089
68033,12.492254733218589,2324
22958,12.492196677294848,5959
22666,12.491071428571429,2688
19621,12.490999526290857,8444
77210,12.476857490864798,4926
22309,12.471143375680581,2755
54018,12.4661095636026,2154
73493,12.46316705336427,3448
22162,12.459071949947862,3836
13431,12.456650511577815,3714
75112,12.439853747714809,2735
68112,12.429583881745469,9877
15770,12.428396358543417,11424
22875,12.427284427284427,2331
12383,12.424282415044539,3031
67283,12.42140954226205,4129
94803,12.42027027027027,2220
16542,12.416796267496112,643
58824,12.412547528517111,7364
22499,12.400448430493274,2230
59229,12.396213503649635,4384
19613,12.388429752066116,2541
16054,12.385499840306611,3131
16856,12.38412408759124,1096
16111,12.383715012722647,9825
67255,12.35141242937853,2655
17328,12.348006644518273,4816
59424,12.34439265149438,7294
54335,12.323264652930586,4999
66058,12.319888302823456,3223
22140,12.308924485125859,437
12634,12.29222309505106,6365
79313,12.283075251290411,7362
12216,12.27515983897703,4223
69178,12.263497989661115,6964
64638,12.256874797800064,3091
22545,12.254755043227666,1735
53327,12.246580695584212,2559
68416,12.239521711768408,7945
12119,12.239091876551969,2819
14730,12.226988131950286,21402
74605,12.215354586857515,1537
22924,12.205446727185858,2093
19002,12.20541217257319,10384
56801,12.20520999468368,5643
82902,12.20409051348999,2298
54765,12.201122019635344,3565
11087,12.196914033798677,1361
63007,12.194161833222402,10517
20654,12.193665817255187,2747
53479,12.193184332816996,4519
59387,12.188334742180896,5915
19712,12.172510083772883,12892
73427,12.151848937844218,3813
53412,12.148733233979135,3355
12042,12.143534482758621,2320
54384,12.140797285835454,5895
13179,12.130705394190871,3374
59834,12.117077578417453,7747
56802,12.115491974877878,5732
67270,12.114380635975321,6321
67778,12.112227805695142,1194
19339,12.10734693877551,17150
68105,12.106912607449857,11168
56103,12.106348781141174,3733
71441,12.103312063202674,3291
68402,12.095537644977393,5087
54531,12.091016548463356,2538
55133,12.08953010948905,8768
4775,12.08948458948459,7722
12796,12.084679179397643,2291
16341,12.08060230292294,7903
17215,12.078442053656543,7343
14503,12.075571177504393,569
22903,12.072604790419161,1336
51903,12.069987546699876,4015
11049,12.068206820682068,909
69113,12.067266698247277,6333
16811,12.060818420723313,15982
56833,12.056451612903226,3224
73428,12.047198384654216,3962
14895,12.045516557112737,8063
14525,12.0390625,4864
68005,12.03718309859155,1775
75687,12.033672670321065,3831
66549,12.028720238095238,6720
12342,12.025959367945823,2658
12438,12.018072289156626,332
19822,12.016346153846154,2080
22953,12.016041030117853,9164
22500,12.005390835579515,2226
56628,12.004683840749415,2989
74932,12.004180418041804,4545
66040,11.997612225405922,4188
12917,11.98991935483871,496
15202,11.988308366824992,8211
12411,11.985310734463276,3540
16539,11.9776247848537,581
13178,11.976414510337996,16154
12911,11.975438596491228,855
66043,11.971021492393142,4141
68129,11.940298507462687,2546
19102,11.939434129089301,11310
12952,11.939115044247787,2825
12127,11.928835489833642,2164
17237,11.92641261498029,3044
12932,11.919402985074626,3350
16180,11.910428158655108,3807
63534,11.901264298615292,4983
12464,11.889473684210527,380
17436,11.888,12250
74970,11.887248054280583,5011
12681,11.88433734939759,415
17392,11.8839551991517,15089
66575,11.879742962056303,3268
64074,11.879494655004859,4116
22487,11.87047146401985,2015
12653,11.864362952515279,4254
68761,11.85982404692082,1705
79433,11.854494503125673,4639
55332,11.841643148322358,6378
74968,11.837857142857143,4200
15054,11.837495122902848,5126
54766,11.836281943274361,3561
64433,11.834929992630803,2714
64635,11.818974537844436,2867
12401,11.813120860927153,4832
20174,11.812697299193266,2851
56621,11.808776660946311,4079
64407,11.793325526932085,1708
22302,11.785762711864407,1475
55316,11.78408442669709,3506
66324,11.754902967450457,9739
67230,11.75,2096
9208,11.744718309859154,568
12698,11.735207100591715,676
12902,11.731240258294367,4491
16531,11.721222040370977,1833
54560,11.694542745390203,5369
76825,11.690847605541617,9167
55344,11.689597032540886,5931
22929,11.676205617382088,5661
12412,11.668956043956044,3640
22935,11.66499162479062,597
58305,11.661785714285715,2800
16866,11.661783793806787,5393
66585,11.651234567901234,2592
53213,11.631558262920024,10178
71401,11.631358467983244,1671
56718,11.631137562559177,7393
55311,11.62784182738929,9281
55348,11.622410239722313,9219
66045,11.613744994186797,7741
55824,11.602171767028628,1013
20642,11.588296760710554,1914
20653,11.587783326930465,2603
51102,11.585253456221198,434
22965,11.575700934579439,535
9055,11.574479076976063,5807
59271,11.567230632235084,3369
12915,11.566011814809727,7279
11426,11.563832199546486,8820
22926,11.561158432708687,2935
53023,11.556005398110662,741
20902,11.555430289364901,2661
14505,11.544465174129353,3216
12608,11.543672014260249,4488
16227,11.543278266890889,10109
53025,11.526976160602258,797
79435,11.510117145899894,3756
15015,11.505882352941176,510
26102,11.495826377295492,1797
54637,11.493767591475674,2487
56808,11.485677083333334,9216
6718,11.47635135135135,296
69173,11.47311072056239,2845
54641,11.472461273666093,4648
59511,11.471323293816084,3121
20672,11.470058532192706,2221
56962,11.467365412101001,4198
12384,11.466884176182708,3065
67251,11.452562704471102,7336
61013,11.450925313945802,6052
69110,11.449464668094219,4670
20669,11.445887445887445,1155
12031,11.445876288659793,388
56271,11.443149946062567,4635
54389,11.437810945273633,804
9733,11.433393747168102,4414
56716,11.431226765799256,5649
71429,11.429618001046572,1911
69190,11.41094527363184,8040
61614,11.384361660845945,5154
12045,11.382022471910112,1068
73481,11.381334022750776,3868
54385,11.370744010088272,793
74032,11.37021777516186,3398
22349,11.364675984752223,2361
75111,11.359021859948129,2699
55090,11.358306981269765,4111
16101,11.356287062810118,8263
20665,11.349566652909616,2423
54019,11.347917395869793,2857
75688,11.343310775637688,3842
75733,11.341392998917359,2771
22680,11.339169726066084,3541
18004,11.333831291704014,10041
66533,11.321763415120687,5013
55687,11.320135363790186,2955
68429,11.31998488855308,5294
64643,11.316326530612244,4018
22949,11.309037900874635,1372
14892,11.299676524953789,17312
4778,11.29479843953186,7690
74973,11.293371522094926,4888
12916,11.284959291529782,7001
70101,11.28177966101695,1888
12953,11.27016129032258,4464
12632,11.257700573065902,5584
18249,11.256253474152308,1799
14633,11.251751313485114,2284
59075,11.249443498756056,7637
69207,11.236614853195164,4053
12030,11.231237322515213,2465
16088,11.230985256260238,4273
74972,11.229635530770762,5021
56313,11.226157595450854,6155
55330,11.226024313372355,6663
75113,11.22381852551985,2645
76810,11.220440881763528,5988
66519,11.213127265788971,5241
12009,11.205549042594763,2559
18251,11.199406968124537,1349
66323,11.198248325605357,9705
54481,11.188752424046541,1547
63034,11.185266457680251,3190
12981,11.179961402380187,6218
56965,11.165262636273539,4036
19575,11.155555555555555,990
19334,11.152694610778443,1002
22484,11.150807136788446,4708
12726,11.14546589667551,6407
68717,11.140625,3648
63541,11.129880110667077,6506
22547,11.12938105891126,2682
56105,11.128504672897197,7704
56605,11.120924473792819,2423
63245,11.11842946668372,7819
22960,11.117555165006834,5121
66055,11.108782880071333,6729
55309,11.097853220169746,2003
69140,11.09643586411732,10774
55819,11.094488188976378,1397
63357,11.094130675526024,1806
6584,11.091982958946552,5164
22962,11.065653825284862,1843
12157,11.052352048558422,1318
63533,11.051523656776263,4988
22985,11.04320987654321,486
22681,11.03904923599321,589
56722,11.038209982788295,2905
22164,11.03775365738556,4238
16576,11.037649743297205,1753
73401,11.035983263598327,5975
13503,11.034497628288054,16233
64174,11.033034450212364,2119
66014,11.025624054462934,10576
56314,11.019912198181249,6378
12986,11.016421052631578,2375
17270,10.993582544521097,6233
22697,10.988120950323975,926
64409,10.974123539232053,2396
56742,10.972503373819164,5928
20659,10.97177700348432,2870
59720,10.96825944454028,5797
22671,10.955676516329705,1286
1596,10.932163742690058,855
58306,10.9291280148423,2695
6582,10.9289843104872,3633
19101,10.928385416666666,14592
53339,10.918100701083493,3138
16850,10.912833763996554,5805
56267,10.911384046487058,7572
13189,10.905363389040032,5146
20952,10.895337773549,1051
77203,10.87305207145572,2631
15508,10.868880618379617,3493
12040,10.862173038229376,2982
79309,10.825205997568553,7403
66608,10.817139408569703,6628
68037,10.81575080811049,3403
22451,10.802209181912323,2897
76824,10.801452784503631,2065
66591,10.80040762847576,6869
22473,10.787719298245614,1140
68704,10.781456953642385,3624
13103,10.775938635446105,4954
12606,10.775020850708923,4796
12631,10.77285050348567,5164
66609,10.761290322580646,8215
59713,10.759312320916905,3839
63362,10.758188153310105,1435
12908,10.7438494934877,691
56006,10.74345883854499,3134
16853,10.739122350316103,5378
74606,10.731931668856767,1522
26461,10.700434153400868,691
22323,10.699588477366255,486
12951,10.697624190064795,2778
22224,10.693478260869565,1840
6716,10.688622754491018,167
16617,10.686221009549795,733
75730,10.682962720732505,6116
73442,10.675562844789026,6707
17348,10.672202496850304,8731
68046,10.669431279620854,2532
66038,10.667150108774475,4137
75304,10.666812227074235,2290
64441,10.662311955661124,2526
12686,10.657949356579493,7227
14729,10.655937384216376,21592
12426,10.647624774503909,1663
16722,10.632141389231402,7299
15711,10.628683693516699,509
12995,10.627768014059754,2845
67250,10.62540192926045,3732
52474,10.610582413399316,7881
71427,10.599468320779796,2257
69212,10.599245800479945,2917
79459,10.593739481656009,2971
69154,10.588274263000994,3019
56003,10.58149316508938,3804
20487,10.57213438735178,2024
68077,10.566678333916697,2857
16834,10.566471877282687,2738
56266,10.565506028993362,7381
74952,10.562771669649706,3911
63103,10.558516196447231,11484
66016,10.552081353354875,10522
69160,10.541941228851291,5615
15042,10.538784744667097,3094
54754,10.53560807638128,6389
63021,10.534913032518276,3967
53370,10.532613796339747,6393
13505,10.53138686131387,685
59421,10.518777048722603,7163
12480,10.517229842756775,5978
74682,10.516064757160647,4015
14613,10.501662356852604,2707
12693,10.494341784844579,6981
19406,10.492190870653205,11589
65303,10.490221642764016,2301
22650,10.488211118321436,4623
66607,10.48741279951471,6594
59835,10.483104344597104,8079
54825,10.478574755472753,4294
15814,10.46772955921221,11729
56302,10.46551724137931,4118
63538,10.462988966900703,4985
22951,10.458394160583941,685
67266,10.455850681981335,5572
4780,10.454684058953074,5903
9211,10.449457528446679,7558
12996,10.449445983379501,2888
12928,10.433639947437582,2283
22310,10.43151903237282,2811
26502,10.431177446102819,1809
75683,10.427070899976128,4189
69185,10.425806451612903,2325
74984,10.424985899605188,3546
56311,10.422993917990976,5097
22153,10.419386264003897,4106
55123,10.414090019569471,2555
20965,10.395061728395062,3807
63358,10.393406593406594,1820
12638,10.388929001203369,4155
16766,10.38256087981147,1273
52951,10.381717960496095,6531
68013,10.375069405885618,7204
59557,10.370868885951207,8321
16104,10.370777027027026,4736
54015,10.368560105680316,2271
19606,10.36817238170234,13969
74987,10.364762386248737,3956
19418,10.363676709896938,20279
69120,10.350996309963099,6775
66532,10.344762355166706,4229
69108,10.33228544482867,6362
20624,10.322988505747126,3480
53028,10.315054452274182,7805
22902,10.31488469601677,2385
59049,10.304688763136621,12370
82901,10.295387219636057,2363
51101,10.28752642706131,473
19036,10.286090775988287,3415
14606,10.278625954198473,524
66588,10.262202753441802,3196
55360,10.261958483754512,4432
55668,10.258960934353604,4966
12110,10.254255903349808,3642
16327,10.251294117647058,19125
22672,10.24785100286533,1396
68707,10.247787610619469,3277
12158,10.240569395017793,1405
14736,10.229758804212434,8831
66603,10.226275442770287,3783
13329,10.225,3760
59630,10.219039351851851,3456
53366,10.217182274247492,4784
74039,10.2132456552372,2129
14822,10.2092186429061,17508
14630,10.200768245838669,3905
67249,10.199731182795698,3720
55340,10.190220411187257,5399
52930,10.187247204377826,4203
69243,10.184160250101314,17273
56821,10.18231046931408,8864
71406,10.18106465279057,5429
55331,10.18047764064754,6239
63241,10.176028837488735,9987
66545,10.175835302058724,5926
59475,10.17357762777242,2074
16326,10.145635128071092,9565
68762,10.143184421534936,1746
66010,10.142583365274051,10436
20838,10.13189062728469,6839
54755,10.131475358211306,6351
74988,10.1189229618549,6685
11010,10.118625277161863,3608
20643,10.115898959881129,1346
59550,10.108083560399637,2202
12907,10.098853868194842,698
68131,10.096256684491978,3366
56002,10.082913828842168,3377
54561,10.081658828559213,4678
16848,10.075411788053184,10078
51684,10.070713809206138,1499
20412,10.06941230911615,2161
9212,10.062841166289441,7511
21896,10.05739514348786,453
22658,10.046710195881467,1991
69118,10.045226130653266,3184
22991,10.044692737430168,895
63372,10.04010405376111,4613
56834,10.038557993730407,3190
22961,10.038335158817086,1826
22626,10.038230343832652,4159
68120,10.03076923076923,3705
19119,10.028245867437008,6231
66042,10.022073060539563,7747
66027,10.019328058113892,7709
66046,10.015825688073395,13080
16590,10.002291189335555,9602
22447,10.001758499413834,1706
53171,9.998535360580275,14338
12015,9.997348886532343,3772
20705,9.99354593773728,2634
20957,9.988524590163934,1830
16057,9.957677165354331,3048
12215,9.953708077468116,4234
69146,9.952315451627694,4362
71402,9.94780361757106,3870
15507,9.947489901904213,3466
61633,9.94679711490395,14003
73411,9.940605368360936,1751
56281,9.920298231418332,17302
12929,9.914926357441196,4549
69114,9.893506083109497,6329
61016,9.886994088221918,4398
67272,9.884794414274632,2578
12984,9.883802816901408,2556
12243,9.877300613496933,1956
22185,9.868031854379977,879
26462,9.86627043090639,673
66008,9.862991526230601,10503
68087,9.86103361232895,7527
63155,9.860115606936416,865
22346,9.842921460730365,1999
63107,9.838032913097873,10391
12991,9.835548467127415,5643
14506,9.832048811817598,3114
56964,9.828869565217392,2875
74685,9.821739130434782,3450
12690,9.815602836879433,987
15038,9.814326821141906,6603
12922,9.813779527559054,5080
22628,9.80920564216778,4041
4853,9.80734223300971,3296
19105,9.807288833631207,12869
22622,9.806774441878368,1299
19008,9.800877893056663,10024
12027,9.79684282772821,1457
67235,9.79632587859425,1252
22301,9.793903247183565,1509
12153,9.793181818181818,440
66535,9.78500871586287,3442
66032,9.769731800766284,7830
68701,9.7673568818514,3284
69119,9.758037735849056,6625
16862,9.753554502369669,1055
12636,9.746709816612729,4635
78816,9.742883274265463,8747
66515,9.742798774259448,4895
66601,9.719662058371735,5208
69177,9.716773733047823,7005
19816,9.715434083601286,3732
65304,9.713020372010629,4516
66300,9.70817025440313,4088
12468,9.705563443913773,7747
51462,9.696766320927395,1639
66015,9.67876829500095,10522
12014,9.673455056179776,2848
16102,9.672781065088758,8450
56772,9.67067454656613,4907
74603,9.669811320754716,1484
94801,9.668108108108108,3700
56617,9.66694987255735,7062
67231,9.663612565445026,2292
64172,9.65913255956017,1637
19328,9.656721848280881,5497
19207,9.653598971722365,6224
54625,9.648634453781513,3808
16812,9.638831807709073,16059
61615,9.636779053970606,8097
74985,9.632315330224161,6647
22657,9.62125902992776,1938
19735,9.614264009294843,11189
12676,9.601914545879056,4283
69244,9.595526936123727,17393
73494,9.59531294655616,3499
59269,9.59254498714653,2334
64521,9.58955076192361,5053
20703,9.589123867069487,1655
66321,9.578811659192825,8920
19315,9.576220553089792,11716
12989,9.573244552058112,3304
66051,9.569828827387617,6251
52457,9.560722702278083,6365
59204,9.550229357798164,4360
19004,9.541652726664436,2989
55341,9.540707515233581,11816
69174,9.538955598994693,3581
20687,9.530571992110454,507
66553,9.527867715078632,8648
55129,9.51624266144814,2555
68039,9.514828678376043,3473
20951,9.513133208255159,1066
16849,9.50944032366824,5932
6528,9.479012345679012,2430
66579,9.474723302422973,6686
64623,9.471491520897317,7489
67245,9.471297462659708,5557
54761,9.457900807381776,6936
20173,9.454769447377684,2841
71425,9.445534838076545,2038
20935,9.441767068273093,498
20959,9.42276591333195,4823
12927,9.417173252279635,2632
16575,9.414012738853502,1727
69169,9.40895104895105,7150
69181,9.402900254752106,5103
53480,9.380890618244704,4626
67253,9.37913486005089,2358
63531,9.378575776019476,4929
12958,9.377523350406749,3319
69115,9.376217079010376,6265
12985,9.36087689713322,2372
53051,9.359806433247936,3513
51906,9.357648339684268,7348
75220,9.331525423728813,2950
13304,9.324572382144346,2397
69213,9.323996971990915,2642
12124,9.322736696613683,1447
63046,9.300567107750473,1058
13146,9.28712718281564,6471
12983,9.285603715170279,2584
53517,9.285032537960955,2305
59717,9.284974093264248,3474
22223,9.28214731585518,1602
61123,9.279171417711897,5262
79434,9.267150395778364,4548
11904,9.26648773006135,2608
54401,9.260879025239339,4596
16053,9.251197053406997,2715
12934,9.251166861143524,3428
22233,9.248828125,2560
63104,9.247585540838852,14496
69245,9.243419106773144,3381
59481,9.238186287899481,3661
67269,9.23531211750306,3268
68122,9.229846997031286,8758
55325,9.227842435094002,2234
22952,9.225531914893617,705
54222,9.223529411764705,3570
56966,9.221026894865526,4090
13303,9.21815834767642,2324
19572,9.21505376344086,5766
20841,9.209310986964619,2685
51905,9.189256632519044,7614
17236,9.18903952644644,5237
16090,9.182960413080895,5810
79310,9.181459834171537,7357
22208,9.178181818181818,1100
64429,9.172826830937714,2922
12990,9.163949006818855,3373
12017,9.154168119986048,2867
53014,9.152153987167736,4364
56771,9.149680872966853,4857
56714,9.139573070607554,5481
63153,9.12914691943128,844
55342,9.128804439213049,11894
16215,9.128802588996765,3090
16522,9.122000813338756,2459
66311,9.106932303313682,4919
56704,9.105443234836702,3215
13180,9.09774656131109,3417
66531,9.095464135021096,1896
12637,9.093553459119496,3816
55678,9.090870488322718,2355
15556,9.082566323768273,3694
73472,9.080745341614907,1932
56111,9.077822177822178,10010
69107,9.072500394882326,6331
20826,9.069919517102615,1988
56711,9.06760665220535,5532
12547,9.060647359454855,2935
77205,9.040218470705064,2014
20671,9.03989703989704,2331
20633,9.034988337220927,3001
56776,9.028892455858747,623
64641,9.024443561208267,5032
9049,9.024134312696747,953
59712,9.018933877075444,3433
59213,9.008164852255055,2572
20661,9.008134490238612,1844
59307,9.0,3468
59601,8.996765406877767,5874
12007,8.995069033530571,1014
63401,8.994305409860633,6673
20664,8.984737484737485,1638
54632,8.983375156838143,6376
69126,8.977591726175818,4061
6170,8.96629213483146,3382
19815,8.965718841349986,3763
52952,8.961250953470634,6555
66011,8.961216730038023,10520
16303,8.958469296944527,6742
16732,8.956899324541654,12436
54786,8.95448136958711,4965
54558,8.949743003997716,1751
12974,8.940766550522648,861
16087,8.935438922433812,4306
63244,8.934153464908398,11299
65102,8.927026480695371,4947
21894,8.905829596412556,446
56815,8.902645861601085,2948
22986,8.89873417721519,474
54804,8.89404847612191,8334
66318,8.888821569221449,3301
59608,8.885318833415718,4046
79307,8.86750651607298,2302
54785,8.86372045220966,4865
53515,8.85699848408287,1979
59556,8.85641535213017,8051
13064,8.85236958745312,2933
68017,8.84964200477327,3352
56700,8.846479029925465,8989
6169,8.84414440857059,3407
12654,8.843683083511777,4203
20944,8.83424408014572,549
56727,8.824242424242424,3630
54557,8.822598870056497,1770
74632,8.81651376146789,1853
22232,8.812166962699822,2252
19303,8.809187279151944,4811
55320,8.80238302818948,3441
20678,8.796670030272452,1982
59718,8.795424836601308,3060
74942,8.79131255901794,2118
54756,8.784480098734958,6482
66565,8.780193236714975,414
66052,8.778466557911909,6130
74602,8.777173913043478,1472
56729,8.772987721691678,3665
64644,8.76770884220811,4094
64636,8.767026298044504,2966
66592,8.764900662251655,6644
63041,8.764643237486688,939
52473,8.764285714285714,840
69121,8.757155635062611,2236
15041,8.753683415187004,2647
54014,8.751005811354492,2237
19323,8.736043515602633,3493
63111,8.735277102857804,8643
15044,8.72224244630506,2747
66569,8.711154408183146,4106
76804,8.696893012793478,7113
69117,8.6916679043517,6733
66548,8.690346605557147,3491
12954,8.690059774186407,4517
61621,8.689150840427855,4581
69143,8.668654394607207,3857
51688,8.664355062413314,1442
19316,8.65253440464997,11699
20628,8.644213543532784,2791
68116,8.643147049640962,6406
75110,8.639758581667296,2651
63529,8.624884650876654,6502
12032,8.617433414043584,413
51461,8.617396593673966,1644
67284,8.59721082854799,3657
56529,8.594993697100666,5553
12018,8.586243386243387,2835
14615,8.580965909090908,704
26472,8.578609625668449,935
69150,8.577604726100967,3724
75114,8.575493171471928,2636
75109,8.562898986105896,2663
54226,8.550343964978111,1599
20912,8.54073689673067,1927
66578,8.534188034188034,7254
56731,8.52710054402579,4963
56739,8.52625173852573,5752
65308,8.521713265913148,3362
19426,8.512198074944004,16519
20634,8.508620689655173,3016
20607,8.497920997920998,962
68107,8.482133933033483,8004
66312,8.481473728281347,4777
56738,8.460083238743852,5286
22458,8.454945935122147,2497
66316,8.442626346313173,4828
56818,8.44208903449605,10378
51105,8.436058700209644,477
68175,8.434949961508853,2598
74853,8.433182922596322,2881
69153,8.4296973518285,3172
59346,8.427019367028814,2117
63501,8.425105485232068,948
56610,8.421796407185628,4175
20627,8.421691464369616,2554
22350,8.410361842105264,2432
20982,8.408372827804108,1266
20943,8.400379506641366,527
56703,8.399209486166008,3289
20646,8.386051080550098,1018
20842,8.381026438569206,2572
14706,8.37977145635789,8226
66306,8.379200819672132,9760
59345,8.37573385518591,2044
19721,8.374734739732867,8011
76802,8.369387755102041,4900
12680,8.368161338768505,4661
61112,8.363309352517986,556
69170,8.359062539803846,7851
19309,8.358608238962745,6093
11903,8.341689163131507,2593
75689,8.336051810985849,4169
74976,8.333869670152856,4972
74029,8.326478743068392,4328
73471,8.323543344386547,2111
55662,8.318471337579618,942
79601,8.314467997530356,9718
13113,8.313012048192771,4150
16765,8.306772908366534,1255
56315,8.301502145922747,932
56301,8.287334137515078,4145
56733,8.285598486895434,3701
51103,8.282275711159738,457
67254,8.274355613805156,2289
26752,8.27007299270073,1096
26651,8.26996805111821,626
19319,8.26691042047532,547
59482,8.258462345840986,3811
12010,8.251948051948052,2695
22550,8.244669509594882,1876
65133,8.243270189431705,2006
12973,8.237054085155352,869
74981,8.236486486486486,3404
12930,8.23632725655847,4498
54559,8.233515964481391,5293
22345,8.227513227513228,1890
68132,8.225364181662382,3501
20888,8.188184663536775,2556
19106,8.186561326658323,12784
20660,8.18064753495217,2718
68114,8.180594243268338,6462
55820,8.17867867867868,1332
54016,8.168086060062752,2231
75735,8.163107511045656,2716
66517,8.160604822231303,2447
77201,8.155368763557483,3688
16854,8.152389705882353,5440
64501,8.144650074452244,4701
66610,8.139987752602572,8165
56217,8.139229422066549,3426
20608,8.138392857142858,1120
74986,8.13258051024676,4782
64415,8.130872483221477,2086
20894,8.125827814569536,1812
56831,8.1118930330753,2842
69189,8.111779113783122,4491
55502,8.110186418109187,3004
74613,8.108170844939647,2154
74607,8.107533805537669,1553
54221,8.10398359695372,3414
22667,8.100944081336237,4131
69141,8.100061766522545,8095
55910,8.098308971051877,3489
15019,8.09350237717908,631
22464,8.067372473532243,1039
54224,8.06378132118451,3512
79460,8.051816389749366,3551
53333,8.04736211031175,1668
19012,8.045115028383627,3347
69182,8.038680781758957,4912
51756,8.033962264150944,1590
16568,8.027035236938032,9876
4784,8.0177304964539,3666
65301,8.014073615836685,6466
53054,7.9948954788526985,8228
53513,7.992747440273037,2344
76805,7.990034877927255,2007
69198,7.983502886994776,3637
53648,7.9653423499577345,1183
14119,7.959700335830535,3871
20960,7.949787234042553,4700
64633,7.948986722571628,5724
79431,7.929638854296389,3212
63532,7.924938474159147,4876
74688,7.914513468938978,3638
59354,7.906472128694351,2673
74978,7.881692400240626,4987
74969,7.8726130045927,4137
59422,7.868413677130045,7136
18252,7.864782276546983,1309
59631,7.84798261105828,7361
68708,7.838344827586207,3625
16214,7.818585103899136,12849
4801,7.809915773353752,5224
66059,7.803213844252163,4045
79317,7.803048863481693,7347
20887,7.800456100342076,2631
74604,7.796522858982614,1553
75302,7.796056137857524,5629
6605,7.7860927152317885,1510
54788,7.773290094339623,3392
66527,7.758539458186101,1698
51104,7.747340425531915,376
74858,7.732542819499341,3036
16846,7.731093322098167,9494
20674,7.713089005235602,955
21893,7.711060948081264,443
14027,7.693010855075224,5251
54753,7.679974346641013,6237
74862,7.679846306395637,8068
12028,7.668771929824562,1425
54787,7.634206402507275,4467
52956,7.632374814080317,4034
63243,7.6303578084234065,10732
12479,7.6219409282700425,5925
69184,7.609860423232778,4442
26501,7.608208955223881,1876
76823,7.6061076604554865,1932
19033,7.604829735143556,8986
66562,7.5992119335772585,3553
15020,7.596599690880989,647
22488,7.591083413231064,2086
22652,7.589682316558898,7114
20662,7.581382978723404,1880
54402,7.570499887917507,4461
51685,7.569916855631141,1323
63133,7.568608382767675,10283
12012,7.564989939637827,2485
37290,7.552502050861362,2438
5401,7.55135593220339,5900
76806,7.535204332840965,2031
20825,7.533576262363352,1921
74653,7.530612244897959,2548
75738,7.528322440087146,2754
19304,7.527486361728913,4766
53645,7.5141430948419305,1202
76827,7.511443661971831,3408
12248,7.502994011976048,334
16870,7.484408992023205,5516
51863,7.469674556213017,1352
69148,7.467475950526798,4366
26751,7.465454545454546,1100
14528,7.463450292397661,2052
16115,7.457449344457688,4195
63169,7.453686200378072,529
56745,7.440973265244819,3329
20670,7.43827671913836,1207
68121,7.432149362477231,2196
14509,7.427826086956522,2300
59122,7.4037711313394015,6152
16721,7.4037705140377055,7373
56824,7.391468369123621,3446
26505,7.389247311827957,465
59267,7.388535031847134,2355
19034,7.3877418657442435,9251
20913,7.3843674456083805,1241
67252,7.3760092272203,2601
16540,7.3743409490333915,569
76815,7.36436170212766,6016
12982,7.341097638800255,6268
79436,7.341069100391135,3835
59836,7.334317706410729,8127
79308,7.32317880794702,2265
14601,7.316146881287726,3976
66056,7.314759486106961,6694
59123,7.313379270743612,6966
52467,7.309873547068591,7829
67278,7.3028692879914985,1882
56112,7.292024663903771,9893
22627,7.286255924170616,4220
53092,7.285671907445861,6742
12244,7.281442809682012,2107
22228,7.280565026790064,2053
20666,7.263910355486862,2588
66062,7.260869565217392,4094
59125,7.258459555269094,6206
12633,7.241751881149913,5183
66068,7.240305149396058,1573
53015,7.230293100309485,5493
15908,7.226280436607892,2382
76812,7.224662162162162,10656
56701,7.20808301474604,1831
52950,7.198073598419363,4049
59268,7.190393768931199,2311
59121,7.188956895429092,7679
19310,7.1819754639823845,6358
51106,7.181141439205955,403
12016,7.167763157894737,3952
69122,7.165551839464883,2392
56208,7.157962604771115,4653
74948,7.153183341311633,2089
56737,7.152046783625731,5301
74849,7.1513532763532766,2808
63032,7.150689272698463,6311
20981,7.147718484145399,1293
59126,7.13749806231592,6451
59512,7.135974643423138,3155
76819,7.129144851657941,9741
14602,7.123480797277589,4114
13117,7.117951127819549,2128
74601,7.10030627871363,1306
55127,7.09972602739726,1825
14526,7.09121824364873,4999
75736,7.090677348871085,2746
69211,7.088308902395424,2797
59606,7.07408318976126,4063
26482,7.07177033492823,1045
20911,7.064032016008004,1999
63134,7.055827517966878,9601
6717,7.053738317757009,428
56603,7.052713523131673,4496
15016,7.04868154158215,493
74982,7.041629364368845,4468
59510,7.0345765345765345,2574
73450,7.026615236258438,5185
66577,7.020982882385423,7244
19320,7.005415162454874,554
19821,6.993436474449132,2133
76837,6.987364620938628,554
51868,6.983687943262411,1410
69234,6.982052622408085,5739
55322,6.92863436123348,2270
14028,6.926643861649563,5262
66528,6.9210686095932,1647
20644,6.917056856187291,1495
66044,6.914993804213135,4035
19011,6.897730621868553,3393
22966,6.894160583941606,548
66322,6.884161283136556,8978
67237,6.877386508273228,2357
74851,6.872574148663493,2731
69142,6.85066399398647,7982
74681,6.8405172413793105,3944
66621,6.836734693877551,294
77207,6.829912023460411,2387
68108,6.824958197659069,11363
53435,6.812620638455828,6735
56624,6.805467511885896,2524
56625,6.802674591381872,3365
53178,6.786784688252194,12879
51107,6.763414634146342,410
68083,6.740652690728334,4627
16309,6.7401149036836765,2959
59549,6.728971962616822,2247
74658,6.728036401820091,2857
52469,6.7075471698113205,742
67268,6.694568868980963,3572
66542,6.679290508149569,2086
16310,6.669027688345138,3106
59711,6.667662682602922,3012
69144,6.656190734218369,3691
61136,6.642857142857143,2576
66602,6.6425548287803,5198
76801,6.6401953690303905,5528
79432,6.630971993410214,3035
51402,6.601016518424396,1574
68040,6.599586288416075,3384
53175,6.597224463450057,12394
14090,6.59609375,3840
59716,6.592990534663596,3909
68028,6.578647106764466,4908
68725,6.5769350326391045,3217
56210,6.560945780676723,4906
71416,6.559161873459326,2434
66026,6.553063885267275,7670
76822,6.548031496062992,1905
66025,6.547457627118644,7670
54484,6.53946587537092,1685
69124,6.538285190279688,2181
16845,6.529107105862855,9654
69125,6.526375112714157,4436
61132,6.52633779264214,2392
16550,6.523796610169492,7375
56707,6.511663132384126,3301
69201,6.5107851596203625,1159
59270,6.5093194625054185,2307
37279,6.507312614259598,2188
61113,6.499270072992701,685
22489,6.482310469314079,1385
56743,6.479604027991125,5859
56741,6.4713440405748095,5915
4703,6.469470827679783,737
66304,6.464592984778292,7555
18250,6.463583815028902,1730
13104,6.458821194681485,5039
54321,6.441728395061729,4050
26481,6.431132075471698,1060
9410,6.427350427350428,234
56205,6.426294820717131,2510
68081,6.41157440690151,2782
75734,6.394149908592322,2735
66616,6.368855844692276,2421
74923,6.366475793857366,1921
56730,6.358927162766237,3803
66049,6.356993736951983,479
22992,6.344748858447488,876
22548,6.341889880952381,2688
13118,6.32208726945569,2223
22154,6.319801533603969,4434
21895,6.303317535545023,422
61138,6.30290611028316,2684
12006,6.2998585572843,2121
67233,6.2907774390243905,2624
55362,6.283568502503414,4394
68179,6.277812305779988,1609
53180,6.26658667419537,14168
53016,6.257600582559621,5493
54387,6.236708860759494,790
75682,6.221492827619742,4113
66541,6.216406643180674,1987
76836,6.203970223325062,4030
56323,6.195732155997057,4077
71410,6.190648165747957,5261
66536,6.178541016179393,3523
12614,6.164035087719299,1140
59483,6.15340613624545,1923
53511,6.125263601855757,2371
67232,6.124945770065076,2305
20663,6.12041564792176,1636
19346,6.118552921046199,8182
66622,6.117647058823529,289
25036,6.1165371809100995,901
20987,6.0993532159540065,5566
52929,6.098043782021425,4294
59605,6.095344229816741,4038
12668,6.094202898550725,552
66606,6.079049676025918,2315
12049,6.064205457463885,1246
69203,6.05614973262032,1122
20602,6.0546659304251795,1811
63019,6.043179212839129,5234
26404,6.033398821218075,509
19819,6.0230641700799685,20508
69175,6.021368134232038,6973
56623,6.018817204301075,2232
69205,6.016622922134733,1143
63112,6.006076618229855,3785
56626,6.003006614552015,3326
56207,5.998393574297189,4980
71418,5.994263862332696,1046
53018,5.991732002851034,7015
9529,5.989543726235741,1052
66604,5.988088935944944,3778
4774,5.97840349917988,3658
55465,5.970336327553792,4787
53009,5.968070754009894,6671
74861,5.96517288727999,8011
12046,5.964314679643147,1233
20673,5.960804020100502,995
54388,5.959748427672956,795
16567,5.952573856338306,10121
63042,5.948155533399801,1003
66570,5.9389450867052025,2768
69104,5.925535779150018,2753
68038,5.894550287992911,2257
54563,5.893359718557607,4548
22549,5.887543252595155,1734
59484,5.853892821031345,1978
56806,5.844747899159664,4760
56613,5.841513047641849,4177
67236,5.841463414634147,1230
63361,5.832759807295251,1453
76816,5.822289664474794,5931
26901,5.8161499639509735,1387
53013,5.811002661934339,1127
13190,5.806500377928949,5292
4851,5.786073028369757,7367
59554,5.775550852732478,8033
14614,5.756043138713276,2689
12008,5.755064456721915,1086
76814,5.746130836259591,7689
59609,5.744133059922533,4389
20901,5.742010911925175,2566
66314,5.738948348068869,4298
55105,5.737826176289295,9734
4849,5.730769230769231,2132
59302,5.728298611111111,2304
59714,5.719650655021834,3435
69233,5.715407962863774,5601
63101,5.714755676803338,12463
68103,5.699563318777293,8015
51683,5.6946107784431135,1336
56629,5.688212927756654,3682
66302,5.673716012084592,3310
67234,5.668867177185107,3787
6526,5.6646234676007,4568
71428,5.662203913491246,1942
59388,5.6389220535561995,5863
76813,5.638129775935759,7721
69206,5.637618636755824,1159
55361,5.627959413754228,4435
15043,5.622029422859298,2651
56804,5.621359223300971,3296
74687,5.6174737381501405,3903
6525,5.616717193590299,4618
12667,5.612962962962963,540
68130,5.604363636363637,2750
71426,5.602544529262087,1965
59555,5.58111801242236,8050
76821,5.580459770114943,1914
66003,5.562299636674503,4679
67271,5.556077904633982,1489
55909,5.548221906116643,3515
16833,5.5419184290030215,2648
12462,5.539200809307031,1977
63106,5.535347721822542,10425
63040,5.516235780765253,4835
56607,5.483539094650205,6318
59124,5.463672768878719,6992
52949,5.438812785388128,4380
66063,5.437825332562174,1729
22490,5.41285030758715,1463
16116,5.394157088122605,4176
69130,5.390948745910578,3668
54406,5.3822222222222225,4500
59215,5.3720197930724245,2223
67279,5.37066974595843,2598
12461,5.370409792442789,1879
9722,5.337662337662338,4158
55323,5.334975369458128,2233
56218,5.326434062684802,3382
14605,5.324074074074074,540
55310,5.320828667413214,1786
64449,5.313643926788686,1202
12613,5.31,1200
12548,5.305227655986509,2965
66574,5.295070254822577,4199
26403,5.291280148423006,539
69129,5.285829307568438,3726
22448,5.2796875,1920
55750,5.276834445118253,3298
4779,5.268043576940536,4406
12039,5.267672007540057,3183
66315,5.255794529129255,4789
13114,5.249940033581194,4169
58308,5.24554234769688,2692
20893,5.2326266195524145,1698
53172,5.224333480630432,13578
74946,5.212393566698203,2114
56627,5.211088844355378,2994
76807,5.210401891252955,423
22227,5.208025830258302,2168
56619,5.199948731094591,3901
55130,5.180126849894291,2365
56001,5.177694308003467,3461
51709,5.160649221596556,3019
69176,5.148457401641664,7066
55359,5.14476362813843,4421
56717,5.136155447605829,7205
70102,5.128733264675592,1942
4802,5.1142191142191145,5148
66009,5.104584527220631,10470
74944,5.096339113680155,2076
75905,5.078564500484966,2062
74854,5.072675454221589,2807
53012,5.05578250457811,7099
65101,5.030309278350516,4850
74947,5.025468524747717,2081
18424,5.025050100200401,4990
55324,5.023660714285715,2240
56206,5.019755037534571,2531
6198,5.017495987158909,6230
69221,5.0059239006607426,4389
26902,4.9962852897474,1346
63010,4.979437071605658,6857
74031,4.978407557354926,741
56803,4.961998803111909,3342
61134,4.9580062794348505,2548
55358,4.951458523245214,4388
63108,4.939737092176117,12628
56608,4.932421560740145,6215
19736,4.9196584175670965,11476
56721,4.907596185465308,3041
74941,4.8915094339622645,2120
69246,4.888107791446983,3414
66067,4.871268656716418,1608
74651,4.860233516483516,2912
9530,4.829622458857696,1033
56202,4.815654881031799,4497
56316,4.813304721030043,932
12957,4.809484422387648,3627
59607,4.782279716865999,4097
68076,4.780035335689046,1132
55326,4.761261261261262,2220
76808,4.750980392156863,510
79438,4.743078859060403,4768
66005,4.7073326248671625,4705
59206,4.706770833333334,3840
74627,4.705936073059361,1095
6606,4.688741721854305,1510
76830,4.686182669789227,3416
55350,4.6736651583710405,5525
66561,4.619562205597118,3609
55353,4.610817701693681,5491
74654,4.604513888888889,2880
53483,4.59316037735849,848
56805,4.590747330960854,4777
55352,4.565130984643179,5535
53011,4.560785026349264,5503
79312,4.558874458874459,2310
69214,4.545790251107829,2708
63154,4.518817204301075,744
51867,4.4823076923076925,1300
74860,4.477642276422764,2952
55752,4.468249258160237,3370
63102,4.463850321706739,11812
53006,4.457784532252617,5922
55364,4.4559686888454015,3066
69101,4.451943067327683,6253
75904,4.448082319925164,2138
71442,4.445906432748538,3420
6197,4.44514157014157,6216
56734,4.387292380701292,3793
69102,4.384472626043922,6466
74945,4.3815728245695675,2149
53647,4.37782640408461,1371
25014,4.372143634385202,919
59715,4.37116473041406,3357
55125,4.3487603305785125,1815
17263,4.3472340425531915,1175
52260,4.32280701754386,855
74859,4.315789473684211,2907
55113,4.282705807275048,1567
66308,4.271081967213115,7625
52946,4.25124716553288,4410
56732,4.249548283477213,4981
4854,4.212139423076923,3328
26401,4.2046875,640
20988,4.1998546511627906,5504
55321,4.198358413132695,2193
26406,4.1877022653721685,309
9409,4.178260869565217,230
56736,4.1691078561917445,5257
16086,4.1477775639792185,5197
63159,4.133995037220844,806
56816,4.131192347113085,2927
56744,4.115741521849165,5927
51864,4.104150943396227,1325
69116,4.104054054054054,740
53056,4.078753421773005,4749
55124,4.069501226492232,2446
68018,4.058170914542728,3335
66558,4.054021121039805,2462
52263,4.052848575712144,5336
59119,4.040015641293014,7672
66024,4.02,1500
59604,4.0037807183364835,1058
51464,4.002460024600246,1626
4768,3.993183009963293,1907
55351,3.960859275441471,5493
11416,3.945525291828794,3855
53005,3.939300937766411,5865
66307,3.924478127908523,7521
56614,3.888335704125178,4218
74943,3.8812741312741315,2072
69202,3.8345864661654137,1197
69204,3.8334742180896026,1183
59117,3.8186495176848876,6220
56823,3.804026050917703,3378
53017,3.7738493390667305,6279
66619,3.7589796980739196,1921
58827,3.7502448579823704,3063
52259,3.7408256880733943,872
66516,3.7271261588069327,2481
31864,3.707179487179487,3900
74983,3.6840215439856374,4456
79437,3.6722443003555743,4781
61137,3.67088136853849,2689
66620,3.657142857142857,1960
57205,3.6248912097476067,1149
66002,3.6002584535860436,4643
58664,3.566106315311222,2201
68104,3.5259227095093357,11515
61131,3.517160686427457,2564
66301,3.516353725015142,3302
59353,3.491645005569996,2693
69123,3.486263068319961,4113
79442,3.4780701754385963,1368
56735,3.4635574018126887,5296
31770,3.4544188206160036,6461
53481,3.4516129032258065,775
61135,3.4496644295302015,2533
6852,3.388071262587142,2582
59602,3.38207787791192,5881
54390,3.379032258064516,744
74850,3.372027972027972,2860
76838,3.371287128712871,404
66065,3.369742990654206,1712
31861,3.3625678119349005,3318
56203,3.3514594162335065,5002
56708,3.337386018237082,3290
56832,3.3349736379613355,2845
52470,3.3223593964334706,729
59214,3.3194135939582408,2251
6594,3.3041798384264136,2847
56307,3.3037735849056604,6360
55349,3.292024091987589,5479
69136,3.2885124404446797,1889
58310,3.2868473231989426,1513
63151,3.2802547770700636,785
51108,3.233695652173913,368
68763,3.210710128055879,1718
66594,3.1842723004694835,852
79311,3.164647824136384,2229
56201,3.16403162055336,4554
56723,3.153555695405916,1589
26402,3.119672131147541,610
61111,3.114705882352941,680
54881,3.111489942038868,2933
53493,3.1013941698352343,789
962,3.0898876404494384,445
55354,3.076713819368879,5514
54386,3.0748663101604277,748
68199,3.0713842333954067,1611
66050,3.070545609548167,4692
69249,3.0393996247654784,533
56110,3.0392477514309078,1223
59205,3.0330914368650217,3445
63045,3.022172949002217,902
57206,2.984602224123182,1169
68110,2.9720252167060677,2538
66317,2.9620752427184467,3296
79441,2.9570422535211267,1420
26405,2.9394904458598727,314
76818,2.92475884244373,1555
66000,2.9219666215606677,4434
66615,2.9112190812720846,2264
56322,2.90748031496063,4064
55363,2.8997395833333335,3072
66573,2.890203813280736,1521
55126,2.8594716132658795,1779
56702,2.8558234992303744,1949
79447,2.851828890266584,1613
56725,2.8505263157894736,950
63177,2.8451530861782257,10223
66605,2.8413333333333335,2250
58665,2.836186950485886,2161
55306,2.828166519043401,1129
66611,2.8198279764599365,2209
17264,2.806392694063927,1095
66513,2.798975672215109,2343
56609,2.79390063944909,4066
59476,2.7653276955602535,1892
66007,2.74839708158302,4523
79451,2.740533829919305,1611
71409,2.7236580516898607,1509
961,2.7054108216432864,499
56004,2.6877201811776548,3974
79448,2.681619937694704,1605
56114,2.679195804195804,1144
53482,2.67704280155642,771
56611,2.6669119450576404,4077
77609,2.664189189189189,1480
53495,2.659297789336801,769
71403,2.646562905317769,1542
76817,2.6392487046632125,1544
79443,2.635959339263024,1574
54882,2.6201022146507666,2935
79453,2.617100371747212,1614
56113,2.6143497757847536,1115
66023,2.579407806191117,1486
74036,2.5575221238938055,2034
59120,2.5558293347166385,7711
69135,2.530765115034778,1869
61133,2.50388198757764,2576
78823,2.503715498938429,1884
52076,2.4964720974983963,1559
53055,2.4673460898502495,4808
51866,2.446069469835466,547
74652,2.4441767068273093,2490
53491,2.441138421733506,773
56728,2.42907995618839,3652
56142,2.4249138355489905,2031
79444,2.4160401002506267,1596
53484,2.398701298701299,770
56726,2.3975501113585747,898
69147,2.377004122766835,4366
56601,2.3591357247744913,4767
66612,2.357142857142857,2170
51865,2.352201257861635,318
55305,2.3131672597864767,1124
66614,2.2922893006575014,1673
59216,2.2760060744115416,2634
59118,2.2759509993552545,7755
4879,2.2733118971061095,2799
52955,2.2629491367242185,4286
79446,2.2228535353535355,1584
63160,2.2111111111111112,720
66617,2.192537313432836,2010
79454,2.177917981072555,1585
52075,2.1757977122215535,1661
66593,2.136125654450262,764
58666,2.1296896711440483,2159
69208,2.111604938271605,4050
67783,2.1059701492537313,670
6851,2.1027820710973724,2588
79445,2.1,1640
66325,2.096322241681261,571
59301,2.0945701357466064,2210
74656,2.0912350597609564,2510
56143,2.0546365914786966,1995
74852,2.0453586497890295,2844
53487,2.0445859872611467,785
66618,2.0303030303030303,1914
68109,2.0246963562753035,2470
52264,2.010722347629797,5316
55357,2.0040983606557377,4392
37386,1.9757281553398058,206
4880,1.9371047083626143,2846
58663,1.9274755927475593,2151
56137,1.9198331788693235,2158
56138,1.9060745278203164,1959
63161,1.8388746803069054,782
53486,1.8375165125495376,757
56139,1.8038325769036814,1983
63176,1.7684021543985637,12811
4769,1.7240837696335078,1910
66066,1.7112551561579257,1697
63165,1.698136645962733,805
52003,1.6801992528019924,4015
53489,1.6702127659574468,752
74033,1.6286127167630058,2076
53488,1.628238341968912,772
56136,1.6182933060807358,1957
63163,1.5765306122448979,784
66557,1.5177642980935875,2308
56762,1.5,118
56724,1.4966261808367072,1482
66064,1.4472748815165877,1688
76831,1.4455445544554455,303
56141,1.4269662921348314,1958
63167,1.4175824175824177,455
55128,1.4061004784688995,1672
63166,1.392338177014531,757
56209,1.3757342515697792,4937
59603,1.3327321911632102,1109
69145,1.3283341024457775,4334
63162,1.327653997378768,763
71417,1.3181818181818181,990
74812,1.315629742033384,659
74811,1.2853881278538812,438
56612,1.2580326248146316,4046
63168,1.2029850746268658,335
56109,1.1719745222929936,1099
53492,1.1549668874172185,755
77611,1.1344195519348268,1473
66613,1.104405552202776,1657
76829,1.0808402291534054,1571
69219,1.0733485193621868,4390
53490,1.0666666666666667,765
53496,1.037037037037037,783
56630,1.0146182999458582,3694
56140,1.0077519379844961,1935
53485,1.0026631158455392,751
51862,0.9708404802744426,583
77607,0.9653532608695652,1472
69227,0.9608289683443407,4391
69134,0.944206008583691,1864
79452,0.9269206745783886,1601
63164,0.9085948158253752,733
69250,0.8867562380038387,521
69225,0.8145197997269004,4394
74802,0.7961783439490446,628
69133,0.7945945945945946,1850
74801,0.7314148681055156,417
74846,0.7247502774694784,901
52002,0.7194818136522172,4014
69228,0.7055492638731596,4415
69220,0.6949841843651152,4426
53494,0.688,750
69217,0.564604185623294,4396
77610,0.5481682496607869,1474
69222,0.5207530052166024,4409
69216,0.5151515151515151,4422
51861,0.49523809523809526,315
69230,0.4824761037778789,4394
56761,0.47643979057591623,191
69223,0.4578395624430264,4388
69229,0.424373576309795,4390
52004,0.37833125778331256,4015
69215,0.3600364132908512,4394
74954,0.31995277449822906,3388
76828,0.3156549520766773,1565
66518,0.31369924141008476,2241
69226,0.3044070876874148,4402
69218,0.2633371169125993,4405
77608,0.24329896907216494,1455
74845,0.2416555407209613,749
52001,0.1930261519302615,4015
77612,0.18909825033647376,1486
64586,0.13043478260869565,506
69224,0.12232833105957254,4398
64431,0.0634469696969697,1056
6535,0.007407407407407408,1485
52541,0.0006906077348066298,4344
52591,0.0,730
52590,0.0,730
52544,0.0,730
52462,0.0,4930
52461,0.0,4998
52592,0.0,282
52155,0.0,730
52154,0.0,730
52153,0.0,730
52106,0.0,1805
52105,0.0,1805
52446,0.0,5523
52471,0.0,4720
52445,0.0,5514
52539,0.0,1284
52540,0.0,4342
52156,0.0,730
20948,0.0,970
52161,0.0,730
52162,0.0,730
52163,0.0,730
52164,0.0,730
13130,0.0,110
13129,0.0,110
52538,0.0,1284
20949,0.0,975
20928,0.0,2509
20927,0.0,2483
56709,0.0,390
52464,0.0,7857
52157,0.0,730
52158,0.0,730
52160,0.0,730
52159,0.0,730
13110,0.0,112
52103,0.0,1805
52104,0.0,1805
74951,0.0,3192
64095,0.0,2682
13132,0.0,110
6536,0.0,1503
6537,0.0,1503
6532,0.0,1328
6538,0.0,1494
8881,0.0,224
13109,0.0,110
8882,0.0,210
55665,0.0,1950
55666,0.0,1940
52594,0.0,730
52596,0.0,730
52597,0.0,730
52598,0.0,730
52599,0.0,730
